"tipo","periodo_meta","tramo","avance_band","dia","saldo","creditos"
"base","202501","a. 1-8","a. avance <10%","-1","252123.2","116"
"act","202501","a. 1-8","a. avance <10%","1","1245.74","3"
"act","202501","a. 1-8","a. avance <10%","2","11876.56","29"
"act","202501","a. 1-8","a. avance <10%","3","3942.53","17"
"act","202501","a. 1-8","a. avance <10%","4","5137.73","7"
"act","202501","a. 1-8","a. avance <10%","6","1081.89","5"
"act","202501","a. 1-8","a. avance <10%","7","1085.25","4"
"act","202501","a. 1-8","a. avance <10%","8","235.17","1"
"act","202501","a. 1-8","a. avance <10%","9","833.99","2"
"act","202501","a. 1-8","a. avance <10%","10","984.5","4"
"act","202501","a. 1-8","a. avance <10%","11","133.34","1"
"act","202501","a. 1-8","a. avance <10%","14","472.29","2"
"act","202501","a. 1-8","a. avance <10%","15","586.98","2"
"act","202501","a. 1-8","a. avance <10%","16","182.65","1"
"act","202501","a. 1-8","a. avance <10%","17","1273.6","1"
"act","202501","a. 1-8","a. avance <10%","20","235.18","2"
"act","202501","a. 1-8","a. avance <10%","21","2198.05","2"
"act","202501","a. 1-8","a. avance <10%","22","579.26","2"
"act","202501","a. 1-8","a. avance <10%","23","507.23","2"
"act","202501","a. 1-8","a. avance <10%","24","88.44","1"
"act","202501","a. 1-8","a. avance <10%","25","249.79","1"
"act","202501","a. 1-8","a. avance <10%","27","160.31","1"
"act","202501","a. 1-8","a. avance <10%","28","14600.83","3"
"act","202501","a. 1-8","a. avance <10%","29","1307.46","2"
"act","202501","a. 1-8","a. avance <10%","30","3228.1","11"
"act","202501","a. 1-8","a. avance <10%","31","1514.95","11"
"base","202501","a. 1-8","b. avance 10-40%","-1","317159.15","216"
"act","202501","a. 1-8","b. avance 10-40%","1","1720.87","10"
"act","202501","a. 1-8","b. avance 10-40%","2","7198.88","34"
"act","202501","a. 1-8","b. avance 10-40%","3","6670.2","26"
"act","202501","a. 1-8","b. avance 10-40%","4","1337.53","8"
"act","202501","a. 1-8","b. avance 10-40%","5","1235.64","5"
"act","202501","a. 1-8","b. avance 10-40%","6","1974.31","8"
"act","202501","a. 1-8","b. avance 10-40%","7","901.71","5"
"act","202501","a. 1-8","b. avance 10-40%","8","76.67","1"
"act","202501","a. 1-8","b. avance 10-40%","9","179.04","1"
"act","202501","a. 1-8","b. avance 10-40%","10","1864.58","7"
"act","202501","a. 1-8","b. avance 10-40%","11","463.67","2"
"act","202501","a. 1-8","b. avance 10-40%","12","256.02","1"
"act","202501","a. 1-8","b. avance 10-40%","13","607.95","3"
"act","202501","a. 1-8","b. avance 10-40%","15","331.04","2"
"act","202501","a. 1-8","b. avance 10-40%","16","664.63","2"
"act","202501","a. 1-8","b. avance 10-40%","18","941.04","2"
"act","202501","a. 1-8","b. avance 10-40%","19","161.38","1"
"act","202501","a. 1-8","b. avance 10-40%","20","1013.45","5"
"act","202501","a. 1-8","b. avance 10-40%","21","325.96","2"
"act","202501","a. 1-8","b. avance 10-40%","22","496.41","2"
"act","202501","a. 1-8","b. avance 10-40%","23","312.71","2"
"act","202501","a. 1-8","b. avance 10-40%","24","1276.37","7"
"act","202501","a. 1-8","b. avance 10-40%","25","1447.57","7"
"act","202501","a. 1-8","b. avance 10-40%","26","622.22","2"
"act","202501","a. 1-8","b. avance 10-40%","27","3056.68","8"
"act","202501","a. 1-8","b. avance 10-40%","28","2524.38","9"
"act","202501","a. 1-8","b. avance 10-40%","29","3188.89","14"
"act","202501","a. 1-8","b. avance 10-40%","30","6671.05","31"
"act","202501","a. 1-8","b. avance 10-40%","31","6640.76","28"
"base","202501","a. 1-8","c. avance 40-70%","-1","112348.32","154"
"act","202501","a. 1-8","c. avance 40-70%","1","1505.11","5"
"act","202501","a. 1-8","c. avance 40-70%","2","6092.15","27"
"act","202501","a. 1-8","c. avance 40-70%","3","5493.16","20"
"act","202501","a. 1-8","c. avance 40-70%","4","2885.39","7"
"act","202501","a. 1-8","c. avance 40-70%","5","176.55","1"
"act","202501","a. 1-8","c. avance 40-70%","6","3071.29","13"
"act","202501","a. 1-8","c. avance 40-70%","7","2044.55","7"
"act","202501","a. 1-8","c. avance 40-70%","8","1470.7","2"
"act","202501","a. 1-8","c. avance 40-70%","9","1106.47","3"
"act","202501","a. 1-8","c. avance 40-70%","10","1021.02","2"
"act","202501","a. 1-8","c. avance 40-70%","11","447.71","2"
"act","202501","a. 1-8","c. avance 40-70%","13","324.72","1"
"act","202501","a. 1-8","c. avance 40-70%","15","536.41","1"
"act","202501","a. 1-8","c. avance 40-70%","16","798.43","2"
"act","202501","a. 1-8","c. avance 40-70%","17","252.07","1"
"act","202501","a. 1-8","c. avance 40-70%","19","159.6","1"
"act","202501","a. 1-8","c. avance 40-70%","20","478.72","1"
"act","202501","a. 1-8","c. avance 40-70%","21","555.6","2"
"act","202501","a. 1-8","c. avance 40-70%","22","859.26","2"
"act","202501","a. 1-8","c. avance 40-70%","23","517.04","3"
"act","202501","a. 1-8","c. avance 40-70%","24","155.8","1"
"act","202501","a. 1-8","c. avance 40-70%","25","508.53","1"
"act","202501","a. 1-8","c. avance 40-70%","27","2817.61","5"
"act","202501","a. 1-8","c. avance 40-70%","28","1245.47","5"
"act","202501","a. 1-8","c. avance 40-70%","29","1475.02","4"
"act","202501","a. 1-8","c. avance 40-70%","30","6129.65","23"
"act","202501","a. 1-8","c. avance 40-70%","31","3781.11","18"
"base","202501","a. 1-8","d. avance 70%+","-1","18127.4","60"
"act","202501","a. 1-8","d. avance 70%+","1","257.75","1"
"act","202501","a. 1-8","d. avance 70%+","2","1944.48","9"
"act","202501","a. 1-8","d. avance 70%+","3","1378.58","6"
"act","202501","a. 1-8","d. avance 70%+","4","428.89","2"
"act","202501","a. 1-8","d. avance 70%+","5","206.1","2"
"act","202501","a. 1-8","d. avance 70%+","6","2162.13","4"
"act","202501","a. 1-8","d. avance 70%+","7","244.28","1"
"act","202501","a. 1-8","d. avance 70%+","8","316.64","2"
"act","202501","a. 1-8","d. avance 70%+","10","366.9","2"
"act","202501","a. 1-8","d. avance 70%+","13","417.74","2"
"act","202501","a. 1-8","d. avance 70%+","14","174.42","1"
"act","202501","a. 1-8","d. avance 70%+","19","199.32","1"
"act","202501","a. 1-8","d. avance 70%+","20","146.58","1"
"act","202501","a. 1-8","d. avance 70%+","21","844.59","3"
"act","202501","a. 1-8","d. avance 70%+","22","281.13","1"
"act","202501","a. 1-8","d. avance 70%+","24","269.34","1"
"act","202501","a. 1-8","d. avance 70%+","28","331.36","1"
"act","202501","a. 1-8","d. avance 70%+","29","652.98","3"
"act","202501","a. 1-8","d. avance 70%+","30","1455.33","5"
"act","202501","a. 1-8","d. avance 70%+","31","657.66","3"
"base","202501","b. 9-15","a. avance <10%","-1","33498.33","21"
"act","202501","b. 9-15","a. avance <10%","2","3360.47","5"
"act","202501","b. 9-15","a. avance <10%","3","2815.78","3"
"act","202501","b. 9-15","a. avance <10%","6","1385.18","2"
"act","202501","b. 9-15","a. avance <10%","7","521.67","1"
"act","202501","b. 9-15","a. avance <10%","9","311.39","1"
"act","202501","b. 9-15","a. avance <10%","11","94.5","1"
"act","202501","b. 9-15","a. avance <10%","14","339.28","1"
"act","202501","b. 9-15","a. avance <10%","17","165.03","1"
"act","202501","b. 9-15","a. avance <10%","18","544.4","1"
"act","202501","b. 9-15","a. avance <10%","20","203.81","1"
"act","202501","b. 9-15","a. avance <10%","21","352.43","1"
"act","202501","b. 9-15","a. avance <10%","23","346.92","1"
"act","202501","b. 9-15","a. avance <10%","28","101.13","1"
"act","202501","b. 9-15","a. avance <10%","29","136.66","1"
"act","202501","b. 9-15","a. avance <10%","31","379.97","2"
"base","202501","b. 9-15","b. avance 10-40%","-1","18889.83","13"
"act","202501","b. 9-15","b. avance 10-40%","2","240.77","1"
"act","202501","b. 9-15","b. avance 10-40%","3","452.67","1"
"act","202501","b. 9-15","b. avance 10-40%","6","271.97","2"
"act","202501","b. 9-15","b. avance 10-40%","9","550.19","1"
"act","202501","b. 9-15","b. avance 10-40%","10","83.72","1"
"act","202501","b. 9-15","b. avance 10-40%","11","135.46","1"
"act","202501","b. 9-15","b. avance 10-40%","17","241.23","1"
"act","202501","b. 9-15","b. avance 10-40%","20","565.55","1"
"act","202501","b. 9-15","b. avance 10-40%","22","139.86","1"
"act","202501","b. 9-15","b. avance 10-40%","23","415.36","1"
"act","202501","b. 9-15","b. avance 10-40%","25","252.56","1"
"act","202501","b. 9-15","b. avance 10-40%","29","2186.89","1"
"act","202501","b. 9-15","b. avance 10-40%","30","184.97","1"
"base","202501","b. 9-15","c. avance 40-70%","-1","12211.15","21"
"act","202501","b. 9-15","c. avance 40-70%","2","478.49","3"
"act","202501","b. 9-15","c. avance 40-70%","3","122.64","1"
"act","202501","b. 9-15","c. avance 40-70%","4","286.38","1"
"act","202501","b. 9-15","c. avance 40-70%","6","308.11","2"
"act","202501","b. 9-15","c. avance 40-70%","7","258.93","1"
"act","202501","b. 9-15","c. avance 40-70%","9","193.12","1"
"act","202501","b. 9-15","c. avance 40-70%","10","170.78","1"
"act","202501","b. 9-15","c. avance 40-70%","21","461.64","2"
"act","202501","b. 9-15","c. avance 40-70%","22","726.23","1"
"act","202501","b. 9-15","c. avance 40-70%","27","225.31","1"
"act","202501","b. 9-15","c. avance 40-70%","30","1165.47","1"
"act","202501","b. 9-15","c. avance 40-70%","31","613.18","1"
"base","202501","b. 9-15","d. avance 70%+","-1","1506.94","5"
"act","202501","b. 9-15","d. avance 70%+","2","581.36","1"
"act","202501","b. 9-15","d. avance 70%+","5","133.06","1"
"act","202501","b. 9-15","d. avance 70%+","10","572.68","2"
"base","202501","c. 16-30","a. avance <10%","-1","20859.8","16"
"act","202501","c. 16-30","a. avance <10%","2","107.39","1"
"act","202501","c. 16-30","a. avance <10%","3","466.86","2"
"act","202501","c. 16-30","a. avance <10%","4","1478.18","2"
"act","202501","c. 16-30","a. avance <10%","14","1629.72","2"
"act","202501","c. 16-30","a. avance <10%","24","687.17","1"
"base","202501","c. 16-30","b. avance 10-40%","-1","21873.17","19"
"act","202501","c. 16-30","b. avance 10-40%","2","274.39","1"
"act","202501","c. 16-30","b. avance 10-40%","4","237.52","1"
"act","202501","c. 16-30","b. avance 10-40%","6","259.89","1"
"act","202501","c. 16-30","b. avance 10-40%","7","279.62","1"
"act","202501","c. 16-30","b. avance 10-40%","9","148.08","1"
"act","202501","c. 16-30","b. avance 10-40%","10","340.52","1"
"act","202501","c. 16-30","b. avance 10-40%","11","278.91","1"
"act","202501","c. 16-30","b. avance 10-40%","14","152.11","1"
"act","202501","c. 16-30","b. avance 10-40%","17","224.39","1"
"act","202501","c. 16-30","b. avance 10-40%","25","168.46","1"
"act","202501","c. 16-30","b. avance 10-40%","28","709.13","1"
"act","202501","c. 16-30","b. avance 10-40%","31","146.2","1"
"base","202501","c. 16-30","c. avance 40-70%","-1","1179.1","5"
"act","202501","c. 16-30","c. avance 40-70%","2","417.81","2"
"act","202501","c. 16-30","c. avance 40-70%","4","159.09","1"
"act","202501","c. 16-30","c. avance 40-70%","6","103.87","1"
"act","202501","c. 16-30","c. avance 40-70%","7","174.59","1"
"act","202501","c. 16-30","c. avance 40-70%","15","107.03","1"
"act","202501","c. 16-30","c. avance 40-70%","31","108.97","1"
"base","202501","c. 16-30","d. avance 70%+","-1","972.89","1"
"act","202501","c. 16-30","d. avance 70%+","15","637.12","1"
"base","202502","a. 1-8","a. avance <10%","-1","477465.41","207"
"act","202502","a. 1-8","a. avance <10%","1","7156.53","34"
"act","202502","a. 1-8","a. avance <10%","2","2453.09","12"
"act","202502","a. 1-8","a. avance <10%","3","6648.99","33"
"act","202502","a. 1-8","a. avance <10%","4","6245.37","18"
"act","202502","a. 1-8","a. avance <10%","5","3235.4","12"
"act","202502","a. 1-8","a. avance <10%","6","1439.65","4"
"act","202502","a. 1-8","a. avance <10%","7","634.51","2"
"act","202502","a. 1-8","a. avance <10%","8","1239.8","4"
"act","202502","a. 1-8","a. avance <10%","9","607.94","2"
"act","202502","a. 1-8","a. avance <10%","10","724.79","3"
"act","202502","a. 1-8","a. avance <10%","11","5122.88","4"
"act","202502","a. 1-8","a. avance <10%","13","1210.55","4"
"act","202502","a. 1-8","a. avance <10%","14","798.87","4"
"act","202502","a. 1-8","a. avance <10%","16","137.24","1"
"act","202502","a. 1-8","a. avance <10%","17","212.7","2"
"act","202502","a. 1-8","a. avance <10%","18","768.25","4"
"act","202502","a. 1-8","a. avance <10%","19","707.27","3"
"act","202502","a. 1-8","a. avance <10%","20","236.14","2"
"act","202502","a. 1-8","a. avance <10%","22","254.99","2"
"act","202502","a. 1-8","a. avance <10%","23","189.69","1"
"act","202502","a. 1-8","a. avance <10%","24","101.63","1"
"act","202502","a. 1-8","a. avance <10%","25","1808.64","5"
"act","202502","a. 1-8","a. avance <10%","26","2664.6","6"
"act","202502","a. 1-8","a. avance <10%","27","4057.82","12"
"act","202502","a. 1-8","a. avance <10%","28","7358.04","31"
"base","202502","a. 1-8","b. avance 10-40%","-1","319769.82","238"
"act","202502","a. 1-8","b. avance 10-40%","1","6470.62","28"
"act","202502","a. 1-8","b. avance 10-40%","2","1240.79","7"
"act","202502","a. 1-8","b. avance 10-40%","3","10029.46","37"
"act","202502","a. 1-8","b. avance 10-40%","4","3571.22","18"
"act","202502","a. 1-8","b. avance 10-40%","5","2632.73","13"
"act","202502","a. 1-8","b. avance 10-40%","6","2040.7","7"
"act","202502","a. 1-8","b. avance 10-40%","7","2116.54","10"
"act","202502","a. 1-8","b. avance 10-40%","8","1178.79","4"
"act","202502","a. 1-8","b. avance 10-40%","10","217.7","1"
"act","202502","a. 1-8","b. avance 10-40%","11","320.34","2"
"act","202502","a. 1-8","b. avance 10-40%","12","465.84","2"
"act","202502","a. 1-8","b. avance 10-40%","14","208.96","1"
"act","202502","a. 1-8","b. avance 10-40%","15","392.79","2"
"act","202502","a. 1-8","b. avance 10-40%","17","305.58","1"
"act","202502","a. 1-8","b. avance 10-40%","18","567.79","3"
"act","202502","a. 1-8","b. avance 10-40%","19","850.59","2"
"act","202502","a. 1-8","b. avance 10-40%","20","712.85","2"
"act","202502","a. 1-8","b. avance 10-40%","21","228.75","1"
"act","202502","a. 1-8","b. avance 10-40%","22","452.78","2"
"act","202502","a. 1-8","b. avance 10-40%","23","170.75","1"
"act","202502","a. 1-8","b. avance 10-40%","24","2726.7","5"
"act","202502","a. 1-8","b. avance 10-40%","25","3187.62","9"
"act","202502","a. 1-8","b. avance 10-40%","26","2457.73","11"
"act","202502","a. 1-8","b. avance 10-40%","27","3228.5","9"
"act","202502","a. 1-8","b. avance 10-40%","28","8764.57","36"
"base","202502","a. 1-8","c. avance 40-70%","-1","115188.42","165"
"act","202502","a. 1-8","c. avance 40-70%","1","4564.45","23"
"act","202502","a. 1-8","c. avance 40-70%","2","836.77","5"
"act","202502","a. 1-8","c. avance 40-70%","3","3952.07","21"
"act","202502","a. 1-8","c. avance 40-70%","4","973.92","6"
"act","202502","a. 1-8","c. avance 40-70%","5","1216.54","5"
"act","202502","a. 1-8","c. avance 40-70%","6","1398.1","5"
"act","202502","a. 1-8","c. avance 40-70%","7","1284.92","2"
"act","202502","a. 1-8","c. avance 40-70%","10","926.84","4"
"act","202502","a. 1-8","c. avance 40-70%","11","85.83","1"
"act","202502","a. 1-8","c. avance 40-70%","12","185.76","1"
"act","202502","a. 1-8","c. avance 40-70%","13","1081.68","1"
"act","202502","a. 1-8","c. avance 40-70%","14","870.8","3"
"act","202502","a. 1-8","c. avance 40-70%","15","435.9","1"
"act","202502","a. 1-8","c. avance 40-70%","17","522.44","2"
"act","202502","a. 1-8","c. avance 40-70%","18","383.38","2"
"act","202502","a. 1-8","c. avance 40-70%","19","115.65","1"
"act","202502","a. 1-8","c. avance 40-70%","21","917.5","4"
"act","202502","a. 1-8","c. avance 40-70%","22","336.1","1"
"act","202502","a. 1-8","c. avance 40-70%","23","101.98","1"
"act","202502","a. 1-8","c. avance 40-70%","24","1312.63","4"
"act","202502","a. 1-8","c. avance 40-70%","25","651.81","3"
"act","202502","a. 1-8","c. avance 40-70%","26","745.51","5"
"act","202502","a. 1-8","c. avance 40-70%","27","2296.03","11"
"act","202502","a. 1-8","c. avance 40-70%","28","4446.96","22"
"base","202502","a. 1-8","d. avance 70%+","-1","28190.9","64"
"act","202502","a. 1-8","d. avance 70%+","1","1953.75","9"
"act","202502","a. 1-8","d. avance 70%+","2","1727.38","7"
"act","202502","a. 1-8","d. avance 70%+","3","2701.56","10"
"act","202502","a. 1-8","d. avance 70%+","4","1333.3","5"
"act","202502","a. 1-8","d. avance 70%+","5","1029.67","2"
"act","202502","a. 1-8","d. avance 70%+","6","985.09","3"
"act","202502","a. 1-8","d. avance 70%+","8","265.34","1"
"act","202502","a. 1-8","d. avance 70%+","11","140.53","1"
"act","202502","a. 1-8","d. avance 70%+","12","461.87","1"
"act","202502","a. 1-8","d. avance 70%+","13","1101.3","1"
"act","202502","a. 1-8","d. avance 70%+","14","651.71","2"
"act","202502","a. 1-8","d. avance 70%+","17","471.48","2"
"act","202502","a. 1-8","d. avance 70%+","22","154.14","1"
"act","202502","a. 1-8","d. avance 70%+","24","1159.39","1"
"act","202502","a. 1-8","d. avance 70%+","25","1983.51","3"
"act","202502","a. 1-8","d. avance 70%+","26","559.45","1"
"act","202502","a. 1-8","d. avance 70%+","27","274.48","1"
"act","202502","a. 1-8","d. avance 70%+","28","1076.76","5"
"base","202502","b. 9-15","a. avance <10%","-1","61962.7","28"
"act","202502","b. 9-15","a. avance <10%","1","517.88","3"
"act","202502","b. 9-15","a. avance <10%","2","356.57","2"
"act","202502","b. 9-15","a. avance <10%","3","121.26","1"
"act","202502","b. 9-15","a. avance <10%","4","469.7","2"
"act","202502","b. 9-15","a. avance <10%","5","274.59","1"
"act","202502","b. 9-15","a. avance <10%","6","390.56","1"
"act","202502","b. 9-15","a. avance <10%","10","413.66","1"
"act","202502","b. 9-15","a. avance <10%","12","223.38","1"
"act","202502","b. 9-15","a. avance <10%","13","151.76","1"
"act","202502","b. 9-15","a. avance <10%","18","399.94","2"
"act","202502","b. 9-15","a. avance <10%","20","127.73","1"
"act","202502","b. 9-15","a. avance <10%","22","255.95","2"
"act","202502","b. 9-15","a. avance <10%","25","386.7","3"
"act","202502","b. 9-15","a. avance <10%","27","167.57","1"
"base","202502","b. 9-15","b. avance 10-40%","-1","29014.74","19"
"act","202502","b. 9-15","b. avance 10-40%","3","568.23","1"
"act","202502","b. 9-15","b. avance 10-40%","6","93.82","1"
"act","202502","b. 9-15","b. avance 10-40%","8","1769.33","2"
"act","202502","b. 9-15","b. avance 10-40%","10","190.86","1"
"act","202502","b. 9-15","b. avance 10-40%","12","319.61","1"
"act","202502","b. 9-15","b. avance 10-40%","21","160.51","1"
"act","202502","b. 9-15","b. avance 10-40%","22","1292.05","3"
"act","202502","b. 9-15","b. avance 10-40%","24","178.39","1"
"act","202502","b. 9-15","b. avance 10-40%","25","573.93","1"
"act","202502","b. 9-15","b. avance 10-40%","28","334.66","1"
"base","202502","b. 9-15","c. avance 40-70%","-1","15027.91","18"
"act","202502","b. 9-15","c. avance 40-70%","1","110.56","1"
"act","202502","b. 9-15","c. avance 40-70%","3","133.9","1"
"act","202502","b. 9-15","c. avance 40-70%","4","958.89","3"
"act","202502","b. 9-15","c. avance 40-70%","5","1370.39","1"
"act","202502","b. 9-15","c. avance 40-70%","12","102.55","1"
"act","202502","b. 9-15","c. avance 40-70%","13","132.58","1"
"act","202502","b. 9-15","c. avance 40-70%","16","126.13","1"
"act","202502","b. 9-15","c. avance 40-70%","17","248.18","1"
"act","202502","b. 9-15","c. avance 40-70%","18","272.24","1"
"act","202502","b. 9-15","c. avance 40-70%","21","168.49","1"
"act","202502","b. 9-15","c. avance 40-70%","23","274.52","1"
"act","202502","b. 9-15","c. avance 40-70%","26","265.75","1"
"act","202502","b. 9-15","c. avance 40-70%","28","110.9","1"
"base","202502","b. 9-15","d. avance 70%+","-1","113.21","1"
"act","202502","b. 9-15","d. avance 70%+","3","113.21","1"
"base","202502","c. 16-30","a. avance <10%","-1","124242.85","43"
"act","202502","c. 16-30","a. avance <10%","1","582.7","3"
"act","202502","c. 16-30","a. avance <10%","3","376.11","2"
"act","202502","c. 16-30","a. avance <10%","7","461.62","1"
"act","202502","c. 16-30","a. avance <10%","9","215.16","1"
"act","202502","c. 16-30","a. avance <10%","12","503.41","2"
"act","202502","c. 16-30","a. avance <10%","13","1236.6","1"
"act","202502","c. 16-30","a. avance <10%","18","151.43","1"
"act","202502","c. 16-30","a. avance <10%","21","1085.47","1"
"base","202502","c. 16-30","b. avance 10-40%","-1","56068.84","28"
"act","202502","c. 16-30","b. avance 10-40%","3","320.04","1"
"act","202502","c. 16-30","b. avance 10-40%","5","1298.82","4"
"act","202502","c. 16-30","b. avance 10-40%","6","278.25","1"
"act","202502","c. 16-30","b. avance 10-40%","7","697.74","2"
"act","202502","c. 16-30","b. avance 10-40%","8","1155.16","1"
"act","202502","c. 16-30","b. avance 10-40%","10","189.56","1"
"act","202502","c. 16-30","b. avance 10-40%","11","68.66","1"
"act","202502","c. 16-30","b. avance 10-40%","13","519.89","1"
"act","202502","c. 16-30","b. avance 10-40%","15","167.38","1"
"act","202502","c. 16-30","b. avance 10-40%","16","801.75","2"
"act","202502","c. 16-30","b. avance 10-40%","18","262.77","1"
"act","202502","c. 16-30","b. avance 10-40%","21","525.39","1"
"act","202502","c. 16-30","b. avance 10-40%","23","71.45","1"
"act","202502","c. 16-30","b. avance 10-40%","26","1036.82","1"
"act","202502","c. 16-30","b. avance 10-40%","28","192.23","1"
"base","202502","c. 16-30","c. avance 40-70%","-1","12519.3","18"
"act","202502","c. 16-30","c. avance 40-70%","3","641.36","4"
"act","202502","c. 16-30","c. avance 40-70%","4","155.0","1"
"act","202502","c. 16-30","c. avance 40-70%","6","358.8","2"
"act","202502","c. 16-30","c. avance 40-70%","7","951.71","1"
"act","202502","c. 16-30","c. avance 40-70%","8","111.48","1"
"act","202502","c. 16-30","c. avance 40-70%","10","113.08","1"
"act","202502","c. 16-30","c. avance 40-70%","26","122.65","1"
"base","202502","c. 16-30","d. avance 70%+","-1","1609.62","5"
"act","202502","c. 16-30","d. avance 70%+","2","299.95","1"
"act","202502","c. 16-30","d. avance 70%+","3","311.33","1"
"base","202503","a. 1-8","a. avance <10%","-1","188198.71","88"
"act","202503","a. 1-8","a. avance <10%","1","2772.23","11"
"act","202503","a. 1-8","a. avance <10%","2","543.89","5"
"act","202503","a. 1-8","a. avance <10%","3","2288.91","13"
"act","202503","a. 1-8","a. avance <10%","4","1156.47","6"
"act","202503","a. 1-8","a. avance <10%","5","2467.51","5"
"act","202503","a. 1-8","a. avance <10%","6","379.71","3"
"act","202503","a. 1-8","a. avance <10%","7","378.22","2"
"act","202503","a. 1-8","a. avance <10%","8","511.27","1"
"act","202503","a. 1-8","a. avance <10%","10","1107.68","4"
"act","202503","a. 1-8","a. avance <10%","13","165.0","2"
"act","202503","a. 1-8","a. avance <10%","14","638.84","1"
"act","202503","a. 1-8","a. avance <10%","16","139.31","1"
"act","202503","a. 1-8","a. avance <10%","17","124.38","1"
"act","202503","a. 1-8","a. avance <10%","18","171.83","1"
"act","202503","a. 1-8","a. avance <10%","20","396.09","2"
"act","202503","a. 1-8","a. avance <10%","21","715.42","3"
"act","202503","a. 1-8","a. avance <10%","22","73.24","1"
"act","202503","a. 1-8","a. avance <10%","24","450.55","2"
"act","202503","a. 1-8","a. avance <10%","25","835.99","2"
"act","202503","a. 1-8","a. avance <10%","26","1880.32","7"
"act","202503","a. 1-8","a. avance <10%","27","347.03","1"
"act","202503","a. 1-8","a. avance <10%","28","1329.91","10"
"act","202503","a. 1-8","a. avance <10%","29","432.5","4"
"act","202503","a. 1-8","a. avance <10%","30","425.85","2"
"act","202503","a. 1-8","a. avance <10%","31","3469.84","4"
"base","202503","a. 1-8","b. avance 10-40%","-1","208547.15","132"
"act","202503","a. 1-8","b. avance 10-40%","1","7915.59","17"
"act","202503","a. 1-8","b. avance 10-40%","2","3400.02","5"
"act","202503","a. 1-8","b. avance 10-40%","3","2506.15","10"
"act","202503","a. 1-8","b. avance 10-40%","4","4064.73","14"
"act","202503","a. 1-8","b. avance 10-40%","5","2599.04","7"
"act","202503","a. 1-8","b. avance 10-40%","6","1972.8","7"
"act","202503","a. 1-8","b. avance 10-40%","7","593.32","2"
"act","202503","a. 1-8","b. avance 10-40%","8","755.5","2"
"act","202503","a. 1-8","b. avance 10-40%","9","269.91","1"
"act","202503","a. 1-8","b. avance 10-40%","10","1545.28","5"
"act","202503","a. 1-8","b. avance 10-40%","12","356.11","2"
"act","202503","a. 1-8","b. avance 10-40%","14","346.37","3"
"act","202503","a. 1-8","b. avance 10-40%","16","448.46","1"
"act","202503","a. 1-8","b. avance 10-40%","17","601.75","1"
"act","202503","a. 1-8","b. avance 10-40%","18","1365.86","2"
"act","202503","a. 1-8","b. avance 10-40%","19","744.94","4"
"act","202503","a. 1-8","b. avance 10-40%","20","200.79","1"
"act","202503","a. 1-8","b. avance 10-40%","21","1647.84","5"
"act","202503","a. 1-8","b. avance 10-40%","22","1522.06","3"
"act","202503","a. 1-8","b. avance 10-40%","23","88.81","1"
"act","202503","a. 1-8","b. avance 10-40%","24","1624.54","6"
"act","202503","a. 1-8","b. avance 10-40%","25","1769.01","7"
"act","202503","a. 1-8","b. avance 10-40%","26","1792.06","4"
"act","202503","a. 1-8","b. avance 10-40%","27","3696.71","10"
"act","202503","a. 1-8","b. avance 10-40%","28","2327.32","6"
"act","202503","a. 1-8","b. avance 10-40%","29","3148.75","13"
"act","202503","a. 1-8","b. avance 10-40%","30","3196.55","6"
"act","202503","a. 1-8","b. avance 10-40%","31","2029.84","9"
"base","202503","a. 1-8","c. avance 40-70%","-1","72312.21","118"
"act","202503","a. 1-8","c. avance 40-70%","1","4116.87","15"
"act","202503","a. 1-8","c. avance 40-70%","2","723.87","4"
"act","202503","a. 1-8","c. avance 40-70%","3","3852.01","10"
"act","202503","a. 1-8","c. avance 40-70%","4","1612.07","8"
"act","202503","a. 1-8","c. avance 40-70%","5","2708.5","8"
"act","202503","a. 1-8","c. avance 40-70%","6","362.94","2"
"act","202503","a. 1-8","c. avance 40-70%","7","1290.24","6"
"act","202503","a. 1-8","c. avance 40-70%","8","1206.54","1"
"act","202503","a. 1-8","c. avance 40-70%","9","641.49","1"
"act","202503","a. 1-8","c. avance 40-70%","10","394.9","1"
"act","202503","a. 1-8","c. avance 40-70%","11","218.68","1"
"act","202503","a. 1-8","c. avance 40-70%","12","460.63","1"
"act","202503","a. 1-8","c. avance 40-70%","13","394.05","1"
"act","202503","a. 1-8","c. avance 40-70%","14","102.66","1"
"act","202503","a. 1-8","c. avance 40-70%","16","173.03","1"
"act","202503","a. 1-8","c. avance 40-70%","17","175.66","1"
"act","202503","a. 1-8","c. avance 40-70%","18","185.18","1"
"act","202503","a. 1-8","c. avance 40-70%","19","282.87","2"
"act","202503","a. 1-8","c. avance 40-70%","20","1126.37","2"
"act","202503","a. 1-8","c. avance 40-70%","21","1055.99","2"
"act","202503","a. 1-8","c. avance 40-70%","23","421.93","1"
"act","202503","a. 1-8","c. avance 40-70%","24","406.99","2"
"act","202503","a. 1-8","c. avance 40-70%","25","2937.26","12"
"act","202503","a. 1-8","c. avance 40-70%","26","2661.2","8"
"act","202503","a. 1-8","c. avance 40-70%","27","2460.98","9"
"act","202503","a. 1-8","c. avance 40-70%","28","2842.22","11"
"act","202503","a. 1-8","c. avance 40-70%","29","620.44","3"
"act","202503","a. 1-8","c. avance 40-70%","30","346.07","1"
"act","202503","a. 1-8","c. avance 40-70%","31","1889.7","6"
"base","202503","a. 1-8","d. avance 70%+","-1","7075.08","16"
"act","202503","a. 1-8","d. avance 70%+","1","336.47","1"
"act","202503","a. 1-8","d. avance 70%+","3","66.39","1"
"act","202503","a. 1-8","d. avance 70%+","5","294.82","1"
"act","202503","a. 1-8","d. avance 70%+","6","170.47","1"
"act","202503","a. 1-8","d. avance 70%+","7","829.55","2"
"act","202503","a. 1-8","d. avance 70%+","11","266.89","1"
"act","202503","a. 1-8","d. avance 70%+","12","316.52","1"
"act","202503","a. 1-8","d. avance 70%+","14","950.2","2"
"act","202503","a. 1-8","d. avance 70%+","16","206.88","1"
"act","202503","a. 1-8","d. avance 70%+","20","69.56","1"
"act","202503","a. 1-8","d. avance 70%+","25","228.23","1"
"act","202503","a. 1-8","d. avance 70%+","27","385.61","2"
"base","202503","b. 9-15","a. avance <10%","-1","56528.21","23"
"act","202503","b. 9-15","a. avance <10%","3","517.92","1"
"act","202503","b. 9-15","a. avance <10%","4","72.61","1"
"act","202503","b. 9-15","a. avance <10%","5","107.01","1"
"act","202503","b. 9-15","a. avance <10%","7","226.42","1"
"act","202503","b. 9-15","a. avance <10%","8","499.99","1"
"act","202503","b. 9-15","a. avance <10%","10","1222.83","1"
"act","202503","b. 9-15","a. avance <10%","20","83.97","1"
"act","202503","b. 9-15","a. avance <10%","21","208.49","2"
"act","202503","b. 9-15","a. avance <10%","31","373.71","2"
"base","202503","b. 9-15","b. avance 10-40%","-1","70305.69","38"
"act","202503","b. 9-15","b. avance 10-40%","1","136.56","1"
"act","202503","b. 9-15","b. avance 10-40%","3","574.05","3"
"act","202503","b. 9-15","b. avance 10-40%","4","616.68","4"
"act","202503","b. 9-15","b. avance 10-40%","5","200.16","1"
"act","202503","b. 9-15","b. avance 10-40%","8","276.27","1"
"act","202503","b. 9-15","b. avance 10-40%","10","692.19","2"
"act","202503","b. 9-15","b. avance 10-40%","12","267.74","1"
"act","202503","b. 9-15","b. avance 10-40%","14","100.39","1"
"act","202503","b. 9-15","b. avance 10-40%","15","233.69","1"
"act","202503","b. 9-15","b. avance 10-40%","16","171.64","1"
"act","202503","b. 9-15","b. avance 10-40%","17","96.7","1"
"act","202503","b. 9-15","b. avance 10-40%","19","5.08","1"
"act","202503","b. 9-15","b. avance 10-40%","20","108.87","1"
"act","202503","b. 9-15","b. avance 10-40%","21","342.32","1"
"act","202503","b. 9-15","b. avance 10-40%","24","3035.11","2"
"act","202503","b. 9-15","b. avance 10-40%","25","211.47","1"
"act","202503","b. 9-15","b. avance 10-40%","26","1800.56","3"
"act","202503","b. 9-15","b. avance 10-40%","27","253.34","1"
"act","202503","b. 9-15","b. avance 10-40%","28","502.92","3"
"act","202503","b. 9-15","b. avance 10-40%","29","377.84","2"
"act","202503","b. 9-15","b. avance 10-40%","30","282.44","1"
"base","202503","b. 9-15","c. avance 40-70%","-1","12743.58","19"
"act","202503","b. 9-15","c. avance 40-70%","3","567.08","2"
"act","202503","b. 9-15","c. avance 40-70%","5","235.53","2"
"act","202503","b. 9-15","c. avance 40-70%","7","1261.04","2"
"act","202503","b. 9-15","c. avance 40-70%","14","166.54","1"
"act","202503","b. 9-15","c. avance 40-70%","15","134.23","1"
"act","202503","b. 9-15","c. avance 40-70%","17","818.53","2"
"act","202503","b. 9-15","c. avance 40-70%","18","111.15","1"
"act","202503","b. 9-15","c. avance 40-70%","21","130.87","1"
"act","202503","b. 9-15","c. avance 40-70%","24","105.08","1"
"act","202503","b. 9-15","c. avance 40-70%","25","60.44","1"
"act","202503","b. 9-15","c. avance 40-70%","29","422.89","1"
"base","202503","b. 9-15","d. avance 70%+","-1","1017.74","4"
"act","202503","b. 9-15","d. avance 70%+","4","394.79","2"
"act","202503","b. 9-15","d. avance 70%+","6","80.04","1"
"act","202503","b. 9-15","d. avance 70%+","20","542.91","1"
"base","202503","c. 16-30","a. avance <10%","-1","167352.75","51"
"act","202503","c. 16-30","a. avance <10%","1","455.16","2"
"act","202503","c. 16-30","a. avance <10%","3","311.73","2"
"act","202503","c. 16-30","a. avance <10%","4","1486.46","4"
"act","202503","c. 16-30","a. avance <10%","5","2070.22","6"
"act","202503","c. 16-30","a. avance <10%","13","287.26","1"
"act","202503","c. 16-30","a. avance <10%","15","200.8","1"
"act","202503","c. 16-30","a. avance <10%","19","356.42","1"
"act","202503","c. 16-30","a. avance <10%","21","1437.61","3"
"act","202503","c. 16-30","a. avance <10%","24","175.54","1"
"act","202503","c. 16-30","a. avance <10%","31","7019.5","1"
"base","202503","c. 16-30","b. avance 10-40%","-1","73430.79","42"
"act","202503","c. 16-30","b. avance 10-40%","2","96.69","1"
"act","202503","c. 16-30","b. avance 10-40%","3","149.24","1"
"act","202503","c. 16-30","b. avance 10-40%","4","731.95","3"
"act","202503","c. 16-30","b. avance 10-40%","5","1774.4","3"
"act","202503","c. 16-30","b. avance 10-40%","8","180.2","1"
"act","202503","c. 16-30","b. avance 10-40%","10","2594.86","2"
"act","202503","c. 16-30","b. avance 10-40%","13","156.66","1"
"act","202503","c. 16-30","b. avance 10-40%","15","462.42","1"
"act","202503","c. 16-30","b. avance 10-40%","18","109.45","1"
"act","202503","c. 16-30","b. avance 10-40%","20","1006.22","2"
"act","202503","c. 16-30","b. avance 10-40%","21","1250.06","1"
"act","202503","c. 16-30","b. avance 10-40%","23","810.75","1"
"act","202503","c. 16-30","b. avance 10-40%","26","100.43","1"
"act","202503","c. 16-30","b. avance 10-40%","27","257.69","1"
"act","202503","c. 16-30","b. avance 10-40%","30","483.52","1"
"act","202503","c. 16-30","b. avance 10-40%","31","2624.81","4"
"base","202503","c. 16-30","c. avance 40-70%","-1","27271.02","26"
"act","202503","c. 16-30","c. avance 40-70%","1","303.38","1"
"act","202503","c. 16-30","c. avance 40-70%","3","1505.29","2"
"act","202503","c. 16-30","c. avance 40-70%","4","3850.78","6"
"act","202503","c. 16-30","c. avance 40-70%","5","663.79","1"
"act","202503","c. 16-30","c. avance 40-70%","7","681.08","1"
"act","202503","c. 16-30","c. avance 40-70%","8","542.35","1"
"act","202503","c. 16-30","c. avance 40-70%","14","525.36","1"
"act","202503","c. 16-30","c. avance 40-70%","17","185.73","1"
"act","202503","c. 16-30","c. avance 40-70%","20","344.04","1"
"act","202503","c. 16-30","c. avance 40-70%","27","92.18","1"
"act","202503","c. 16-30","c. avance 40-70%","30","265.86","1"
"base","202503","c. 16-30","d. avance 70%+","-1","1383.08","5"
"act","202503","c. 16-30","d. avance 70%+","7","163.06","1"
"act","202503","c. 16-30","d. avance 70%+","13","335.77","1"
"base","202504","a. 1-8","a. avance <10%","-1","230614.73","84"
"act","202504","a. 1-8","a. avance <10%","1","3420.77","13"
"act","202504","a. 1-8","a. avance <10%","2","2958.22","7"
"act","202504","a. 1-8","a. avance <10%","3","1701.48","6"
"act","202504","a. 1-8","a. avance <10%","4","987.27","4"
"act","202504","a. 1-8","a. avance <10%","5","162.11","1"
"act","202504","a. 1-8","a. avance <10%","6","268.31","2"
"act","202504","a. 1-8","a. avance <10%","7","84.86","1"
"act","202504","a. 1-8","a. avance <10%","8","377.94","2"
"act","202504","a. 1-8","a. avance <10%","9","328.18","1"
"act","202504","a. 1-8","a. avance <10%","10","355.2","2"
"act","202504","a. 1-8","a. avance <10%","11","198.28","2"
"act","202504","a. 1-8","a. avance <10%","13","197.07","1"
"act","202504","a. 1-8","a. avance <10%","14","1105.59","1"
"act","202504","a. 1-8","a. avance <10%","15","131.71","1"
"act","202504","a. 1-8","a. avance <10%","21","221.89","1"
"act","202504","a. 1-8","a. avance <10%","22","423.24","2"
"act","202504","a. 1-8","a. avance <10%","24","204.54","2"
"act","202504","a. 1-8","a. avance <10%","25","1296.72","5"
"act","202504","a. 1-8","a. avance <10%","26","12287.43","5"
"act","202504","a. 1-8","a. avance <10%","28","1397.54","4"
"act","202504","a. 1-8","a. avance <10%","29","1012.13","4"
"act","202504","a. 1-8","a. avance <10%","30","1420.68","6"
"base","202504","a. 1-8","b. avance 10-40%","-1","224247.75","140"
"act","202504","a. 1-8","b. avance 10-40%","1","4901.97","18"
"act","202504","a. 1-8","b. avance 10-40%","2","1855.92","13"
"act","202504","a. 1-8","b. avance 10-40%","3","1776.84","7"
"act","202504","a. 1-8","b. avance 10-40%","4","4084.05","13"
"act","202504","a. 1-8","b. avance 10-40%","5","1147.95","4"
"act","202504","a. 1-8","b. avance 10-40%","6","190.44","1"
"act","202504","a. 1-8","b. avance 10-40%","7","1621.63","5"
"act","202504","a. 1-8","b. avance 10-40%","8","407.08","2"
"act","202504","a. 1-8","b. avance 10-40%","10","574.14","3"
"act","202504","a. 1-8","b. avance 10-40%","11","4252.69","3"
"act","202504","a. 1-8","b. avance 10-40%","12","859.73","4"
"act","202504","a. 1-8","b. avance 10-40%","13","654.26","1"
"act","202504","a. 1-8","b. avance 10-40%","14","562.78","3"
"act","202504","a. 1-8","b. avance 10-40%","15","267.62","2"
"act","202504","a. 1-8","b. avance 10-40%","16","236.42","1"
"act","202504","a. 1-8","b. avance 10-40%","17","281.96","2"
"act","202504","a. 1-8","b. avance 10-40%","21","999.98","3"
"act","202504","a. 1-8","b. avance 10-40%","22","926.04","3"
"act","202504","a. 1-8","b. avance 10-40%","23","1014.76","2"
"act","202504","a. 1-8","b. avance 10-40%","24","246.57","1"
"act","202504","a. 1-8","b. avance 10-40%","25","880.85","4"
"act","202504","a. 1-8","b. avance 10-40%","26","1039.79","5"
"act","202504","a. 1-8","b. avance 10-40%","27","100.64","1"
"act","202504","a. 1-8","b. avance 10-40%","28","776.47","5"
"act","202504","a. 1-8","b. avance 10-40%","29","2115.23","11"
"act","202504","a. 1-8","b. avance 10-40%","30","4822.03","20"
"base","202504","a. 1-8","c. avance 40-70%","-1","88728.25","105"
"act","202504","a. 1-8","c. avance 40-70%","1","6011.79","19"
"act","202504","a. 1-8","c. avance 40-70%","2","1814.39","9"
"act","202504","a. 1-8","c. avance 40-70%","3","1967.19","9"
"act","202504","a. 1-8","c. avance 40-70%","4","1770.57","4"
"act","202504","a. 1-8","c. avance 40-70%","5","893.09","2"
"act","202504","a. 1-8","c. avance 40-70%","6","349.49","1"
"act","202504","a. 1-8","c. avance 40-70%","7","2533.78","8"
"act","202504","a. 1-8","c. avance 40-70%","8","1579.64","5"
"act","202504","a. 1-8","c. avance 40-70%","10","645.32","1"
"act","202504","a. 1-8","c. avance 40-70%","11","141.82","1"
"act","202504","a. 1-8","c. avance 40-70%","12","389.04","2"
"act","202504","a. 1-8","c. avance 40-70%","14","782.21","2"
"act","202504","a. 1-8","c. avance 40-70%","15","121.0","1"
"act","202504","a. 1-8","c. avance 40-70%","16","59.84","1"
"act","202504","a. 1-8","c. avance 40-70%","18","180.94","1"
"act","202504","a. 1-8","c. avance 40-70%","19","127.25","1"
"act","202504","a. 1-8","c. avance 40-70%","21","134.79","1"
"act","202504","a. 1-8","c. avance 40-70%","22","802.2","1"
"act","202504","a. 1-8","c. avance 40-70%","23","368.95","2"
"act","202504","a. 1-8","c. avance 40-70%","25","1647.97","6"
"act","202504","a. 1-8","c. avance 40-70%","26","617.2","3"
"act","202504","a. 1-8","c. avance 40-70%","27","357.74","1"
"act","202504","a. 1-8","c. avance 40-70%","28","1194.29","4"
"act","202504","a. 1-8","c. avance 40-70%","29","888.44","3"
"act","202504","a. 1-8","c. avance 40-70%","30","2550.19","11"
"base","202504","a. 1-8","d. avance 70%+","-1","14768.52","26"
"act","202504","a. 1-8","d. avance 70%+","1","708.98","3"
"act","202504","a. 1-8","d. avance 70%+","2","761.58","4"
"act","202504","a. 1-8","d. avance 70%+","3","260.27","1"
"act","202504","a. 1-8","d. avance 70%+","6","968.83","1"
"act","202504","a. 1-8","d. avance 70%+","9","891.88","3"
"act","202504","a. 1-8","d. avance 70%+","10","394.43","1"
"act","202504","a. 1-8","d. avance 70%+","11","829.62","1"
"act","202504","a. 1-8","d. avance 70%+","12","536.23","1"
"act","202504","a. 1-8","d. avance 70%+","14","199.24","1"
"act","202504","a. 1-8","d. avance 70%+","21","475.29","1"
"act","202504","a. 1-8","d. avance 70%+","23","250.03","1"
"act","202504","a. 1-8","d. avance 70%+","25","161.55","1"
"act","202504","a. 1-8","d. avance 70%+","27","373.58","1"
"act","202504","a. 1-8","d. avance 70%+","29","762.61","2"
"act","202504","a. 1-8","d. avance 70%+","30","1127.21","2"
"base","202504","b. 9-15","a. avance <10%","-1","32493.61","19"
"act","202504","b. 9-15","a. avance <10%","1","257.02","1"
"act","202504","b. 9-15","a. avance <10%","3","136.59","1"
"act","202504","b. 9-15","a. avance <10%","8","839.44","2"
"act","202504","b. 9-15","a. avance <10%","14","130.15","1"
"act","202504","b. 9-15","a. avance <10%","23","282.21","2"
"act","202504","b. 9-15","a. avance <10%","24","166.22","2"
"act","202504","b. 9-15","a. avance <10%","25","230.94","1"
"act","202504","b. 9-15","a. avance <10%","26","118.5","1"
"act","202504","b. 9-15","a. avance <10%","29","5607.75","2"
"act","202504","b. 9-15","a. avance <10%","30","69.07","1"
"base","202504","b. 9-15","b. avance 10-40%","-1","56095.21","38"
"act","202504","b. 9-15","b. avance 10-40%","1","756.01","5"
"act","202504","b. 9-15","b. avance 10-40%","3","907.68","3"
"act","202504","b. 9-15","b. avance 10-40%","4","592.27","3"
"act","202504","b. 9-15","b. avance 10-40%","6","180.97","1"
"act","202504","b. 9-15","b. avance 10-40%","7","591.88","3"
"act","202504","b. 9-15","b. avance 10-40%","12","139.42","1"
"act","202504","b. 9-15","b. avance 10-40%","14","275.94","1"
"act","202504","b. 9-15","b. avance 10-40%","15","132.74","1"
"act","202504","b. 9-15","b. avance 10-40%","16","165.95","1"
"act","202504","b. 9-15","b. avance 10-40%","20","182.65","1"
"act","202504","b. 9-15","b. avance 10-40%","21","1030.79","2"
"act","202504","b. 9-15","b. avance 10-40%","22","548.27","2"
"act","202504","b. 9-15","b. avance 10-40%","23","355.91","2"
"act","202504","b. 9-15","b. avance 10-40%","25","546.41","4"
"act","202504","b. 9-15","b. avance 10-40%","26","155.9","1"
"act","202504","b. 9-15","b. avance 10-40%","29","413.45","1"
"act","202504","b. 9-15","b. avance 10-40%","30","457.82","2"
"base","202504","b. 9-15","c. avance 40-70%","-1","26126.94","30"
"act","202504","b. 9-15","c. avance 40-70%","1","1374.96","5"
"act","202504","b. 9-15","c. avance 40-70%","2","42.75","1"
"act","202504","b. 9-15","c. avance 40-70%","4","145.33","1"
"act","202504","b. 9-15","c. avance 40-70%","5","191.08","1"
"act","202504","b. 9-15","c. avance 40-70%","6","139.6","1"
"act","202504","b. 9-15","c. avance 40-70%","7","619.09","1"
"act","202504","b. 9-15","c. avance 40-70%","8","187.89","1"
"act","202504","b. 9-15","c. avance 40-70%","14","298.35","2"
"act","202504","b. 9-15","c. avance 40-70%","16","246.82","1"
"act","202504","b. 9-15","c. avance 40-70%","20","145.01","1"
"act","202504","b. 9-15","c. avance 40-70%","22","749.4","1"
"act","202504","b. 9-15","c. avance 40-70%","23","146.58","1"
"act","202504","b. 9-15","c. avance 40-70%","24","298.96","1"
"act","202504","b. 9-15","c. avance 40-70%","28","89.85","1"
"act","202504","b. 9-15","c. avance 40-70%","29","224.74","1"
"act","202504","b. 9-15","c. avance 40-70%","30","1828.45","6"
"base","202504","b. 9-15","d. avance 70%+","-1","3524.37","8"
"act","202504","b. 9-15","d. avance 70%+","5","204.37","1"
"act","202504","b. 9-15","d. avance 70%+","7","277.87","1"
"act","202504","b. 9-15","d. avance 70%+","17","478.6","1"
"act","202504","b. 9-15","d. avance 70%+","29","281.47","1"
"act","202504","b. 9-15","d. avance 70%+","30","569.11","2"
"base","202504","c. 16-30","a. avance <10%","-1","198360.02","60"
"act","202504","c. 16-30","a. avance <10%","1","304.8","2"
"act","202504","c. 16-30","a. avance <10%","3","449.55","2"
"act","202504","c. 16-30","a. avance <10%","4","90.97","1"
"act","202504","c. 16-30","a. avance <10%","7","231.23","1"
"act","202504","c. 16-30","a. avance <10%","8","272.04","1"
"act","202504","c. 16-30","a. avance <10%","11","298.77","1"
"act","202504","c. 16-30","a. avance <10%","15","188.3","1"
"act","202504","c. 16-30","a. avance <10%","16","353.9","2"
"act","202504","c. 16-30","a. avance <10%","21","134.85","1"
"act","202504","c. 16-30","a. avance <10%","23","956.27","2"
"base","202504","c. 16-30","b. avance 10-40%","-1","85973.16","47"
"act","202504","c. 16-30","b. avance 10-40%","1","1409.18","5"
"act","202504","c. 16-30","b. avance 10-40%","2","219.4","1"
"act","202504","c. 16-30","b. avance 10-40%","3","1011.36","1"
"act","202504","c. 16-30","b. avance 10-40%","5","570.56","1"
"act","202504","c. 16-30","b. avance 10-40%","6","413.56","2"
"act","202504","c. 16-30","b. avance 10-40%","7","245.08","2"
"act","202504","c. 16-30","b. avance 10-40%","8","427.9","3"
"act","202504","c. 16-30","b. avance 10-40%","9","270.76","2"
"act","202504","c. 16-30","b. avance 10-40%","10","202.62","1"
"act","202504","c. 16-30","b. avance 10-40%","11","712.57","2"
"act","202504","c. 16-30","b. avance 10-40%","13","160.01","1"
"act","202504","c. 16-30","b. avance 10-40%","14","105.83","1"
"act","202504","c. 16-30","b. avance 10-40%","15","408.64","2"
"act","202504","c. 16-30","b. avance 10-40%","20","308.05","1"
"act","202504","c. 16-30","b. avance 10-40%","25","631.17","3"
"act","202504","c. 16-30","b. avance 10-40%","28","192.39","1"
"act","202504","c. 16-30","b. avance 10-40%","29","761.72","1"
"act","202504","c. 16-30","b. avance 10-40%","30","413.64","2"
"base","202504","c. 16-30","c. avance 40-70%","-1","33907.49","40"
"act","202504","c. 16-30","c. avance 40-70%","1","428.0","2"
"act","202504","c. 16-30","c. avance 40-70%","2","2475.96","2"
"act","202504","c. 16-30","c. avance 40-70%","7","381.61","3"
"act","202504","c. 16-30","c. avance 40-70%","8","572.59","1"
"act","202504","c. 16-30","c. avance 40-70%","9","568.7","3"
"act","202504","c. 16-30","c. avance 40-70%","12","165.93","1"
"act","202504","c. 16-30","c. avance 40-70%","13","169.72","1"
"act","202504","c. 16-30","c. avance 40-70%","17","633.5","1"
"act","202504","c. 16-30","c. avance 40-70%","19","322.14","1"
"act","202504","c. 16-30","c. avance 40-70%","28","124.62","1"
"base","202504","c. 16-30","d. avance 70%+","-1","3604.32","5"
"act","202504","c. 16-30","d. avance 70%+","2","205.08","1"
"act","202504","c. 16-30","d. avance 70%+","3","207.34","1"
"act","202504","c. 16-30","d. avance 70%+","15","422.29","2"
"base","202505","a. 1-8","a. avance <10%","-1","389803.02","120"
"act","202505","a. 1-8","a. avance <10%","1","1982.34","8"
"act","202505","a. 1-8","a. avance <10%","2","3551.46","11"
"act","202505","a. 1-8","a. avance <10%","3","1526.46","7"
"act","202505","a. 1-8","a. avance <10%","4","371.42","2"
"act","202505","a. 1-8","a. avance <10%","5","2462.02","10"
"act","202505","a. 1-8","a. avance <10%","6","132.22","1"
"act","202505","a. 1-8","a. avance <10%","7","1401.25","7"
"act","202505","a. 1-8","a. avance <10%","8","780.93","2"
"act","202505","a. 1-8","a. avance <10%","9","1331.52","3"
"act","202505","a. 1-8","a. avance <10%","10","71.25","1"
"act","202505","a. 1-8","a. avance <10%","12","1035.43","3"
"act","202505","a. 1-8","a. avance <10%","13","392.93","2"
"act","202505","a. 1-8","a. avance <10%","14","1233.57","3"
"act","202505","a. 1-8","a. avance <10%","15","871.02","2"
"act","202505","a. 1-8","a. avance <10%","16","292.64","2"
"act","202505","a. 1-8","a. avance <10%","17","529.34","2"
"act","202505","a. 1-8","a. avance <10%","18","733.65","2"
"act","202505","a. 1-8","a. avance <10%","19","1723.04","4"
"act","202505","a. 1-8","a. avance <10%","20","129.78","1"
"act","202505","a. 1-8","a. avance <10%","21","1365.93","4"
"act","202505","a. 1-8","a. avance <10%","23","412.69","2"
"act","202505","a. 1-8","a. avance <10%","24","966.51","5"
"act","202505","a. 1-8","a. avance <10%","26","2662.59","7"
"act","202505","a. 1-8","a. avance <10%","27","2227.01","6"
"act","202505","a. 1-8","a. avance <10%","28","2215.05","8"
"act","202505","a. 1-8","a. avance <10%","29","2451.73","9"
"act","202505","a. 1-8","a. avance <10%","30","2324.43","9"
"act","202505","a. 1-8","a. avance <10%","31","519.35","3"
"base","202505","a. 1-8","b. avance 10-40%","-1","326088.66","195"
"act","202505","a. 1-8","b. avance 10-40%","1","5711.32","22"
"act","202505","a. 1-8","b. avance 10-40%","2","3314.45","14"
"act","202505","a. 1-8","b. avance 10-40%","3","3270.1","11"
"act","202505","a. 1-8","b. avance 10-40%","4","1019.4","6"
"act","202505","a. 1-8","b. avance 10-40%","5","1816.45","11"
"act","202505","a. 1-8","b. avance 10-40%","6","1403.22","7"
"act","202505","a. 1-8","b. avance 10-40%","7","2192.28","9"
"act","202505","a. 1-8","b. avance 10-40%","8","1380.95","7"
"act","202505","a. 1-8","b. avance 10-40%","9","1059.52","7"
"act","202505","a. 1-8","b. avance 10-40%","10","550.14","3"
"act","202505","a. 1-8","b. avance 10-40%","12","749.65","3"
"act","202505","a. 1-8","b. avance 10-40%","13","517.93","2"
"act","202505","a. 1-8","b. avance 10-40%","14","674.89","2"
"act","202505","a. 1-8","b. avance 10-40%","15","718.01","5"
"act","202505","a. 1-8","b. avance 10-40%","16","385.34","2"
"act","202505","a. 1-8","b. avance 10-40%","17","365.39","1"
"act","202505","a. 1-8","b. avance 10-40%","18","696.45","1"
"act","202505","a. 1-8","b. avance 10-40%","19","316.56","2"
"act","202505","a. 1-8","b. avance 10-40%","20","2923.94","5"
"act","202505","a. 1-8","b. avance 10-40%","21","2967.0","4"
"act","202505","a. 1-8","b. avance 10-40%","22","1982.39","5"
"act","202505","a. 1-8","b. avance 10-40%","23","525.86","3"
"act","202505","a. 1-8","b. avance 10-40%","24","972.1","2"
"act","202505","a. 1-8","b. avance 10-40%","25","416.45","2"
"act","202505","a. 1-8","b. avance 10-40%","26","1327.55","6"
"act","202505","a. 1-8","b. avance 10-40%","27","2049.18","7"
"act","202505","a. 1-8","b. avance 10-40%","28","5682.35","18"
"act","202505","a. 1-8","b. avance 10-40%","29","8414.32","25"
"act","202505","a. 1-8","b. avance 10-40%","30","4492.85","20"
"act","202505","a. 1-8","b. avance 10-40%","31","1947.15","9"
"base","202505","a. 1-8","c. avance 40-70%","-1","102630.33","141"
"act","202505","a. 1-8","c. avance 40-70%","1","4492.85","15"
"act","202505","a. 1-8","c. avance 40-70%","2","3987.03","16"
"act","202505","a. 1-8","c. avance 40-70%","3","1370.51","6"
"act","202505","a. 1-8","c. avance 40-70%","4","2453.91","8"
"act","202505","a. 1-8","c. avance 40-70%","5","2162.99","10"
"act","202505","a. 1-8","c. avance 40-70%","6","1743.96","6"
"act","202505","a. 1-8","c. avance 40-70%","7","1667.13","7"
"act","202505","a. 1-8","c. avance 40-70%","8","3003.29","6"
"act","202505","a. 1-8","c. avance 40-70%","9","484.81","3"
"act","202505","a. 1-8","c. avance 40-70%","10","299.39","2"
"act","202505","a. 1-8","c. avance 40-70%","12","782.13","4"
"act","202505","a. 1-8","c. avance 40-70%","13","1300.15","5"
"act","202505","a. 1-8","c. avance 40-70%","14","725.58","4"
"act","202505","a. 1-8","c. avance 40-70%","16","375.62","1"
"act","202505","a. 1-8","c. avance 40-70%","17","605.44","2"
"act","202505","a. 1-8","c. avance 40-70%","19","626.45","2"
"act","202505","a. 1-8","c. avance 40-70%","20","1026.17","2"
"act","202505","a. 1-8","c. avance 40-70%","21","371.29","1"
"act","202505","a. 1-8","c. avance 40-70%","22","1158.75","2"
"act","202505","a. 1-8","c. avance 40-70%","23","241.57","2"
"act","202505","a. 1-8","c. avance 40-70%","24","591.98","3"
"act","202505","a. 1-8","c. avance 40-70%","25","995.6","3"
"act","202505","a. 1-8","c. avance 40-70%","26","62.91","1"
"act","202505","a. 1-8","c. avance 40-70%","27","1515.72","5"
"act","202505","a. 1-8","c. avance 40-70%","28","1495.84","7"
"act","202505","a. 1-8","c. avance 40-70%","29","3094.92","10"
"act","202505","a. 1-8","c. avance 40-70%","30","2174.4","7"
"act","202505","a. 1-8","c. avance 40-70%","31","1521.51","9"
"base","202505","a. 1-8","d. avance 70%+","-1","20455.53","52"
"act","202505","a. 1-8","d. avance 70%+","1","911.56","4"
"act","202505","a. 1-8","d. avance 70%+","2","388.75","3"
"act","202505","a. 1-8","d. avance 70%+","3","721.82","2"
"act","202505","a. 1-8","d. avance 70%+","4","1141.97","4"
"act","202505","a. 1-8","d. avance 70%+","5","1451.15","5"
"act","202505","a. 1-8","d. avance 70%+","6","391.64","2"
"act","202505","a. 1-8","d. avance 70%+","10","368.78","2"
"act","202505","a. 1-8","d. avance 70%+","12","204.91","1"
"act","202505","a. 1-8","d. avance 70%+","14","285.41","1"
"act","202505","a. 1-8","d. avance 70%+","16","384.99","1"
"act","202505","a. 1-8","d. avance 70%+","17","179.66","1"
"act","202505","a. 1-8","d. avance 70%+","19","227.32","1"
"act","202505","a. 1-8","d. avance 70%+","20","335.73","1"
"act","202505","a. 1-8","d. avance 70%+","21","1143.05","2"
"act","202505","a. 1-8","d. avance 70%+","24","1182.52","2"
"act","202505","a. 1-8","d. avance 70%+","26","354.48","2"
"act","202505","a. 1-8","d. avance 70%+","27","1494.76","4"
"act","202505","a. 1-8","d. avance 70%+","28","677.39","2"
"act","202505","a. 1-8","d. avance 70%+","29","1018.68","4"
"act","202505","a. 1-8","d. avance 70%+","30","906.76","5"
"act","202505","a. 1-8","d. avance 70%+","31","1564.32","5"
"base","202505","b. 9-15","a. avance <10%","-1","93388.77","31"
"act","202505","b. 9-15","a. avance <10%","1","99.16","1"
"act","202505","b. 9-15","a. avance <10%","2","531.88","4"
"act","202505","b. 9-15","a. avance <10%","5","414.09","1"
"act","202505","b. 9-15","a. avance <10%","6","562.23","2"
"act","202505","b. 9-15","a. avance <10%","13","1295.73","1"
"act","202505","b. 9-15","a. avance <10%","14","200.04","2"
"act","202505","b. 9-15","a. avance <10%","19","521.62","2"
"act","202505","b. 9-15","a. avance <10%","20","1593.16","1"
"act","202505","b. 9-15","a. avance <10%","21","355.08","1"
"act","202505","b. 9-15","a. avance <10%","22","210.6","1"
"act","202505","b. 9-15","a. avance <10%","25","72.82","1"
"act","202505","b. 9-15","a. avance <10%","28","305.78","1"
"act","202505","b. 9-15","a. avance <10%","30","227.84","1"
"base","202505","b. 9-15","b. avance 10-40%","-1","100227.17","58"
"act","202505","b. 9-15","b. avance 10-40%","1","1292.95","5"
"act","202505","b. 9-15","b. avance 10-40%","2","1607.47","4"
"act","202505","b. 9-15","b. avance 10-40%","3","1441.48","4"
"act","202505","b. 9-15","b. avance 10-40%","5","1060.9","4"
"act","202505","b. 9-15","b. avance 10-40%","6","783.48","4"
"act","202505","b. 9-15","b. avance 10-40%","7","569.27","3"
"act","202505","b. 9-15","b. avance 10-40%","9","592.85","2"
"act","202505","b. 9-15","b. avance 10-40%","13","400.75","2"
"act","202505","b. 9-15","b. avance 10-40%","15","1226.2","5"
"act","202505","b. 9-15","b. avance 10-40%","16","2175.48","6"
"act","202505","b. 9-15","b. avance 10-40%","17","1613.12","3"
"act","202505","b. 9-15","b. avance 10-40%","19","279.32","1"
"act","202505","b. 9-15","b. avance 10-40%","20","473.63","1"
"act","202505","b. 9-15","b. avance 10-40%","21","869.93","3"
"act","202505","b. 9-15","b. avance 10-40%","22","410.49","1"
"act","202505","b. 9-15","b. avance 10-40%","24","142.48","1"
"act","202505","b. 9-15","b. avance 10-40%","27","1150.05","5"
"act","202505","b. 9-15","b. avance 10-40%","28","1795.48","2"
"act","202505","b. 9-15","b. avance 10-40%","29","97.75","1"
"act","202505","b. 9-15","b. avance 10-40%","30","204.77","1"
"act","202505","b. 9-15","b. avance 10-40%","31","132.28","1"
"base","202505","b. 9-15","c. avance 40-70%","-1","31638.47","51"
"act","202505","b. 9-15","c. avance 40-70%","1","586.07","3"
"act","202505","b. 9-15","c. avance 40-70%","2","522.17","4"
"act","202505","b. 9-15","c. avance 40-70%","5","2191.0","8"
"act","202505","b. 9-15","c. avance 40-70%","6","641.65","3"
"act","202505","b. 9-15","c. avance 40-70%","7","99.89","1"
"act","202505","b. 9-15","c. avance 40-70%","8","411.71","2"
"act","202505","b. 9-15","c. avance 40-70%","9","1201.77","3"
"act","202505","b. 9-15","c. avance 40-70%","12","154.42","1"
"act","202505","b. 9-15","c. avance 40-70%","13","389.96","1"
"act","202505","b. 9-15","c. avance 40-70%","14","228.21","1"
"act","202505","b. 9-15","c. avance 40-70%","16","879.23","2"
"act","202505","b. 9-15","c. avance 40-70%","17","240.05","1"
"act","202505","b. 9-15","c. avance 40-70%","19","301.63","2"
"act","202505","b. 9-15","c. avance 40-70%","20","981.03","1"
"act","202505","b. 9-15","c. avance 40-70%","21","181.55","1"
"act","202505","b. 9-15","c. avance 40-70%","22","178.75","1"
"act","202505","b. 9-15","c. avance 40-70%","25","153.09","1"
"act","202505","b. 9-15","c. avance 40-70%","26","315.95","2"
"act","202505","b. 9-15","c. avance 40-70%","27","199.09","1"
"act","202505","b. 9-15","c. avance 40-70%","28","926.76","3"
"act","202505","b. 9-15","c. avance 40-70%","29","247.21","2"
"act","202505","b. 9-15","c. avance 40-70%","30","782.49","4"
"act","202505","b. 9-15","c. avance 40-70%","31","735.47","2"
"base","202505","b. 9-15","d. avance 70%+","-1","7661.95","20"
"act","202505","b. 9-15","d. avance 70%+","1","696.05","3"
"act","202505","b. 9-15","d. avance 70%+","2","403.11","2"
"act","202505","b. 9-15","d. avance 70%+","3","483.85","1"
"act","202505","b. 9-15","d. avance 70%+","8","76.82","1"
"act","202505","b. 9-15","d. avance 70%+","14","716.42","2"
"act","202505","b. 9-15","d. avance 70%+","15","431.87","1"
"act","202505","b. 9-15","d. avance 70%+","16","576.14","2"
"act","202505","b. 9-15","d. avance 70%+","20","724.52","2"
"act","202505","b. 9-15","d. avance 70%+","22","789.85","1"
"act","202505","b. 9-15","d. avance 70%+","24","269.38","1"
"act","202505","b. 9-15","d. avance 70%+","26","78.84","1"
"act","202505","b. 9-15","d. avance 70%+","27","356.36","1"
"act","202505","b. 9-15","d. avance 70%+","28","491.06","1"
"act","202505","b. 9-15","d. avance 70%+","31","173.31","1"
"base","202505","c. 16-30","a. avance <10%","-1","183551.15","71"
"act","202505","c. 16-30","a. avance <10%","1","275.62","2"
"act","202505","c. 16-30","a. avance <10%","2","473.13","2"
"act","202505","c. 16-30","a. avance <10%","3","151.2","1"
"act","202505","c. 16-30","a. avance <10%","4","354.6","2"
"act","202505","c. 16-30","a. avance <10%","5","231.67","1"
"act","202505","c. 16-30","a. avance <10%","7","350.4","1"
"act","202505","c. 16-30","a. avance <10%","8","291.22","1"
"act","202505","c. 16-30","a. avance <10%","10","112.85","1"
"act","202505","c. 16-30","a. avance <10%","12","236.14","1"
"act","202505","c. 16-30","a. avance <10%","14","945.43","5"
"act","202505","c. 16-30","a. avance <10%","15","390.68","3"
"act","202505","c. 16-30","a. avance <10%","16","734.1","3"
"act","202505","c. 16-30","a. avance <10%","17","227.16","2"
"act","202505","c. 16-30","a. avance <10%","18","491.03","1"
"act","202505","c. 16-30","a. avance <10%","19","309.46","1"
"act","202505","c. 16-30","a. avance <10%","23","1096.25","2"
"act","202505","c. 16-30","a. avance <10%","25","388.81","2"
"act","202505","c. 16-30","a. avance <10%","28","132.56","1"
"act","202505","c. 16-30","a. avance <10%","29","210.32","1"
"act","202505","c. 16-30","a. avance <10%","30","1.44","1"
"base","202505","c. 16-30","b. avance 10-40%","-1","126005.96","84"
"act","202505","c. 16-30","b. avance 10-40%","1","599.57","3"
"act","202505","c. 16-30","b. avance 10-40%","2","258.52","2"
"act","202505","c. 16-30","b. avance 10-40%","3","200.8","1"
"act","202505","c. 16-30","b. avance 10-40%","4","295.85","1"
"act","202505","c. 16-30","b. avance 10-40%","5","298.89","1"
"act","202505","c. 16-30","b. avance 10-40%","6","202.01","2"
"act","202505","c. 16-30","b. avance 10-40%","7","311.28","2"
"act","202505","c. 16-30","b. avance 10-40%","8","1212.09","3"
"act","202505","c. 16-30","b. avance 10-40%","9","85.9","1"
"act","202505","c. 16-30","b. avance 10-40%","10","233.14","2"
"act","202505","c. 16-30","b. avance 10-40%","12","2458.73","4"
"act","202505","c. 16-30","b. avance 10-40%","13","234.11","2"
"act","202505","c. 16-30","b. avance 10-40%","14","1055.29","8"
"act","202505","c. 16-30","b. avance 10-40%","15","1940.32","7"
"act","202505","c. 16-30","b. avance 10-40%","16","652.3","4"
"act","202505","c. 16-30","b. avance 10-40%","17","227.47","2"
"act","202505","c. 16-30","b. avance 10-40%","18","142.44","1"
"act","202505","c. 16-30","b. avance 10-40%","19","311.95","2"
"act","202505","c. 16-30","b. avance 10-40%","21","306.44","1"
"act","202505","c. 16-30","b. avance 10-40%","23","206.6","1"
"act","202505","c. 16-30","b. avance 10-40%","24","1351.03","1"
"act","202505","c. 16-30","b. avance 10-40%","26","854.28","3"
"act","202505","c. 16-30","b. avance 10-40%","27","153.37","1"
"act","202505","c. 16-30","b. avance 10-40%","28","748.28","2"
"act","202505","c. 16-30","b. avance 10-40%","31","429.71","2"
"base","202505","c. 16-30","c. avance 40-70%","-1","44946.17","46"
"act","202505","c. 16-30","c. avance 40-70%","1","1016.88","3"
"act","202505","c. 16-30","c. avance 40-70%","2","638.54","3"
"act","202505","c. 16-30","c. avance 40-70%","3","179.1","1"
"act","202505","c. 16-30","c. avance 40-70%","4","520.61","2"
"act","202505","c. 16-30","c. avance 40-70%","5","1885.35","3"
"act","202505","c. 16-30","c. avance 40-70%","6","383.4","1"
"act","202505","c. 16-30","c. avance 40-70%","8","647.99","2"
"act","202505","c. 16-30","c. avance 40-70%","12","1475.85","3"
"act","202505","c. 16-30","c. avance 40-70%","13","117.55","1"
"act","202505","c. 16-30","c. avance 40-70%","14","936.16","3"
"act","202505","c. 16-30","c. avance 40-70%","15","373.36","1"
"act","202505","c. 16-30","c. avance 40-70%","22","368.82","1"
"act","202505","c. 16-30","c. avance 40-70%","23","489.63","1"
"act","202505","c. 16-30","c. avance 40-70%","24","702.37","1"
"act","202505","c. 16-30","c. avance 40-70%","26","230.18","1"
"act","202505","c. 16-30","c. avance 40-70%","27","291.32","1"
"act","202505","c. 16-30","c. avance 40-70%","29","1357.64","3"
"act","202505","c. 16-30","c. avance 40-70%","30","355.75","2"
"act","202505","c. 16-30","c. avance 40-70%","31","674.55","3"
"base","202505","c. 16-30","d. avance 70%+","-1","4607.26","11"
"act","202505","c. 16-30","d. avance 70%+","2","470.85","1"
"act","202505","c. 16-30","d. avance 70%+","4","94.88","1"
"act","202505","c. 16-30","d. avance 70%+","5","67.98","1"
"act","202505","c. 16-30","d. avance 70%+","6","327.75","1"
"act","202505","c. 16-30","d. avance 70%+","13","1132.08","1"
"act","202505","c. 16-30","d. avance 70%+","31","70.0","1"
"base","202506","a. 1-8","a. avance <10%","-1","542460.62","194"
"act","202506","a. 1-8","a. avance <10%","1","6359.71","26"
"act","202506","a. 1-8","a. avance <10%","2","7915.46","36"
"act","202506","a. 1-8","a. avance <10%","3","4789.57","19"
"act","202506","a. 1-8","a. avance <10%","4","1584.52","10"
"act","202506","a. 1-8","a. avance <10%","5","1527.59","8"
"act","202506","a. 1-8","a. avance <10%","6","647.61","5"
"act","202506","a. 1-8","a. avance <10%","7","987.08","6"
"act","202506","a. 1-8","a. avance <10%","9","4179.39","6"
"act","202506","a. 1-8","a. avance <10%","10","969.93","3"
"act","202506","a. 1-8","a. avance <10%","11","1199.17","3"
"act","202506","a. 1-8","a. avance <10%","12","950.34","6"
"act","202506","a. 1-8","a. avance <10%","14","278.56","1"
"act","202506","a. 1-8","a. avance <10%","16","409.96","2"
"act","202506","a. 1-8","a. avance <10%","19","100.78","1"
"act","202506","a. 1-8","a. avance <10%","20","428.75","1"
"act","202506","a. 1-8","a. avance <10%","21","173.06","1"
"act","202506","a. 1-8","a. avance <10%","23","494.23","3"
"act","202506","a. 1-8","a. avance <10%","25","1066.56","5"
"act","202506","a. 1-8","a. avance <10%","26","292.33","2"
"act","202506","a. 1-8","a. avance <10%","27","2939.12","5"
"act","202506","a. 1-8","a. avance <10%","28","1046.03","5"
"act","202506","a. 1-8","a. avance <10%","29","1227.64","7"
"act","202506","a. 1-8","a. avance <10%","30","3959.2","22"
"base","202506","a. 1-8","b. avance 10-40%","-1","591234.24","348"
"act","202506","a. 1-8","b. avance 10-40%","1","11618.27","44"
"act","202506","a. 1-8","b. avance 10-40%","2","9735.32","40"
"act","202506","a. 1-8","b. avance 10-40%","3","3994.22","23"
"act","202506","a. 1-8","b. avance 10-40%","4","2516.75","17"
"act","202506","a. 1-8","b. avance 10-40%","5","2422.88","12"
"act","202506","a. 1-8","b. avance 10-40%","6","3514.54","22"
"act","202506","a. 1-8","b. avance 10-40%","7","1242.63","5"
"act","202506","a. 1-8","b. avance 10-40%","8","534.08","2"
"act","202506","a. 1-8","b. avance 10-40%","9","4331.54","19"
"act","202506","a. 1-8","b. avance 10-40%","10","1041.35","7"
"act","202506","a. 1-8","b. avance 10-40%","11","1544.76","5"
"act","202506","a. 1-8","b. avance 10-40%","12","227.77","1"
"act","202506","a. 1-8","b. avance 10-40%","13","1979.63","6"
"act","202506","a. 1-8","b. avance 10-40%","14","231.21","1"
"act","202506","a. 1-8","b. avance 10-40%","16","133.08","1"
"act","202506","a. 1-8","b. avance 10-40%","17","2300.09","7"
"act","202506","a. 1-8","b. avance 10-40%","18","1070.81","3"
"act","202506","a. 1-8","b. avance 10-40%","19","347.37","2"
"act","202506","a. 1-8","b. avance 10-40%","20","1084.05","4"
"act","202506","a. 1-8","b. avance 10-40%","21","1963.79","4"
"act","202506","a. 1-8","b. avance 10-40%","22","532.9","2"
"act","202506","a. 1-8","b. avance 10-40%","23","113.0","1"
"act","202506","a. 1-8","b. avance 10-40%","24","388.37","2"
"act","202506","a. 1-8","b. avance 10-40%","25","1647.69","5"
"act","202506","a. 1-8","b. avance 10-40%","26","2944.14","7"
"act","202506","a. 1-8","b. avance 10-40%","27","3583.62","11"
"act","202506","a. 1-8","b. avance 10-40%","28","3726.19","17"
"act","202506","a. 1-8","b. avance 10-40%","29","2263.41","10"
"act","202506","a. 1-8","b. avance 10-40%","30","15879.19","61"
"base","202506","a. 1-8","c. avance 40-70%","-1","172272.58","224"
"act","202506","a. 1-8","c. avance 40-70%","1","8153.6","25"
"act","202506","a. 1-8","c. avance 40-70%","2","10984.55","41"
"act","202506","a. 1-8","c. avance 40-70%","3","7112.57","26"
"act","202506","a. 1-8","c. avance 40-70%","4","2653.14","12"
"act","202506","a. 1-8","c. avance 40-70%","5","2902.27","11"
"act","202506","a. 1-8","c. avance 40-70%","6","2523.54","11"
"act","202506","a. 1-8","c. avance 40-70%","7","2210.4","4"
"act","202506","a. 1-8","c. avance 40-70%","8","714.67","3"
"act","202506","a. 1-8","c. avance 40-70%","9","1734.36","8"
"act","202506","a. 1-8","c. avance 40-70%","10","2280.25","6"
"act","202506","a. 1-8","c. avance 40-70%","11","385.53","3"
"act","202506","a. 1-8","c. avance 40-70%","12","1449.21","4"
"act","202506","a. 1-8","c. avance 40-70%","15","219.09","1"
"act","202506","a. 1-8","c. avance 40-70%","16","392.62","1"
"act","202506","a. 1-8","c. avance 40-70%","17","777.84","3"
"act","202506","a. 1-8","c. avance 40-70%","18","639.87","3"
"act","202506","a. 1-8","c. avance 40-70%","19","1118.67","4"
"act","202506","a. 1-8","c. avance 40-70%","20","1481.89","2"
"act","202506","a. 1-8","c. avance 40-70%","21","241.93","1"
"act","202506","a. 1-8","c. avance 40-70%","24","1264.51","3"
"act","202506","a. 1-8","c. avance 40-70%","25","1248.41","5"
"act","202506","a. 1-8","c. avance 40-70%","26","482.79","2"
"act","202506","a. 1-8","c. avance 40-70%","27","1442.4","5"
"act","202506","a. 1-8","c. avance 40-70%","28","2253.82","5"
"act","202506","a. 1-8","c. avance 40-70%","29","1192.36","6"
"act","202506","a. 1-8","c. avance 40-70%","30","9849.52","30"
"base","202506","a. 1-8","d. avance 70%+","-1","41813.49","96"
"act","202506","a. 1-8","d. avance 70%+","1","1871.75","11"
"act","202506","a. 1-8","d. avance 70%+","2","3776.51","12"
"act","202506","a. 1-8","d. avance 70%+","3","4408.63","11"
"act","202506","a. 1-8","d. avance 70%+","4","439.32","2"
"act","202506","a. 1-8","d. avance 70%+","5","445.07","3"
"act","202506","a. 1-8","d. avance 70%+","6","952.12","3"
"act","202506","a. 1-8","d. avance 70%+","7","961.66","3"
"act","202506","a. 1-8","d. avance 70%+","9","364.39","2"
"act","202506","a. 1-8","d. avance 70%+","10","1123.13","5"
"act","202506","a. 1-8","d. avance 70%+","11","406.82","1"
"act","202506","a. 1-8","d. avance 70%+","13","1291.31","4"
"act","202506","a. 1-8","d. avance 70%+","14","239.03","1"
"act","202506","a. 1-8","d. avance 70%+","16","364.65","2"
"act","202506","a. 1-8","d. avance 70%+","20","280.34","2"
"act","202506","a. 1-8","d. avance 70%+","21","637.68","1"
"act","202506","a. 1-8","d. avance 70%+","22","421.69","2"
"act","202506","a. 1-8","d. avance 70%+","24","679.5","3"
"act","202506","a. 1-8","d. avance 70%+","25","130.64","1"
"act","202506","a. 1-8","d. avance 70%+","26","1124.31","4"
"act","202506","a. 1-8","d. avance 70%+","27","74.65","1"
"act","202506","a. 1-8","d. avance 70%+","28","2171.49","6"
"act","202506","a. 1-8","d. avance 70%+","29","632.22","3"
"act","202506","a. 1-8","d. avance 70%+","30","4854.71","14"
"base","202506","b. 9-15","a. avance <10%","-1","107789.69","35"
"act","202506","b. 9-15","a. avance <10%","1","313.54","2"
"act","202506","b. 9-15","a. avance <10%","2","119.7","1"
"act","202506","b. 9-15","a. avance <10%","4","187.99","1"
"act","202506","b. 9-15","a. avance <10%","5","224.82","1"
"act","202506","b. 9-15","a. avance <10%","6","679.17","3"
"act","202506","b. 9-15","a. avance <10%","7","91.61","1"
"act","202506","b. 9-15","a. avance <10%","12","81.32","1"
"act","202506","b. 9-15","a. avance <10%","16","297.51","2"
"act","202506","b. 9-15","a. avance <10%","18","289.04","1"
"act","202506","b. 9-15","a. avance <10%","20","473.32","1"
"act","202506","b. 9-15","a. avance <10%","24","302.47","1"
"act","202506","b. 9-15","a. avance <10%","25","158.75","2"
"act","202506","b. 9-15","a. avance <10%","27","298.82","2"
"act","202506","b. 9-15","a. avance <10%","28","155.24","1"
"act","202506","b. 9-15","a. avance <10%","30","278.09","2"
"base","202506","b. 9-15","b. avance 10-40%","-1","55651.67","39"
"act","202506","b. 9-15","b. avance 10-40%","1","757.12","3"
"act","202506","b. 9-15","b. avance 10-40%","2","1035.43","5"
"act","202506","b. 9-15","b. avance 10-40%","3","973.96","4"
"act","202506","b. 9-15","b. avance 10-40%","4","445.27","2"
"act","202506","b. 9-15","b. avance 10-40%","5","91.65","1"
"act","202506","b. 9-15","b. avance 10-40%","6","234.15","2"
"act","202506","b. 9-15","b. avance 10-40%","8","168.27","1"
"act","202506","b. 9-15","b. avance 10-40%","9","328.99","1"
"act","202506","b. 9-15","b. avance 10-40%","10","217.58","1"
"act","202506","b. 9-15","b. avance 10-40%","13","66.18","1"
"act","202506","b. 9-15","b. avance 10-40%","14","155.31","1"
"act","202506","b. 9-15","b. avance 10-40%","16","121.19","1"
"act","202506","b. 9-15","b. avance 10-40%","18","342.1","1"
"act","202506","b. 9-15","b. avance 10-40%","20","137.16","1"
"act","202506","b. 9-15","b. avance 10-40%","21","128.44","1"
"act","202506","b. 9-15","b. avance 10-40%","23","648.93","2"
"act","202506","b. 9-15","b. avance 10-40%","24","152.91","1"
"act","202506","b. 9-15","b. avance 10-40%","26","110.1","1"
"act","202506","b. 9-15","b. avance 10-40%","27","136.37","1"
"act","202506","b. 9-15","b. avance 10-40%","29","305.6","2"
"act","202506","b. 9-15","b. avance 10-40%","30","139.76","1"
"base","202506","b. 9-15","c. avance 40-70%","-1","12109.75","15"
"act","202506","b. 9-15","c. avance 40-70%","1","502.45","2"
"act","202506","b. 9-15","c. avance 40-70%","2","292.59","2"
"act","202506","b. 9-15","c. avance 40-70%","3","491.25","2"
"act","202506","b. 9-15","c. avance 40-70%","4","701.87","1"
"act","202506","b. 9-15","c. avance 40-70%","5","196.82","1"
"act","202506","b. 9-15","c. avance 40-70%","6","180.69","2"
"act","202506","b. 9-15","c. avance 40-70%","9","48.69","1"
"act","202506","b. 9-15","c. avance 40-70%","12","126.42","1"
"act","202506","b. 9-15","c. avance 40-70%","21","137.97","1"
"act","202506","b. 9-15","c. avance 40-70%","23","194.07","1"
"act","202506","b. 9-15","c. avance 40-70%","24","597.61","2"
"act","202506","b. 9-15","c. avance 40-70%","30","249.07","2"
"base","202506","b. 9-15","d. avance 70%+","-1","4601.32","11"
"act","202506","b. 9-15","d. avance 70%+","1","529.5","1"
"act","202506","b. 9-15","d. avance 70%+","2","514.33","2"
"act","202506","b. 9-15","d. avance 70%+","3","514.59","1"
"act","202506","b. 9-15","d. avance 70%+","4","94.3","1"
"act","202506","b. 9-15","d. avance 70%+","12","170.46","1"
"act","202506","b. 9-15","d. avance 70%+","16","488.23","1"
"act","202506","b. 9-15","d. avance 70%+","26","178.81","1"
"act","202506","b. 9-15","d. avance 70%+","27","362.89","1"
"act","202506","b. 9-15","d. avance 70%+","28","299.82","1"
"base","202506","c. 16-30","a. avance <10%","-1","248584.39","62"
"act","202506","c. 16-30","a. avance <10%","1","443.5","2"
"act","202506","c. 16-30","a. avance <10%","2","96.47","1"
"act","202506","c. 16-30","a. avance <10%","3","354.4","2"
"act","202506","c. 16-30","a. avance <10%","5","828.9","2"
"act","202506","c. 16-30","a. avance <10%","7","128.2","1"
"act","202506","c. 16-30","a. avance <10%","9","656.54","2"
"act","202506","c. 16-30","a. avance <10%","10","841.16","3"
"act","202506","c. 16-30","a. avance <10%","12","152.68","1"
"act","202506","c. 16-30","a. avance <10%","14","141.96","1"
"act","202506","c. 16-30","a. avance <10%","16","98.77","1"
"act","202506","c. 16-30","a. avance <10%","17","500.41","2"
"act","202506","c. 16-30","a. avance <10%","18","429.94","1"
"base","202506","c. 16-30","b. avance 10-40%","-1","139081.81","62"
"act","202506","c. 16-30","b. avance 10-40%","2","1137.62","3"
"act","202506","c. 16-30","b. avance 10-40%","3","622.37","3"
"act","202506","c. 16-30","b. avance 10-40%","4","1091.67","4"
"act","202506","c. 16-30","b. avance 10-40%","5","302.72","1"
"act","202506","c. 16-30","b. avance 10-40%","6","2649.56","4"
"act","202506","c. 16-30","b. avance 10-40%","9","509.52","2"
"act","202506","c. 16-30","b. avance 10-40%","10","2392.21","3"
"act","202506","c. 16-30","b. avance 10-40%","11","3181.02","4"
"act","202506","c. 16-30","b. avance 10-40%","12","2512.56","2"
"act","202506","c. 16-30","b. avance 10-40%","14","209.67","1"
"act","202506","c. 16-30","b. avance 10-40%","16","593.91","3"
"act","202506","c. 16-30","b. avance 10-40%","18","424.61","1"
"act","202506","c. 16-30","b. avance 10-40%","19","250.6","1"
"act","202506","c. 16-30","b. avance 10-40%","20","639.23","2"
"act","202506","c. 16-30","b. avance 10-40%","21","223.42","2"
"act","202506","c. 16-30","b. avance 10-40%","25","782.3","1"
"act","202506","c. 16-30","b. avance 10-40%","26","87.15","1"
"act","202506","c. 16-30","b. avance 10-40%","27","464.15","2"
"act","202506","c. 16-30","b. avance 10-40%","28","133.79","1"
"act","202506","c. 16-30","b. avance 10-40%","30","302.82","1"
"base","202506","c. 16-30","c. avance 40-70%","-1","40856.42","47"
"act","202506","c. 16-30","c. avance 40-70%","1","283.17","2"
"act","202506","c. 16-30","c. avance 40-70%","2","498.13","2"
"act","202506","c. 16-30","c. avance 40-70%","3","289.04","2"
"act","202506","c. 16-30","c. avance 40-70%","4","1190.89","5"
"act","202506","c. 16-30","c. avance 40-70%","5","1527.96","2"
"act","202506","c. 16-30","c. avance 40-70%","6","241.8","2"
"act","202506","c. 16-30","c. avance 40-70%","7","702.69","4"
"act","202506","c. 16-30","c. avance 40-70%","9","261.7","1"
"act","202506","c. 16-30","c. avance 40-70%","15","112.26","1"
"act","202506","c. 16-30","c. avance 40-70%","16","166.03","1"
"act","202506","c. 16-30","c. avance 40-70%","17","1759.6","2"
"act","202506","c. 16-30","c. avance 40-70%","18","425.28","1"
"act","202506","c. 16-30","c. avance 40-70%","19","1.45","1"
"act","202506","c. 16-30","c. avance 40-70%","20","241.35","1"
"act","202506","c. 16-30","c. avance 40-70%","21","116.99","1"
"act","202506","c. 16-30","c. avance 40-70%","23","273.09","2"
"act","202506","c. 16-30","c. avance 40-70%","25","159.84","1"
"act","202506","c. 16-30","c. avance 40-70%","26","195.45","1"
"act","202506","c. 16-30","c. avance 40-70%","27","675.69","2"
"act","202506","c. 16-30","c. avance 40-70%","29","692.1","1"
"act","202506","c. 16-30","c. avance 40-70%","30","169.8","1"
"base","202506","c. 16-30","d. avance 70%+","-1","5668.11","14"
"act","202506","c. 16-30","d. avance 70%+","2","1217.43","2"
"act","202506","c. 16-30","d. avance 70%+","4","303.16","1"
"act","202506","c. 16-30","d. avance 70%+","9","337.93","1"
"act","202506","c. 16-30","d. avance 70%+","10","345.53","1"
"act","202506","c. 16-30","d. avance 70%+","13","192.84","1"
"act","202506","c. 16-30","d. avance 70%+","25","377.66","1"
"act","202506","c. 16-30","d. avance 70%+","30","193.81","1"
"base","202507","a. 1-8","a. avance <10%","-1","371235.4","131"
"act","202507","a. 1-8","a. avance <10%","1","5033.82","23"
"act","202507","a. 1-8","a. avance <10%","2","1476.03","9"
"act","202507","a. 1-8","a. avance <10%","3","1666.91","8"
"act","202507","a. 1-8","a. avance <10%","4","725.8","6"
"act","202507","a. 1-8","a. avance <10%","5","400.36","2"
"act","202507","a. 1-8","a. avance <10%","6","1245.79","4"
"act","202507","a. 1-8","a. avance <10%","7","1077.56","7"
"act","202507","a. 1-8","a. avance <10%","8","755.01","4"
"act","202507","a. 1-8","a. avance <10%","9","647.87","2"
"act","202507","a. 1-8","a. avance <10%","10","167.62","1"
"act","202507","a. 1-8","a. avance <10%","11","1538.91","7"
"act","202507","a. 1-8","a. avance <10%","12","356.35","2"
"act","202507","a. 1-8","a. avance <10%","13","470.1","2"
"act","202507","a. 1-8","a. avance <10%","14","664.75","3"
"act","202507","a. 1-8","a. avance <10%","15","187.98","2"
"act","202507","a. 1-8","a. avance <10%","16","3896.22","3"
"act","202507","a. 1-8","a. avance <10%","18","123.1","1"
"act","202507","a. 1-8","a. avance <10%","20","3474.99","1"
"act","202507","a. 1-8","a. avance <10%","21","133.0","1"
"act","202507","a. 1-8","a. avance <10%","23","424.91","2"
"act","202507","a. 1-8","a. avance <10%","24","564.91","4"
"act","202507","a. 1-8","a. avance <10%","25","2045.72","7"
"act","202507","a. 1-8","a. avance <10%","26","256.07","2"
"act","202507","a. 1-8","a. avance <10%","27","238.62","1"
"act","202507","a. 1-8","a. avance <10%","28","212.93","1"
"act","202507","a. 1-8","a. avance <10%","29","353.91","2"
"act","202507","a. 1-8","a. avance <10%","30","2819.41","12"
"act","202507","a. 1-8","a. avance <10%","31","3066.99","14"
"base","202507","a. 1-8","b. avance 10-40%","-1","382958.44","219"
"act","202507","a. 1-8","b. avance 10-40%","1","7258.78","35"
"act","202507","a. 1-8","b. avance 10-40%","2","6242.13","26"
"act","202507","a. 1-8","b. avance 10-40%","3","2583.4","12"
"act","202507","a. 1-8","b. avance 10-40%","4","1924.12","7"
"act","202507","a. 1-8","b. avance 10-40%","5","917.07","5"
"act","202507","a. 1-8","b. avance 10-40%","6","1036.52","4"
"act","202507","a. 1-8","b. avance 10-40%","7","1565.83","6"
"act","202507","a. 1-8","b. avance 10-40%","8","1500.55","5"
"act","202507","a. 1-8","b. avance 10-40%","9","1111.84","2"
"act","202507","a. 1-8","b. avance 10-40%","10","1081.08","6"
"act","202507","a. 1-8","b. avance 10-40%","11","1804.49","7"
"act","202507","a. 1-8","b. avance 10-40%","12","1604.42","4"
"act","202507","a. 1-8","b. avance 10-40%","13","380.13","2"
"act","202507","a. 1-8","b. avance 10-40%","14","169.36","1"
"act","202507","a. 1-8","b. avance 10-40%","15","845.99","3"
"act","202507","a. 1-8","b. avance 10-40%","16","259.38","2"
"act","202507","a. 1-8","b. avance 10-40%","17","661.0","4"
"act","202507","a. 1-8","b. avance 10-40%","18","247.85","1"
"act","202507","a. 1-8","b. avance 10-40%","19","224.08","1"
"act","202507","a. 1-8","b. avance 10-40%","20","306.38","1"
"act","202507","a. 1-8","b. avance 10-40%","21","1585.4","5"
"act","202507","a. 1-8","b. avance 10-40%","22","918.2","4"
"act","202507","a. 1-8","b. avance 10-40%","23","3209.2","6"
"act","202507","a. 1-8","b. avance 10-40%","24","2072.8","8"
"act","202507","a. 1-8","b. avance 10-40%","25","793.5","4"
"act","202507","a. 1-8","b. avance 10-40%","26","2610.87","11"
"act","202507","a. 1-8","b. avance 10-40%","27","563.39","3"
"act","202507","a. 1-8","b. avance 10-40%","28","667.61","3"
"act","202507","a. 1-8","b. avance 10-40%","29","870.97","5"
"act","202507","a. 1-8","b. avance 10-40%","30","4425.14","19"
"act","202507","a. 1-8","b. avance 10-40%","31","7571.8","29"
"base","202507","a. 1-8","c. avance 40-70%","-1","133397.85","164"
"act","202507","a. 1-8","c. avance 40-70%","1","7208.14","28"
"act","202507","a. 1-8","c. avance 40-70%","2","2856.52","14"
"act","202507","a. 1-8","c. avance 40-70%","3","3665.99","12"
"act","202507","a. 1-8","c. avance 40-70%","4","3471.09","13"
"act","202507","a. 1-8","c. avance 40-70%","5","621.68","3"
"act","202507","a. 1-8","c. avance 40-70%","6","287.16","2"
"act","202507","a. 1-8","c. avance 40-70%","7","2110.37","4"
"act","202507","a. 1-8","c. avance 40-70%","8","2008.12","7"
"act","202507","a. 1-8","c. avance 40-70%","9","1784.3","7"
"act","202507","a. 1-8","c. avance 40-70%","10","250.92","1"
"act","202507","a. 1-8","c. avance 40-70%","11","388.09","1"
"act","202507","a. 1-8","c. avance 40-70%","12","157.84","1"
"act","202507","a. 1-8","c. avance 40-70%","13","117.89","1"
"act","202507","a. 1-8","c. avance 40-70%","14","336.92","2"
"act","202507","a. 1-8","c. avance 40-70%","15","1024.55","3"
"act","202507","a. 1-8","c. avance 40-70%","16","1194.99","4"
"act","202507","a. 1-8","c. avance 40-70%","17","99.55","1"
"act","202507","a. 1-8","c. avance 40-70%","18","932.56","3"
"act","202507","a. 1-8","c. avance 40-70%","19","3868.27","4"
"act","202507","a. 1-8","c. avance 40-70%","20","452.46","1"
"act","202507","a. 1-8","c. avance 40-70%","21","244.77","2"
"act","202507","a. 1-8","c. avance 40-70%","22","213.7","1"
"act","202507","a. 1-8","c. avance 40-70%","23","268.88","2"
"act","202507","a. 1-8","c. avance 40-70%","24","682.22","3"
"act","202507","a. 1-8","c. avance 40-70%","25","3162.33","9"
"act","202507","a. 1-8","c. avance 40-70%","26","1902.36","8"
"act","202507","a. 1-8","c. avance 40-70%","27","465.22","4"
"act","202507","a. 1-8","c. avance 40-70%","28","1163.01","2"
"act","202507","a. 1-8","c. avance 40-70%","29","866.05","2"
"act","202507","a. 1-8","c. avance 40-70%","30","4352.17","14"
"act","202507","a. 1-8","c. avance 40-70%","31","2690.73","11"
"base","202507","a. 1-8","d. avance 70%+","-1","19875.3","57"
"act","202507","a. 1-8","d. avance 70%+","1","3307.92","12"
"act","202507","a. 1-8","d. avance 70%+","2","979.44","5"
"act","202507","a. 1-8","d. avance 70%+","3","188.17","2"
"act","202507","a. 1-8","d. avance 70%+","4","1720.31","6"
"act","202507","a. 1-8","d. avance 70%+","5","370.64","2"
"act","202507","a. 1-8","d. avance 70%+","6","150.4","1"
"act","202507","a. 1-8","d. avance 70%+","7","70.75","1"
"act","202507","a. 1-8","d. avance 70%+","8","497.07","3"
"act","202507","a. 1-8","d. avance 70%+","9","503.22","2"
"act","202507","a. 1-8","d. avance 70%+","11","1341.1","2"
"act","202507","a. 1-8","d. avance 70%+","12","469.75","2"
"act","202507","a. 1-8","d. avance 70%+","14","535.42","2"
"act","202507","a. 1-8","d. avance 70%+","15","578.34","3"
"act","202507","a. 1-8","d. avance 70%+","16","215.12","1"
"act","202507","a. 1-8","d. avance 70%+","17","205.61","1"
"act","202507","a. 1-8","d. avance 70%+","18","227.11","2"
"act","202507","a. 1-8","d. avance 70%+","19","187.24","1"
"act","202507","a. 1-8","d. avance 70%+","24","148.14","1"
"act","202507","a. 1-8","d. avance 70%+","25","229.2","1"
"act","202507","a. 1-8","d. avance 70%+","26","906.53","3"
"act","202507","a. 1-8","d. avance 70%+","27","198.42","1"
"act","202507","a. 1-8","d. avance 70%+","28","263.12","1"
"act","202507","a. 1-8","d. avance 70%+","30","645.29","2"
"act","202507","a. 1-8","d. avance 70%+","31","1565.69","6"
"base","202507","b. 9-15","a. avance <10%","-1","139424.8","44"
"act","202507","b. 9-15","a. avance <10%","1","916.52","6"
"act","202507","b. 9-15","a. avance <10%","2","91.3","1"
"act","202507","b. 9-15","a. avance <10%","3","220.64","1"
"act","202507","b. 9-15","a. avance <10%","5","342.56","2"
"act","202507","b. 9-15","a. avance <10%","6","113.99","1"
"act","202507","b. 9-15","a. avance <10%","7","582.75","2"
"act","202507","b. 9-15","a. avance <10%","11","454.02","1"
"act","202507","b. 9-15","a. avance <10%","15","1150.17","4"
"act","202507","b. 9-15","a. avance <10%","16","209.11","1"
"act","202507","b. 9-15","a. avance <10%","18","960.39","1"
"act","202507","b. 9-15","a. avance <10%","19","141.05","1"
"act","202507","b. 9-15","a. avance <10%","21","192.75","1"
"act","202507","b. 9-15","a. avance <10%","22","115.79","1"
"act","202507","b. 9-15","a. avance <10%","25","328.17","2"
"act","202507","b. 9-15","a. avance <10%","30","798.49","2"
"base","202507","b. 9-15","b. avance 10-40%","-1","200618.57","81"
"act","202507","b. 9-15","b. avance 10-40%","1","1373.68","8"
"act","202507","b. 9-15","b. avance 10-40%","2","1377.16","5"
"act","202507","b. 9-15","b. avance 10-40%","3","1016.9","4"
"act","202507","b. 9-15","b. avance 10-40%","4","693.42","3"
"act","202507","b. 9-15","b. avance 10-40%","5","845.29","3"
"act","202507","b. 9-15","b. avance 10-40%","6","139.29","1"
"act","202507","b. 9-15","b. avance 10-40%","7","143.41","2"
"act","202507","b. 9-15","b. avance 10-40%","8","118.47","1"
"act","202507","b. 9-15","b. avance 10-40%","9","117.51","1"
"act","202507","b. 9-15","b. avance 10-40%","10","628.13","3"
"act","202507","b. 9-15","b. avance 10-40%","11","1153.55","5"
"act","202507","b. 9-15","b. avance 10-40%","12","365.37","2"
"act","202507","b. 9-15","b. avance 10-40%","14","568.44","3"
"act","202507","b. 9-15","b. avance 10-40%","15","4596.36","7"
"act","202507","b. 9-15","b. avance 10-40%","16","362.67","1"
"act","202507","b. 9-15","b. avance 10-40%","17","460.87","1"
"act","202507","b. 9-15","b. avance 10-40%","18","171.9","1"
"act","202507","b. 9-15","b. avance 10-40%","19","245.56","1"
"act","202507","b. 9-15","b. avance 10-40%","20","406.77","2"
"act","202507","b. 9-15","b. avance 10-40%","21","2038.47","7"
"act","202507","b. 9-15","b. avance 10-40%","22","698.9","2"
"act","202507","b. 9-15","b. avance 10-40%","23","146.17","1"
"act","202507","b. 9-15","b. avance 10-40%","24","2685.06","5"
"act","202507","b. 9-15","b. avance 10-40%","25","2320.17","6"
"act","202507","b. 9-15","b. avance 10-40%","26","3273.12","4"
"act","202507","b. 9-15","b. avance 10-40%","30","300.5","2"
"act","202507","b. 9-15","b. avance 10-40%","31","831.9","4"
"base","202507","b. 9-15","c. avance 40-70%","-1","48371.51","53"
"act","202507","b. 9-15","c. avance 40-70%","1","2108.73","4"
"act","202507","b. 9-15","c. avance 40-70%","2","1198.7","5"
"act","202507","b. 9-15","c. avance 40-70%","3","768.37","2"
"act","202507","b. 9-15","c. avance 40-70%","4","494.25","2"
"act","202507","b. 9-15","c. avance 40-70%","5","148.22","1"
"act","202507","b. 9-15","c. avance 40-70%","7","1662.79","4"
"act","202507","b. 9-15","c. avance 40-70%","8","189.72","1"
"act","202507","b. 9-15","c. avance 40-70%","9","919.14","2"
"act","202507","b. 9-15","c. avance 40-70%","11","186.35","1"
"act","202507","b. 9-15","c. avance 40-70%","14","812.28","3"
"act","202507","b. 9-15","c. avance 40-70%","15","339.9","1"
"act","202507","b. 9-15","c. avance 40-70%","16","898.76","3"
"act","202507","b. 9-15","c. avance 40-70%","17","682.21","2"
"act","202507","b. 9-15","c. avance 40-70%","18","853.09","4"
"act","202507","b. 9-15","c. avance 40-70%","19","695.59","3"
"act","202507","b. 9-15","c. avance 40-70%","20","50.15","1"
"act","202507","b. 9-15","c. avance 40-70%","21","1189.18","4"
"act","202507","b. 9-15","c. avance 40-70%","22","686.27","3"
"act","202507","b. 9-15","c. avance 40-70%","23","1182.23","2"
"act","202507","b. 9-15","c. avance 40-70%","25","729.33","2"
"act","202507","b. 9-15","c. avance 40-70%","30","139.76","1"
"act","202507","b. 9-15","c. avance 40-70%","31","754.33","2"
"base","202507","b. 9-15","d. avance 70%+","-1","2521.06","8"
"act","202507","b. 9-15","d. avance 70%+","2","410.34","2"
"act","202507","b. 9-15","d. avance 70%+","3","214.97","1"
"act","202507","b. 9-15","d. avance 70%+","7","345.14","1"
"act","202507","b. 9-15","d. avance 70%+","8","227.23","1"
"act","202507","b. 9-15","d. avance 70%+","24","596.84","2"
"base","202507","c. 16-30","a. avance <10%","-1","208994.59","73"
"act","202507","c. 16-30","a. avance <10%","1","544.96","3"
"act","202507","c. 16-30","a. avance <10%","2","311.95","3"
"act","202507","c. 16-30","a. avance <10%","3","144.68","1"
"act","202507","c. 16-30","a. avance <10%","5","457.25","3"
"act","202507","c. 16-30","a. avance <10%","6","349.59","1"
"act","202507","c. 16-30","a. avance <10%","8","252.77","2"
"act","202507","c. 16-30","a. avance <10%","9","294.19","2"
"act","202507","c. 16-30","a. avance <10%","10","205.87","1"
"act","202507","c. 16-30","a. avance <10%","11","92.18","1"
"act","202507","c. 16-30","a. avance <10%","14","276.83","2"
"act","202507","c. 16-30","a. avance <10%","15","649.82","4"
"act","202507","c. 16-30","a. avance <10%","17","562.86","1"
"act","202507","c. 16-30","a. avance <10%","18","107.8","1"
"act","202507","c. 16-30","a. avance <10%","19","143.95","1"
"act","202507","c. 16-30","a. avance <10%","21","131.38","1"
"act","202507","c. 16-30","a. avance <10%","22","138.56","1"
"act","202507","c. 16-30","a. avance <10%","23","1778.74","1"
"act","202507","c. 16-30","a. avance <10%","24","297.89","2"
"act","202507","c. 16-30","a. avance <10%","25","146.56","1"
"act","202507","c. 16-30","a. avance <10%","26","123.26","1"
"act","202507","c. 16-30","a. avance <10%","30","330.86","2"
"act","202507","c. 16-30","a. avance <10%","31","588.35","1"
"base","202507","c. 16-30","b. avance 10-40%","-1","149230.59","78"
"act","202507","c. 16-30","b. avance 10-40%","1","1043.97","3"
"act","202507","c. 16-30","b. avance 10-40%","2","175.5","1"
"act","202507","c. 16-30","b. avance 10-40%","3","395.26","1"
"act","202507","c. 16-30","b. avance 10-40%","4","167.34","1"
"act","202507","c. 16-30","b. avance 10-40%","5","259.41","1"
"act","202507","c. 16-30","b. avance 10-40%","6","848.04","1"
"act","202507","c. 16-30","b. avance 10-40%","7","791.61","4"
"act","202507","c. 16-30","b. avance 10-40%","8","1409.34","3"
"act","202507","c. 16-30","b. avance 10-40%","10","889.74","3"
"act","202507","c. 16-30","b. avance 10-40%","11","1218.81","3"
"act","202507","c. 16-30","b. avance 10-40%","12","549.98","3"
"act","202507","c. 16-30","b. avance 10-40%","14","1411.64","2"
"act","202507","c. 16-30","b. avance 10-40%","15","649.66","2"
"act","202507","c. 16-30","b. avance 10-40%","16","377.64","2"
"act","202507","c. 16-30","b. avance 10-40%","17","558.59","1"
"act","202507","c. 16-30","b. avance 10-40%","18","170.84","1"
"act","202507","c. 16-30","b. avance 10-40%","21","1895.23","3"
"act","202507","c. 16-30","b. avance 10-40%","25","103.4","1"
"act","202507","c. 16-30","b. avance 10-40%","26","386.43","1"
"act","202507","c. 16-30","b. avance 10-40%","31","810.64","2"
"base","202507","c. 16-30","c. avance 40-70%","-1","51123.83","49"
"act","202507","c. 16-30","c. avance 40-70%","1","524.24","3"
"act","202507","c. 16-30","c. avance 40-70%","2","450.46","2"
"act","202507","c. 16-30","c. avance 40-70%","3","303.58","1"
"act","202507","c. 16-30","c. avance 40-70%","4","908.43","2"
"act","202507","c. 16-30","c. avance 40-70%","6","1244.27","1"
"act","202507","c. 16-30","c. avance 40-70%","8","278.46","1"
"act","202507","c. 16-30","c. avance 40-70%","10","222.85","1"
"act","202507","c. 16-30","c. avance 40-70%","11","327.0","1"
"act","202507","c. 16-30","c. avance 40-70%","12","398.0","1"
"act","202507","c. 16-30","c. avance 40-70%","15","371.07","2"
"act","202507","c. 16-30","c. avance 40-70%","16","2109.95","1"
"act","202507","c. 16-30","c. avance 40-70%","18","647.14","1"
"act","202507","c. 16-30","c. avance 40-70%","19","265.2","1"
"act","202507","c. 16-30","c. avance 40-70%","20","584.27","2"
"act","202507","c. 16-30","c. avance 40-70%","21","321.94","1"
"act","202507","c. 16-30","c. avance 40-70%","24","192.48","1"
"act","202507","c. 16-30","c. avance 40-70%","27","809.85","3"
"base","202507","c. 16-30","d. avance 70%+","-1","10885.92","27"
"act","202507","c. 16-30","d. avance 70%+","1","252.02","1"
"act","202507","c. 16-30","d. avance 70%+","3","181.72","1"
"act","202507","c. 16-30","d. avance 70%+","4","195.35","1"
"act","202507","c. 16-30","d. avance 70%+","5","328.19","1"
"act","202507","c. 16-30","d. avance 70%+","6","209.18","1"
"act","202507","c. 16-30","d. avance 70%+","8","674.09","2"
"act","202507","c. 16-30","d. avance 70%+","10","269.77","1"
"act","202507","c. 16-30","d. avance 70%+","12","273.52","1"
"act","202507","c. 16-30","d. avance 70%+","14","65.57","1"
"act","202507","c. 16-30","d. avance 70%+","18","519.08","2"
"act","202507","c. 16-30","d. avance 70%+","19","226.72","1"
"act","202507","c. 16-30","d. avance 70%+","26","188.11","1"
"act","202507","c. 16-30","d. avance 70%+","27","175.46","1"
"act","202507","c. 16-30","d. avance 70%+","30","416.29","2"
"act","202507","c. 16-30","d. avance 70%+","31","517.58","1"
"base","202508","a. 1-8","a. avance <10%","-1","856759.7","277"
"act","202508","a. 1-8","a. avance <10%","1","15563.31","81"
"act","202508","a. 1-8","a. avance <10%","2","7027.95","25"
"act","202508","a. 1-8","a. avance <10%","3","805.87","4"
"act","202508","a. 1-8","a. avance <10%","4","4434.93","15"
"act","202508","a. 1-8","a. avance <10%","5","900.98","6"
"act","202508","a. 1-8","a. avance <10%","6","569.4","1"
"act","202508","a. 1-8","a. avance <10%","7","1983.22","9"
"act","202508","a. 1-8","a. avance <10%","8","5942.84","6"
"act","202508","a. 1-8","a. avance <10%","9","204.65","2"
"act","202508","a. 1-8","a. avance <10%","10","760.51","4"
"act","202508","a. 1-8","a. avance <10%","11","7520.1","2"
"act","202508","a. 1-8","a. avance <10%","12","873.9","6"
"act","202508","a. 1-8","a. avance <10%","13","77.01","1"
"act","202508","a. 1-8","a. avance <10%","14","1705.25","7"
"act","202508","a. 1-8","a. avance <10%","15","1763.4","6"
"act","202508","a. 1-8","a. avance <10%","16","755.12","2"
"act","202508","a. 1-8","a. avance <10%","17","182.89","1"
"act","202508","a. 1-8","a. avance <10%","19","180.09","1"
"act","202508","a. 1-8","a. avance <10%","20","274.85","2"
"act","202508","a. 1-8","a. avance <10%","21","453.92","3"
"act","202508","a. 1-8","a. avance <10%","22","89.63","1"
"act","202508","a. 1-8","a. avance <10%","23","251.74","1"
"act","202508","a. 1-8","a. avance <10%","24","927.69","4"
"act","202508","a. 1-8","a. avance <10%","25","284.93","2"
"act","202508","a. 1-8","a. avance <10%","26","1038.99","7"
"act","202508","a. 1-8","a. avance <10%","27","2844.82","12"
"act","202508","a. 1-8","a. avance <10%","28","3153.04","8"
"act","202508","a. 1-8","a. avance <10%","29","4888.02","28"
"act","202508","a. 1-8","a. avance <10%","30","4585.22","15"
"act","202508","a. 1-8","a. avance <10%","31","4531.17","21"
"base","202508","a. 1-8","b. avance 10-40%","-1","1049800.31","566"
"act","202508","a. 1-8","b. avance 10-40%","1","26184.3","89"
"act","202508","a. 1-8","b. avance 10-40%","2","7225.69","32"
"act","202508","a. 1-8","b. avance 10-40%","3","4790.61","20"
"act","202508","a. 1-8","b. avance 10-40%","4","7740.46","27"
"act","202508","a. 1-8","b. avance 10-40%","5","2154.77","12"
"act","202508","a. 1-8","b. avance 10-40%","6","1767.91","5"
"act","202508","a. 1-8","b. avance 10-40%","7","1429.87","7"
"act","202508","a. 1-8","b. avance 10-40%","8","2476.39","15"
"act","202508","a. 1-8","b. avance 10-40%","9","3576.11","10"
"act","202508","a. 1-8","b. avance 10-40%","10","884.3","5"
"act","202508","a. 1-8","b. avance 10-40%","11","1739.44","7"
"act","202508","a. 1-8","b. avance 10-40%","12","722.85","3"
"act","202508","a. 1-8","b. avance 10-40%","13","6903.22","3"
"act","202508","a. 1-8","b. avance 10-40%","14","1811.43","8"
"act","202508","a. 1-8","b. avance 10-40%","15","1211.23","4"
"act","202508","a. 1-8","b. avance 10-40%","16","725.83","3"
"act","202508","a. 1-8","b. avance 10-40%","17","3154.21","2"
"act","202508","a. 1-8","b. avance 10-40%","18","1622.55","8"
"act","202508","a. 1-8","b. avance 10-40%","19","3647.87","3"
"act","202508","a. 1-8","b. avance 10-40%","20","1598.04","6"
"act","202508","a. 1-8","b. avance 10-40%","21","1720.45","8"
"act","202508","a. 1-8","b. avance 10-40%","22","5016.47","12"
"act","202508","a. 1-8","b. avance 10-40%","23","839.92","4"
"act","202508","a. 1-8","b. avance 10-40%","24","952.08","3"
"act","202508","a. 1-8","b. avance 10-40%","25","2608.04","12"
"act","202508","a. 1-8","b. avance 10-40%","26","3554.58","15"
"act","202508","a. 1-8","b. avance 10-40%","27","4976.61","19"
"act","202508","a. 1-8","b. avance 10-40%","28","10826.69","42"
"act","202508","a. 1-8","b. avance 10-40%","29","22266.04","68"
"act","202508","a. 1-8","b. avance 10-40%","30","7258.5","27"
"act","202508","a. 1-8","b. avance 10-40%","31","13695.06","58"
"base","202508","a. 1-8","c. avance 40-70%","-1","391466.21","421"
"act","202508","a. 1-8","c. avance 40-70%","1","15658.8","59"
"act","202508","a. 1-8","c. avance 40-70%","2","8021.23","29"
"act","202508","a. 1-8","c. avance 40-70%","3","6217.32","13"
"act","202508","a. 1-8","c. avance 40-70%","4","4589.14","18"
"act","202508","a. 1-8","c. avance 40-70%","5","5049.24","19"
"act","202508","a. 1-8","c. avance 40-70%","6","2251.7","10"
"act","202508","a. 1-8","c. avance 40-70%","7","2536.71","8"
"act","202508","a. 1-8","c. avance 40-70%","8","1269.17","8"
"act","202508","a. 1-8","c. avance 40-70%","9","1234.03","5"
"act","202508","a. 1-8","c. avance 40-70%","10","1443.72","3"
"act","202508","a. 1-8","c. avance 40-70%","11","927.87","4"
"act","202508","a. 1-8","c. avance 40-70%","12","1229.46","7"
"act","202508","a. 1-8","c. avance 40-70%","13","1252.33","2"
"act","202508","a. 1-8","c. avance 40-70%","14","1929.13","8"
"act","202508","a. 1-8","c. avance 40-70%","15","637.49","2"
"act","202508","a. 1-8","c. avance 40-70%","16","1980.39","3"
"act","202508","a. 1-8","c. avance 40-70%","17","1429.5","2"
"act","202508","a. 1-8","c. avance 40-70%","18","633.71","3"
"act","202508","a. 1-8","c. avance 40-70%","19","3572.2","6"
"act","202508","a. 1-8","c. avance 40-70%","20","1398.69","6"
"act","202508","a. 1-8","c. avance 40-70%","21","1414.02","4"
"act","202508","a. 1-8","c. avance 40-70%","22","1683.08","6"
"act","202508","a. 1-8","c. avance 40-70%","23","1264.97","5"
"act","202508","a. 1-8","c. avance 40-70%","24","2015.19","5"
"act","202508","a. 1-8","c. avance 40-70%","25","3344.82","9"
"act","202508","a. 1-8","c. avance 40-70%","26","6282.53","14"
"act","202508","a. 1-8","c. avance 40-70%","27","8853.77","25"
"act","202508","a. 1-8","c. avance 40-70%","28","8425.4","23"
"act","202508","a. 1-8","c. avance 40-70%","29","9897.73","43"
"act","202508","a. 1-8","c. avance 40-70%","30","5470.23","19"
"act","202508","a. 1-8","c. avance 40-70%","31","7115.64","30"
"base","202508","a. 1-8","d. avance 70%+","-1","30062.85","92"
"act","202508","a. 1-8","d. avance 70%+","1","4158.91","14"
"act","202508","a. 1-8","d. avance 70%+","2","1208.27","3"
"act","202508","a. 1-8","d. avance 70%+","3","1275.75","5"
"act","202508","a. 1-8","d. avance 70%+","4","1664.32","6"
"act","202508","a. 1-8","d. avance 70%+","5","1433.41","3"
"act","202508","a. 1-8","d. avance 70%+","6","420.54","3"
"act","202508","a. 1-8","d. avance 70%+","7","479.76","2"
"act","202508","a. 1-8","d. avance 70%+","8","592.98","4"
"act","202508","a. 1-8","d. avance 70%+","9","389.5","2"
"act","202508","a. 1-8","d. avance 70%+","10","304.47","2"
"act","202508","a. 1-8","d. avance 70%+","12","513.09","2"
"act","202508","a. 1-8","d. avance 70%+","15","311.42","2"
"act","202508","a. 1-8","d. avance 70%+","16","81.23","1"
"act","202508","a. 1-8","d. avance 70%+","18","180.4","1"
"act","202508","a. 1-8","d. avance 70%+","20","626.0","3"
"act","202508","a. 1-8","d. avance 70%+","21","47.5","1"
"act","202508","a. 1-8","d. avance 70%+","22","773.8","2"
"act","202508","a. 1-8","d. avance 70%+","23","417.79","1"
"act","202508","a. 1-8","d. avance 70%+","24","280.2","1"
"act","202508","a. 1-8","d. avance 70%+","25","640.52","3"
"act","202508","a. 1-8","d. avance 70%+","26","1053.03","2"
"act","202508","a. 1-8","d. avance 70%+","27","69.28","1"
"act","202508","a. 1-8","d. avance 70%+","28","1272.77","5"
"act","202508","a. 1-8","d. avance 70%+","29","620.13","4"
"act","202508","a. 1-8","d. avance 70%+","30","448.49","3"
"act","202508","a. 1-8","d. avance 70%+","31","528.07","2"
"base","202508","b. 9-15","a. avance <10%","-1","106495.81","41"
"act","202508","b. 9-15","a. avance <10%","2","1094.53","1"
"act","202508","b. 9-15","a. avance <10%","4","691.5","3"
"act","202508","b. 9-15","a. avance <10%","5","122.72","1"
"act","202508","b. 9-15","a. avance <10%","6","312.2","2"
"act","202508","b. 9-15","a. avance <10%","7","306.81","2"
"act","202508","b. 9-15","a. avance <10%","8","442.79","3"
"act","202508","b. 9-15","a. avance <10%","12","70.12","1"
"act","202508","b. 9-15","a. avance <10%","15","101.78","1"
"act","202508","b. 9-15","a. avance <10%","18","270.59","1"
"act","202508","b. 9-15","a. avance <10%","19","617.56","1"
"act","202508","b. 9-15","a. avance <10%","20","217.55","1"
"act","202508","b. 9-15","a. avance <10%","21","186.5","1"
"act","202508","b. 9-15","a. avance <10%","23","181.73","1"
"act","202508","b. 9-15","a. avance <10%","24","219.54","1"
"act","202508","b. 9-15","a. avance <10%","25","200.5","1"
"act","202508","b. 9-15","a. avance <10%","26","105.67","1"
"base","202508","b. 9-15","b. avance 10-40%","-1","82672.07","51"
"act","202508","b. 9-15","b. avance 10-40%","1","2557.12","8"
"act","202508","b. 9-15","b. avance 10-40%","2","1280.47","1"
"act","202508","b. 9-15","b. avance 10-40%","3","536.9","1"
"act","202508","b. 9-15","b. avance 10-40%","4","459.02","2"
"act","202508","b. 9-15","b. avance 10-40%","5","878.52","3"
"act","202508","b. 9-15","b. avance 10-40%","6","171.04","1"
"act","202508","b. 9-15","b. avance 10-40%","8","585.8","2"
"act","202508","b. 9-15","b. avance 10-40%","9","469.84","3"
"act","202508","b. 9-15","b. avance 10-40%","10","2194.82","1"
"act","202508","b. 9-15","b. avance 10-40%","12","287.36","1"
"act","202508","b. 9-15","b. avance 10-40%","13","895.01","1"
"act","202508","b. 9-15","b. avance 10-40%","14","152.09","1"
"act","202508","b. 9-15","b. avance 10-40%","16","224.04","1"
"act","202508","b. 9-15","b. avance 10-40%","17","467.31","1"
"act","202508","b. 9-15","b. avance 10-40%","18","305.22","2"
"act","202508","b. 9-15","b. avance 10-40%","19","214.29","1"
"act","202508","b. 9-15","b. avance 10-40%","20","546.26","2"
"act","202508","b. 9-15","b. avance 10-40%","21","376.35","2"
"act","202508","b. 9-15","b. avance 10-40%","22","241.29","1"
"act","202508","b. 9-15","b. avance 10-40%","23","163.35","1"
"act","202508","b. 9-15","b. avance 10-40%","24","81.52","1"
"act","202508","b. 9-15","b. avance 10-40%","25","204.88","1"
"act","202508","b. 9-15","b. avance 10-40%","26","211.53","1"
"act","202508","b. 9-15","b. avance 10-40%","27","778.47","3"
"act","202508","b. 9-15","b. avance 10-40%","29","563.01","3"
"base","202508","b. 9-15","c. avance 40-70%","-1","32491.21","44"
"act","202508","b. 9-15","c. avance 40-70%","1","1306.48","5"
"act","202508","b. 9-15","c. avance 40-70%","2","106.83","1"
"act","202508","b. 9-15","c. avance 40-70%","3","322.36","2"
"act","202508","b. 9-15","c. avance 40-70%","4","393.07","1"
"act","202508","b. 9-15","c. avance 40-70%","5","1049.51","4"
"act","202508","b. 9-15","c. avance 40-70%","6","465.18","2"
"act","202508","b. 9-15","c. avance 40-70%","7","640.94","3"
"act","202508","b. 9-15","c. avance 40-70%","8","193.56","1"
"act","202508","b. 9-15","c. avance 40-70%","13","363.83","2"
"act","202508","b. 9-15","c. avance 40-70%","14","1047.79","2"
"act","202508","b. 9-15","c. avance 40-70%","15","351.08","2"
"act","202508","b. 9-15","c. avance 40-70%","16","224.44","1"
"act","202508","b. 9-15","c. avance 40-70%","18","380.11","2"
"act","202508","b. 9-15","c. avance 40-70%","19","349.97","2"
"act","202508","b. 9-15","c. avance 40-70%","21","372.13","1"
"act","202508","b. 9-15","c. avance 40-70%","22","677.87","3"
"act","202508","b. 9-15","c. avance 40-70%","24","473.99","1"
"act","202508","b. 9-15","c. avance 40-70%","25","207.0","1"
"act","202508","b. 9-15","c. avance 40-70%","26","638.18","2"
"act","202508","b. 9-15","c. avance 40-70%","27","722.61","3"
"act","202508","b. 9-15","c. avance 40-70%","28","200.72","1"
"act","202508","b. 9-15","c. avance 40-70%","29","671.51","1"
"act","202508","b. 9-15","c. avance 40-70%","31","154.09","1"
"base","202508","b. 9-15","d. avance 70%+","-1","4345.95","14"
"act","202508","b. 9-15","d. avance 70%+","2","276.58","1"
"act","202508","b. 9-15","d. avance 70%+","3","138.1","1"
"act","202508","b. 9-15","d. avance 70%+","4","221.92","1"
"act","202508","b. 9-15","d. avance 70%+","5","233.64","1"
"act","202508","b. 9-15","d. avance 70%+","6","314.22","1"
"act","202508","b. 9-15","d. avance 70%+","7","747.88","1"
"act","202508","b. 9-15","d. avance 70%+","13","208.61","1"
"act","202508","b. 9-15","d. avance 70%+","14","358.48","2"
"act","202508","b. 9-15","d. avance 70%+","15","166.33","1"
"act","202508","b. 9-15","d. avance 70%+","18","291.86","1"
"act","202508","b. 9-15","d. avance 70%+","23","363.55","1"
"act","202508","b. 9-15","d. avance 70%+","25","52.22","1"
"act","202508","b. 9-15","d. avance 70%+","28","54.16","1"
"act","202508","b. 9-15","d. avance 70%+","30","261.6","1"
"base","202508","c. 16-30","a. avance <10%","-1","182450.76","60"
"act","202508","c. 16-30","a. avance <10%","1","447.01","3"
"act","202508","c. 16-30","a. avance <10%","2","252.28","1"
"act","202508","c. 16-30","a. avance <10%","5","219.33","2"
"act","202508","c. 16-30","a. avance <10%","7","179.14","1"
"act","202508","c. 16-30","a. avance <10%","8","20.36","1"
"act","202508","c. 16-30","a. avance <10%","9","220.31","2"
"act","202508","c. 16-30","a. avance <10%","14","1162.86","2"
"act","202508","c. 16-30","a. avance <10%","15","328.15","2"
"act","202508","c. 16-30","a. avance <10%","18","434.39","1"
"act","202508","c. 16-30","a. avance <10%","19","792.52","2"
"act","202508","c. 16-30","a. avance <10%","20","491.2","2"
"act","202508","c. 16-30","a. avance <10%","21","315.6","1"
"act","202508","c. 16-30","a. avance <10%","22","201.68","1"
"act","202508","c. 16-30","a. avance <10%","23","427.7","1"
"act","202508","c. 16-30","a. avance <10%","25","126.93","1"
"act","202508","c. 16-30","a. avance <10%","26","117.44","1"
"base","202508","c. 16-30","b. avance 10-40%","-1","153631.77","76"
"act","202508","c. 16-30","b. avance 10-40%","1","866.31","4"
"act","202508","c. 16-30","b. avance 10-40%","2","1548.46","3"
"act","202508","c. 16-30","b. avance 10-40%","3","260.16","1"
"act","202508","c. 16-30","b. avance 10-40%","4","157.34","1"
"act","202508","c. 16-30","b. avance 10-40%","5","735.19","2"
"act","202508","c. 16-30","b. avance 10-40%","7","514.15","2"
"act","202508","c. 16-30","b. avance 10-40%","11","391.49","1"
"act","202508","c. 16-30","b. avance 10-40%","12","891.64","3"
"act","202508","c. 16-30","b. avance 10-40%","14","222.34","1"
"act","202508","c. 16-30","b. avance 10-40%","19","82.78","1"
"act","202508","c. 16-30","b. avance 10-40%","20","107.97","1"
"act","202508","c. 16-30","b. avance 10-40%","21","178.21","1"
"act","202508","c. 16-30","b. avance 10-40%","22","1115.75","3"
"act","202508","c. 16-30","b. avance 10-40%","25","164.1","1"
"act","202508","c. 16-30","b. avance 10-40%","26","1854.47","2"
"act","202508","c. 16-30","b. avance 10-40%","27","458.83","2"
"act","202508","c. 16-30","b. avance 10-40%","28","261.61","2"
"act","202508","c. 16-30","b. avance 10-40%","29","757.8","2"
"act","202508","c. 16-30","b. avance 10-40%","30","773.12","2"
"act","202508","c. 16-30","b. avance 10-40%","31","1496.65","3"
"base","202508","c. 16-30","c. avance 40-70%","-1","44247.16","45"
"act","202508","c. 16-30","c. avance 40-70%","3","330.08","1"
"act","202508","c. 16-30","c. avance 40-70%","4","1249.49","4"
"act","202508","c. 16-30","c. avance 40-70%","5","265.22","1"
"act","202508","c. 16-30","c. avance 40-70%","6","171.45","1"
"act","202508","c. 16-30","c. avance 40-70%","7","302.88","1"
"act","202508","c. 16-30","c. avance 40-70%","8","951.95","3"
"act","202508","c. 16-30","c. avance 40-70%","11","486.12","1"
"act","202508","c. 16-30","c. avance 40-70%","12","611.71","1"
"act","202508","c. 16-30","c. avance 40-70%","13","568.92","1"
"act","202508","c. 16-30","c. avance 40-70%","14","1040.7","2"
"act","202508","c. 16-30","c. avance 40-70%","15","589.39","1"
"act","202508","c. 16-30","c. avance 40-70%","18","271.55","1"
"act","202508","c. 16-30","c. avance 40-70%","19","156.84","1"
"act","202508","c. 16-30","c. avance 40-70%","20","134.51","1"
"act","202508","c. 16-30","c. avance 40-70%","21","301.12","1"
"act","202508","c. 16-30","c. avance 40-70%","23","600.78","2"
"act","202508","c. 16-30","c. avance 40-70%","27","695.41","2"
"act","202508","c. 16-30","c. avance 40-70%","29","80.85","1"
"act","202508","c. 16-30","c. avance 40-70%","31","287.85","1"
"base","202508","c. 16-30","d. avance 70%+","-1","11499.83","24"
"act","202508","c. 16-30","d. avance 70%+","1","764.36","3"
"act","202508","c. 16-30","d. avance 70%+","2","482.66","2"
"act","202508","c. 16-30","d. avance 70%+","5","315.8","1"
"act","202508","c. 16-30","d. avance 70%+","8","251.88","2"
"act","202508","c. 16-30","d. avance 70%+","12","1413.04","1"
"act","202508","c. 16-30","d. avance 70%+","13","1295.21","1"
"act","202508","c. 16-30","d. avance 70%+","17","222.44","1"
"act","202508","c. 16-30","d. avance 70%+","20","174.29","1"
"act","202508","c. 16-30","d. avance 70%+","27","935.46","1"
"act","202508","c. 16-30","d. avance 70%+","30","373.39","1"
"base","202509","a. 1-8","a. avance <10%","-1","332160.44","126"
"act","202509","a. 1-8","a. avance <10%","1","11382.35","35"
"act","202509","a. 1-8","a. avance <10%","2","4676.44","18"
"act","202509","a. 1-8","a. avance <10%","3","3018.7","13"
"act","202509","a. 1-8","a. avance <10%","4","1592.76","9"
"act","202509","a. 1-8","a. avance <10%","5","266.94","2"
"act","202509","a. 1-8","a. avance <10%","6","349.08","1"
"act","202509","a. 1-8","a. avance <10%","9","620.34","3"
"act","202509","a. 1-8","a. avance <10%","10","75.58","1"
"act","202509","a. 1-8","a. avance <10%","14","83.94","1"
"act","202509","a. 1-8","a. avance <10%","15","189.82","1"
"act","202509","a. 1-8","a. avance <10%","16","127.79","1"
"act","202509","a. 1-8","a. avance <10%","17","439.68","2"
"act","202509","a. 1-8","a. avance <10%","18","120.63","1"
"act","202509","a. 1-8","a. avance <10%","19","1166.4","4"
"act","202509","a. 1-8","a. avance <10%","20","328.65","1"
"act","202509","a. 1-8","a. avance <10%","23","678.57","3"
"act","202509","a. 1-8","a. avance <10%","25","887.71","3"
"act","202509","a. 1-8","a. avance <10%","26","1775.48","4"
"act","202509","a. 1-8","a. avance <10%","27","1292.77","6"
"act","202509","a. 1-8","a. avance <10%","28","617.02","3"
"act","202509","a. 1-8","a. avance <10%","29","1455.12","10"
"act","202509","a. 1-8","a. avance <10%","30","5060.88","11"
"base","202509","a. 1-8","b. avance 10-40%","-1","485781.65","238"
"act","202509","a. 1-8","b. avance 10-40%","1","13120.96","42"
"act","202509","a. 1-8","b. avance 10-40%","2","6153.32","23"
"act","202509","a. 1-8","b. avance 10-40%","3","5413.5","17"
"act","202509","a. 1-8","b. avance 10-40%","4","1968.86","8"
"act","202509","a. 1-8","b. avance 10-40%","5","2595.64","8"
"act","202509","a. 1-8","b. avance 10-40%","6","1085.97","3"
"act","202509","a. 1-8","b. avance 10-40%","7","147.09","1"
"act","202509","a. 1-8","b. avance 10-40%","8","3379.89","4"
"act","202509","a. 1-8","b. avance 10-40%","9","3702.37","5"
"act","202509","a. 1-8","b. avance 10-40%","10","337.49","2"
"act","202509","a. 1-8","b. avance 10-40%","11","758.46","3"
"act","202509","a. 1-8","b. avance 10-40%","12","473.28","1"
"act","202509","a. 1-8","b. avance 10-40%","14","435.71","2"
"act","202509","a. 1-8","b. avance 10-40%","15","6250.59","6"
"act","202509","a. 1-8","b. avance 10-40%","16","3390.55","8"
"act","202509","a. 1-8","b. avance 10-40%","17","3172.21","9"
"act","202509","a. 1-8","b. avance 10-40%","18","1162.04","4"
"act","202509","a. 1-8","b. avance 10-40%","19","1970.31","5"
"act","202509","a. 1-8","b. avance 10-40%","20","426.41","2"
"act","202509","a. 1-8","b. avance 10-40%","21","229.5","2"
"act","202509","a. 1-8","b. avance 10-40%","22","2075.41","7"
"act","202509","a. 1-8","b. avance 10-40%","23","843.4","3"
"act","202509","a. 1-8","b. avance 10-40%","24","1055.47","8"
"act","202509","a. 1-8","b. avance 10-40%","25","1311.65","5"
"act","202509","a. 1-8","b. avance 10-40%","26","2325.94","11"
"act","202509","a. 1-8","b. avance 10-40%","27","1357.24","7"
"act","202509","a. 1-8","b. avance 10-40%","28","1597.03","7"
"act","202509","a. 1-8","b. avance 10-40%","29","6465.75","21"
"act","202509","a. 1-8","b. avance 10-40%","30","7797.64","30"
"base","202509","a. 1-8","c. avance 40-70%","-1","184781.72","215"
"act","202509","a. 1-8","c. avance 40-70%","1","10394.72","43"
"act","202509","a. 1-8","c. avance 40-70%","2","9756.97","23"
"act","202509","a. 1-8","c. avance 40-70%","3","6383.81","21"
"act","202509","a. 1-8","c. avance 40-70%","4","4254.43","9"
"act","202509","a. 1-8","c. avance 40-70%","5","2069.97","8"
"act","202509","a. 1-8","c. avance 40-70%","6","112.59","1"
"act","202509","a. 1-8","c. avance 40-70%","7","253.35","2"
"act","202509","a. 1-8","c. avance 40-70%","8","1056.82","3"
"act","202509","a. 1-8","c. avance 40-70%","9","1520.74","5"
"act","202509","a. 1-8","c. avance 40-70%","10","611.21","2"
"act","202509","a. 1-8","c. avance 40-70%","11","782.1","4"
"act","202509","a. 1-8","c. avance 40-70%","12","422.67","2"
"act","202509","a. 1-8","c. avance 40-70%","13","111.2","1"
"act","202509","a. 1-8","c. avance 40-70%","15","2584.42","3"
"act","202509","a. 1-8","c. avance 40-70%","17","453.52","3"
"act","202509","a. 1-8","c. avance 40-70%","18","63.15","1"
"act","202509","a. 1-8","c. avance 40-70%","19","307.91","1"
"act","202509","a. 1-8","c. avance 40-70%","20","929.89","4"
"act","202509","a. 1-8","c. avance 40-70%","21","167.48","1"
"act","202509","a. 1-8","c. avance 40-70%","22","597.23","3"
"act","202509","a. 1-8","c. avance 40-70%","23","1934.7","5"
"act","202509","a. 1-8","c. avance 40-70%","24","613.34","2"
"act","202509","a. 1-8","c. avance 40-70%","25","1254.19","6"
"act","202509","a. 1-8","c. avance 40-70%","26","2841.15","8"
"act","202509","a. 1-8","c. avance 40-70%","27","1333.65","5"
"act","202509","a. 1-8","c. avance 40-70%","28","3612.12","11"
"act","202509","a. 1-8","c. avance 40-70%","29","8775.23","20"
"act","202509","a. 1-8","c. avance 40-70%","30","3625.07","15"
"base","202509","a. 1-8","d. avance 70%+","-1","19045.08","44"
"act","202509","a. 1-8","d. avance 70%+","1","1970.9","7"
"act","202509","a. 1-8","d. avance 70%+","2","756.09","4"
"act","202509","a. 1-8","d. avance 70%+","3","798.72","3"
"act","202509","a. 1-8","d. avance 70%+","4","1625.98","3"
"act","202509","a. 1-8","d. avance 70%+","5","247.03","1"
"act","202509","a. 1-8","d. avance 70%+","6","385.05","2"
"act","202509","a. 1-8","d. avance 70%+","8","293.77","1"
"act","202509","a. 1-8","d. avance 70%+","10","165.61","1"
"act","202509","a. 1-8","d. avance 70%+","11","947.74","1"
"act","202509","a. 1-8","d. avance 70%+","13","273.05","1"
"act","202509","a. 1-8","d. avance 70%+","16","535.35","2"
"act","202509","a. 1-8","d. avance 70%+","18","235.16","1"
"act","202509","a. 1-8","d. avance 70%+","19","117.12","1"
"act","202509","a. 1-8","d. avance 70%+","20","108.29","1"
"act","202509","a. 1-8","d. avance 70%+","22","271.57","1"
"act","202509","a. 1-8","d. avance 70%+","23","1106.15","2"
"act","202509","a. 1-8","d. avance 70%+","26","116.27","1"
"act","202509","a. 1-8","d. avance 70%+","27","976.33","2"
"act","202509","a. 1-8","d. avance 70%+","29","190.34","1"
"act","202509","a. 1-8","d. avance 70%+","30","61.63","1"
"base","202509","b. 9-15","a. avance <10%","-1","133428.18","46"
"act","202509","b. 9-15","a. avance <10%","1","2024.65","7"
"act","202509","b. 9-15","a. avance <10%","2","516.83","4"
"act","202509","b. 9-15","a. avance <10%","3","121.18","1"
"act","202509","b. 9-15","a. avance <10%","4","398.96","1"
"act","202509","b. 9-15","a. avance <10%","7","141.77","1"
"act","202509","b. 9-15","a. avance <10%","9","249.33","2"
"act","202509","b. 9-15","a. avance <10%","10","15343.1","1"
"act","202509","b. 9-15","a. avance <10%","15","552.08","3"
"act","202509","b. 9-15","a. avance <10%","17","55.09","1"
"act","202509","b. 9-15","a. avance <10%","18","189.78","1"
"act","202509","b. 9-15","a. avance <10%","19","220.6","1"
"act","202509","b. 9-15","a. avance <10%","20","521.42","2"
"act","202509","b. 9-15","a. avance <10%","24","1124.07","2"
"act","202509","b. 9-15","a. avance <10%","26","283.36","1"
"act","202509","b. 9-15","a. avance <10%","27","131.7","1"
"act","202509","b. 9-15","a. avance <10%","30","1018.97","3"
"base","202509","b. 9-15","b. avance 10-40%","-1","117872.82","59"
"act","202509","b. 9-15","b. avance 10-40%","1","1480.29","3"
"act","202509","b. 9-15","b. avance 10-40%","2","3076.84","3"
"act","202509","b. 9-15","b. avance 10-40%","3","1667.76","4"
"act","202509","b. 9-15","b. avance 10-40%","4","375.42","3"
"act","202509","b. 9-15","b. avance 10-40%","5","604.68","3"
"act","202509","b. 9-15","b. avance 10-40%","6","1766.52","3"
"act","202509","b. 9-15","b. avance 10-40%","7","319.55","1"
"act","202509","b. 9-15","b. avance 10-40%","8","180.43","1"
"act","202509","b. 9-15","b. avance 10-40%","9","982.67","1"
"act","202509","b. 9-15","b. avance 10-40%","10","313.54","3"
"act","202509","b. 9-15","b. avance 10-40%","11","208.65","1"
"act","202509","b. 9-15","b. avance 10-40%","15","126.16","1"
"act","202509","b. 9-15","b. avance 10-40%","16","560.04","3"
"act","202509","b. 9-15","b. avance 10-40%","17","1371.92","3"
"act","202509","b. 9-15","b. avance 10-40%","18","1056.48","2"
"act","202509","b. 9-15","b. avance 10-40%","19","509.35","2"
"act","202509","b. 9-15","b. avance 10-40%","20","449.55","2"
"act","202509","b. 9-15","b. avance 10-40%","21","67.96","1"
"act","202509","b. 9-15","b. avance 10-40%","22","154.74","2"
"act","202509","b. 9-15","b. avance 10-40%","23","773.1","2"
"act","202509","b. 9-15","b. avance 10-40%","24","354.17","1"
"act","202509","b. 9-15","b. avance 10-40%","25","1459.51","2"
"act","202509","b. 9-15","b. avance 10-40%","26","405.33","2"
"act","202509","b. 9-15","b. avance 10-40%","30","462.93","2"
"base","202509","b. 9-15","c. avance 40-70%","-1","49841.34","49"
"act","202509","b. 9-15","c. avance 40-70%","1","924.18","5"
"act","202509","b. 9-15","c. avance 40-70%","2","687.34","4"
"act","202509","b. 9-15","c. avance 40-70%","3","108.59","1"
"act","202509","b. 9-15","c. avance 40-70%","4","200.6","1"
"act","202509","b. 9-15","c. avance 40-70%","5","922.17","3"
"act","202509","b. 9-15","c. avance 40-70%","8","116.68","1"
"act","202509","b. 9-15","c. avance 40-70%","9","610.71","2"
"act","202509","b. 9-15","c. avance 40-70%","10","128.58","1"
"act","202509","b. 9-15","c. avance 40-70%","11","803.9","2"
"act","202509","b. 9-15","c. avance 40-70%","12","263.57","1"
"act","202509","b. 9-15","c. avance 40-70%","13","1327.71","1"
"act","202509","b. 9-15","c. avance 40-70%","14","318.32","1"
"act","202509","b. 9-15","c. avance 40-70%","16","387.48","1"
"act","202509","b. 9-15","c. avance 40-70%","17","272.58","2"
"act","202509","b. 9-15","c. avance 40-70%","24","885.11","3"
"act","202509","b. 9-15","c. avance 40-70%","25","614.95","3"
"act","202509","b. 9-15","c. avance 40-70%","27","1353.21","2"
"act","202509","b. 9-15","c. avance 40-70%","28","1827.75","2"
"act","202509","b. 9-15","c. avance 40-70%","30","160.78","1"
"base","202509","b. 9-15","d. avance 70%+","-1","5138.18","13"
"act","202509","b. 9-15","d. avance 70%+","1","1095.45","3"
"act","202509","b. 9-15","d. avance 70%+","2","216.89","1"
"act","202509","b. 9-15","d. avance 70%+","3","218.81","1"
"act","202509","b. 9-15","d. avance 70%+","5","566.15","1"
"act","202509","b. 9-15","d. avance 70%+","17","222.9","1"
"act","202509","b. 9-15","d. avance 70%+","18","227.66","1"
"act","202509","b. 9-15","d. avance 70%+","20","527.89","2"
"act","202509","b. 9-15","d. avance 70%+","22","349.64","1"
"act","202509","b. 9-15","d. avance 70%+","29","71.52","1"
"act","202509","b. 9-15","d. avance 70%+","30","138.87","1"
"base","202509","c. 16-30","a. avance <10%","-1","261576.09","82"
"act","202509","c. 16-30","a. avance <10%","1","1224.5","8"
"act","202509","c. 16-30","a. avance <10%","2","587.23","3"
"act","202509","c. 16-30","a. avance <10%","3","115.85","1"
"act","202509","c. 16-30","a. avance <10%","4","410.59","2"
"act","202509","c. 16-30","a. avance <10%","5","455.56","2"
"act","202509","c. 16-30","a. avance <10%","8","262.95","1"
"act","202509","c. 16-30","a. avance <10%","9","131.75","1"
"act","202509","c. 16-30","a. avance <10%","10","367.12","2"
"act","202509","c. 16-30","a. avance <10%","12","341.11","3"
"act","202509","c. 16-30","a. avance <10%","15","167.83","1"
"act","202509","c. 16-30","a. avance <10%","18","85.51","1"
"act","202509","c. 16-30","a. avance <10%","21","582.01","1"
"act","202509","c. 16-30","a. avance <10%","25","934.68","4"
"act","202509","c. 16-30","a. avance <10%","26","243.93","2"
"act","202509","c. 16-30","a. avance <10%","30","852.41","2"
"base","202509","c. 16-30","b. avance 10-40%","-1","233980.66","92"
"act","202509","c. 16-30","b. avance 10-40%","1","2357.03","5"
"act","202509","c. 16-30","b. avance 10-40%","2","431.36","3"
"act","202509","c. 16-30","b. avance 10-40%","3","1925.28","7"
"act","202509","c. 16-30","b. avance 10-40%","4","114.28","1"
"act","202509","c. 16-30","b. avance 10-40%","5","1791.09","6"
"act","202509","c. 16-30","b. avance 10-40%","6","191.37","1"
"act","202509","c. 16-30","b. avance 10-40%","8","508.6","2"
"act","202509","c. 16-30","b. avance 10-40%","9","924.39","2"
"act","202509","c. 16-30","b. avance 10-40%","10","341.37","2"
"act","202509","c. 16-30","b. avance 10-40%","11","1578.19","3"
"act","202509","c. 16-30","b. avance 10-40%","15","381.11","1"
"act","202509","c. 16-30","b. avance 10-40%","19","199.27","1"
"act","202509","c. 16-30","b. avance 10-40%","20","317.42","1"
"act","202509","c. 16-30","b. avance 10-40%","22","599.7","3"
"act","202509","c. 16-30","b. avance 10-40%","23","872.65","2"
"act","202509","c. 16-30","b. avance 10-40%","26","404.11","1"
"act","202509","c. 16-30","b. avance 10-40%","27","240.26","1"
"act","202509","c. 16-30","b. avance 10-40%","28","125.51","1"
"act","202509","c. 16-30","b. avance 10-40%","30","161.92","1"
"base","202509","c. 16-30","c. avance 40-70%","-1","58943.81","65"
"act","202509","c. 16-30","c. avance 40-70%","1","1692.64","5"
"act","202509","c. 16-30","c. avance 40-70%","2","1567.81","6"
"act","202509","c. 16-30","c. avance 40-70%","3","1428.4","4"
"act","202509","c. 16-30","c. avance 40-70%","4","865.7","3"
"act","202509","c. 16-30","c. avance 40-70%","5","196.77","1"
"act","202509","c. 16-30","c. avance 40-70%","6","223.44","1"
"act","202509","c. 16-30","c. avance 40-70%","8","272.5","1"
"act","202509","c. 16-30","c. avance 40-70%","9","578.46","1"
"act","202509","c. 16-30","c. avance 40-70%","10","151.07","1"
"act","202509","c. 16-30","c. avance 40-70%","11","1089.37","3"
"act","202509","c. 16-30","c. avance 40-70%","13","876.89","2"
"act","202509","c. 16-30","c. avance 40-70%","16","463.1","1"
"act","202509","c. 16-30","c. avance 40-70%","17","106.28","1"
"act","202509","c. 16-30","c. avance 40-70%","18","380.55","1"
"act","202509","c. 16-30","c. avance 40-70%","19","617.08","2"
"act","202509","c. 16-30","c. avance 40-70%","20","349.39","2"
"act","202509","c. 16-30","c. avance 40-70%","22","1596.95","2"
"act","202509","c. 16-30","c. avance 40-70%","23","865.18","3"
"act","202509","c. 16-30","c. avance 40-70%","24","246.55","1"
"act","202509","c. 16-30","c. avance 40-70%","25","1751.22","3"
"act","202509","c. 16-30","c. avance 40-70%","27","531.82","1"
"act","202509","c. 16-30","c. avance 40-70%","29","197.59","1"
"act","202509","c. 16-30","c. avance 40-70%","30","402.08","1"
"base","202509","c. 16-30","d. avance 70%+","-1","7688.67","17"
"act","202509","c. 16-30","d. avance 70%+","1","619.26","3"
"act","202509","c. 16-30","d. avance 70%+","3","392.68","2"
"act","202509","c. 16-30","d. avance 70%+","4","174.21","1"
"act","202509","c. 16-30","d. avance 70%+","7","258.36","1"
"act","202509","c. 16-30","d. avance 70%+","14","240.46","1"
"act","202509","c. 16-30","d. avance 70%+","16","166.03","1"
"act","202509","c. 16-30","d. avance 70%+","18","771.71","2"
"act","202509","c. 16-30","d. avance 70%+","19","180.67","1"
"act","202509","c. 16-30","d. avance 70%+","21","338.73","1"
"base","202510","a. 1-8","a. avance <10%","-1","414387.89","131"
"act","202510","a. 1-8","a. avance <10%","1","5205.39","20"
"act","202510","a. 1-8","a. avance <10%","2","2085.17","10"
"act","202510","a. 1-8","a. avance <10%","3","1263.87","8"
"act","202510","a. 1-8","a. avance <10%","4","1172.79","4"
"act","202510","a. 1-8","a. avance <10%","5","99.33","1"
"act","202510","a. 1-8","a. avance <10%","6","449.02","3"
"act","202510","a. 1-8","a. avance <10%","8","1133.15","6"
"act","202510","a. 1-8","a. avance <10%","9","93.16","1"
"act","202510","a. 1-8","a. avance <10%","10","560.99","4"
"act","202510","a. 1-8","a. avance <10%","13","187.12","1"
"act","202510","a. 1-8","a. avance <10%","14","80.9","1"
"act","202510","a. 1-8","a. avance <10%","15","229.05","1"
"act","202510","a. 1-8","a. avance <10%","16","275.71","2"
"act","202510","a. 1-8","a. avance <10%","17","104.0","1"
"act","202510","a. 1-8","a. avance <10%","18","850.93","1"
"act","202510","a. 1-8","a. avance <10%","20","1309.97","3"
"act","202510","a. 1-8","a. avance <10%","21","380.21","2"
"act","202510","a. 1-8","a. avance <10%","22","129.49","1"
"act","202510","a. 1-8","a. avance <10%","23","468.7","2"
"act","202510","a. 1-8","a. avance <10%","24","415.63","4"
"act","202510","a. 1-8","a. avance <10%","25","173.04","1"
"act","202510","a. 1-8","a. avance <10%","26","199.83","2"
"act","202510","a. 1-8","a. avance <10%","27","4482.55","7"
"act","202510","a. 1-8","a. avance <10%","28","4826.05","13"
"act","202510","a. 1-8","a. avance <10%","29","3381.23","5"
"act","202510","a. 1-8","a. avance <10%","30","2152.16","11"
"act","202510","a. 1-8","a. avance <10%","31","768.18","5"
"base","202510","a. 1-8","b. avance 10-40%","-1","667616.22","328"
"act","202510","a. 1-8","b. avance 10-40%","1","13011.87","49"
"act","202510","a. 1-8","b. avance 10-40%","2","7956.99","29"
"act","202510","a. 1-8","b. avance 10-40%","3","7864.63","30"
"act","202510","a. 1-8","b. avance 10-40%","4","2488.09","6"
"act","202510","a. 1-8","b. avance 10-40%","5","910.01","5"
"act","202510","a. 1-8","b. avance 10-40%","6","2860.66","7"
"act","202510","a. 1-8","b. avance 10-40%","8","3826.4","15"
"act","202510","a. 1-8","b. avance 10-40%","9","915.65","3"
"act","202510","a. 1-8","b. avance 10-40%","10","778.94","5"
"act","202510","a. 1-8","b. avance 10-40%","11","492.27","3"
"act","202510","a. 1-8","b. avance 10-40%","12","592.89","1"
"act","202510","a. 1-8","b. avance 10-40%","13","860.58","3"
"act","202510","a. 1-8","b. avance 10-40%","14","488.06","3"
"act","202510","a. 1-8","b. avance 10-40%","15","991.09","6"
"act","202510","a. 1-8","b. avance 10-40%","16","1277.42","5"
"act","202510","a. 1-8","b. avance 10-40%","17","1424.12","4"
"act","202510","a. 1-8","b. avance 10-40%","18","1989.84","2"
"act","202510","a. 1-8","b. avance 10-40%","19","223.22","1"
"act","202510","a. 1-8","b. avance 10-40%","20","256.81","1"
"act","202510","a. 1-8","b. avance 10-40%","21","1005.41","6"
"act","202510","a. 1-8","b. avance 10-40%","22","690.24","5"
"act","202510","a. 1-8","b. avance 10-40%","23","1091.97","6"
"act","202510","a. 1-8","b. avance 10-40%","24","3164.18","9"
"act","202510","a. 1-8","b. avance 10-40%","25","1306.74","4"
"act","202510","a. 1-8","b. avance 10-40%","26","998.86","7"
"act","202510","a. 1-8","b. avance 10-40%","27","5396.27","19"
"act","202510","a. 1-8","b. avance 10-40%","28","8286.49","30"
"act","202510","a. 1-8","b. avance 10-40%","29","6358.39","32"
"act","202510","a. 1-8","b. avance 10-40%","30","8915.5","32"
"act","202510","a. 1-8","b. avance 10-40%","31","6108.22","24"
"base","202510","a. 1-8","c. avance 40-70%","-1","231961.16","276"
"act","202510","a. 1-8","c. avance 40-70%","1","14532.43","54"
"act","202510","a. 1-8","c. avance 40-70%","2","8894.72","33"
"act","202510","a. 1-8","c. avance 40-70%","3","4455.52","16"
"act","202510","a. 1-8","c. avance 40-70%","4","2011.39","13"
"act","202510","a. 1-8","c. avance 40-70%","5","806.61","5"
"act","202510","a. 1-8","c. avance 40-70%","6","382.18","2"
"act","202510","a. 1-8","c. avance 40-70%","7","247.0","1"
"act","202510","a. 1-8","c. avance 40-70%","8","1475.11","5"
"act","202510","a. 1-8","c. avance 40-70%","9","1942.43","5"
"act","202510","a. 1-8","c. avance 40-70%","10","548.33","3"
"act","202510","a. 1-8","c. avance 40-70%","11","275.71","1"
"act","202510","a. 1-8","c. avance 40-70%","12","168.57","1"
"act","202510","a. 1-8","c. avance 40-70%","13","546.39","2"
"act","202510","a. 1-8","c. avance 40-70%","14","1360.92","6"
"act","202510","a. 1-8","c. avance 40-70%","15","508.72","2"
"act","202510","a. 1-8","c. avance 40-70%","16","327.76","2"
"act","202510","a. 1-8","c. avance 40-70%","17","141.92","1"
"act","202510","a. 1-8","c. avance 40-70%","18","1763.4","2"
"act","202510","a. 1-8","c. avance 40-70%","19","371.0","1"
"act","202510","a. 1-8","c. avance 40-70%","20","977.73","4"
"act","202510","a. 1-8","c. avance 40-70%","21","1118.35","3"
"act","202510","a. 1-8","c. avance 40-70%","22","2323.84","7"
"act","202510","a. 1-8","c. avance 40-70%","23","382.08","2"
"act","202510","a. 1-8","c. avance 40-70%","24","3499.98","11"
"act","202510","a. 1-8","c. avance 40-70%","25","1940.2","6"
"act","202510","a. 1-8","c. avance 40-70%","26","1248.73","4"
"act","202510","a. 1-8","c. avance 40-70%","27","2999.72","10"
"act","202510","a. 1-8","c. avance 40-70%","28","6400.01","23"
"act","202510","a. 1-8","c. avance 40-70%","29","7912.29","30"
"act","202510","a. 1-8","c. avance 40-70%","30","3998.28","22"
"act","202510","a. 1-8","c. avance 40-70%","31","4979.09","19"
"base","202510","a. 1-8","d. avance 70%+","-1","43123.82","111"
"act","202510","a. 1-8","d. avance 70%+","1","6450.0","24"
"act","202510","a. 1-8","d. avance 70%+","2","3570.76","10"
"act","202510","a. 1-8","d. avance 70%+","3","1369.23","6"
"act","202510","a. 1-8","d. avance 70%+","4","1759.42","8"
"act","202510","a. 1-8","d. avance 70%+","6","406.73","2"
"act","202510","a. 1-8","d. avance 70%+","7","403.59","1"
"act","202510","a. 1-8","d. avance 70%+","8","2848.52","5"
"act","202510","a. 1-8","d. avance 70%+","9","359.39","2"
"act","202510","a. 1-8","d. avance 70%+","10","220.48","1"
"act","202510","a. 1-8","d. avance 70%+","11","1648.37","3"
"act","202510","a. 1-8","d. avance 70%+","12","284.32","1"
"act","202510","a. 1-8","d. avance 70%+","13","287.81","2"
"act","202510","a. 1-8","d. avance 70%+","15","509.06","1"
"act","202510","a. 1-8","d. avance 70%+","16","99.81","1"
"act","202510","a. 1-8","d. avance 70%+","17","140.61","1"
"act","202510","a. 1-8","d. avance 70%+","20","347.97","2"
"act","202510","a. 1-8","d. avance 70%+","21","619.9","2"
"act","202510","a. 1-8","d. avance 70%+","23","965.7","2"
"act","202510","a. 1-8","d. avance 70%+","24","407.42","2"
"act","202510","a. 1-8","d. avance 70%+","25","171.87","1"
"act","202510","a. 1-8","d. avance 70%+","26","359.98","2"
"act","202510","a. 1-8","d. avance 70%+","27","1862.23","6"
"act","202510","a. 1-8","d. avance 70%+","28","1847.57","8"
"act","202510","a. 1-8","d. avance 70%+","29","1851.87","8"
"act","202510","a. 1-8","d. avance 70%+","30","1179.96","4"
"act","202510","a. 1-8","d. avance 70%+","31","1626.57","8"
"base","202510","b. 9-15","a. avance <10%","-1","156226.17","47"
"act","202510","b. 9-15","a. avance <10%","1","835.19","3"
"act","202510","b. 9-15","a. avance <10%","2","540.47","2"
"act","202510","b. 9-15","a. avance <10%","3","737.96","2"
"act","202510","b. 9-15","a. avance <10%","6","407.36","2"
"act","202510","b. 9-15","a. avance <10%","10","1697.37","1"
"act","202510","b. 9-15","a. avance <10%","16","389.96","3"
"act","202510","b. 9-15","a. avance <10%","17","473.68","2"
"act","202510","b. 9-15","a. avance <10%","18","76.75","1"
"act","202510","b. 9-15","a. avance <10%","20","678.61","1"
"act","202510","b. 9-15","a. avance <10%","22","977.94","2"
"act","202510","b. 9-15","a. avance <10%","24","434.57","1"
"act","202510","b. 9-15","a. avance <10%","25","131.31","1"
"act","202510","b. 9-15","a. avance <10%","28","231.9","1"
"act","202510","b. 9-15","a. avance <10%","29","476.54","2"
"act","202510","b. 9-15","a. avance <10%","31","175.43","1"
"base","202510","b. 9-15","b. avance 10-40%","-1","157162.9","80"
"act","202510","b. 9-15","b. avance 10-40%","1","2891.12","8"
"act","202510","b. 9-15","b. avance 10-40%","2","700.23","3"
"act","202510","b. 9-15","b. avance 10-40%","3","584.77","2"
"act","202510","b. 9-15","b. avance 10-40%","5","76.39","1"
"act","202510","b. 9-15","b. avance 10-40%","6","520.83","3"
"act","202510","b. 9-15","b. avance 10-40%","8","246.34","1"
"act","202510","b. 9-15","b. avance 10-40%","9","126.97","1"
"act","202510","b. 9-15","b. avance 10-40%","10","605.87","1"
"act","202510","b. 9-15","b. avance 10-40%","11","87.01","1"
"act","202510","b. 9-15","b. avance 10-40%","13","472.65","2"
"act","202510","b. 9-15","b. avance 10-40%","14","1044.97","2"
"act","202510","b. 9-15","b. avance 10-40%","15","672.15","4"
"act","202510","b. 9-15","b. avance 10-40%","17","507.82","2"
"act","202510","b. 9-15","b. avance 10-40%","19","79.07","1"
"act","202510","b. 9-15","b. avance 10-40%","20","931.98","3"
"act","202510","b. 9-15","b. avance 10-40%","21","169.34","1"
"act","202510","b. 9-15","b. avance 10-40%","22","204.43","1"
"act","202510","b. 9-15","b. avance 10-40%","23","1063.72","4"
"act","202510","b. 9-15","b. avance 10-40%","24","599.59","2"
"act","202510","b. 9-15","b. avance 10-40%","26","82.92","1"
"act","202510","b. 9-15","b. avance 10-40%","27","141.44","1"
"act","202510","b. 9-15","b. avance 10-40%","28","601.12","2"
"act","202510","b. 9-15","b. avance 10-40%","29","172.66","1"
"act","202510","b. 9-15","b. avance 10-40%","31","222.5","1"
"base","202510","b. 9-15","c. avance 40-70%","-1","73992.71","73"
"act","202510","b. 9-15","c. avance 40-70%","1","1392.8","6"
"act","202510","b. 9-15","c. avance 40-70%","2","1022.35","2"
"act","202510","b. 9-15","c. avance 40-70%","3","1082.9","5"
"act","202510","b. 9-15","c. avance 40-70%","4","103.61","1"
"act","202510","b. 9-15","c. avance 40-70%","6","1391.68","1"
"act","202510","b. 9-15","c. avance 40-70%","8","1468.97","6"
"act","202510","b. 9-15","c. avance 40-70%","9","3895.34","3"
"act","202510","b. 9-15","c. avance 40-70%","10","400.79","2"
"act","202510","b. 9-15","c. avance 40-70%","12","289.89","1"
"act","202510","b. 9-15","c. avance 40-70%","13","151.72","1"
"act","202510","b. 9-15","c. avance 40-70%","14","722.87","2"
"act","202510","b. 9-15","c. avance 40-70%","15","521.4","3"
"act","202510","b. 9-15","c. avance 40-70%","16","758.86","4"
"act","202510","b. 9-15","c. avance 40-70%","17","2265.38","3"
"act","202510","b. 9-15","c. avance 40-70%","18","721.06","3"
"act","202510","b. 9-15","c. avance 40-70%","19","808.84","2"
"act","202510","b. 9-15","c. avance 40-70%","20","999.27","2"
"act","202510","b. 9-15","c. avance 40-70%","21","728.91","2"
"act","202510","b. 9-15","c. avance 40-70%","22","624.94","2"
"act","202510","b. 9-15","c. avance 40-70%","23","84.26","1"
"act","202510","b. 9-15","c. avance 40-70%","25","113.87","1"
"act","202510","b. 9-15","c. avance 40-70%","27","348.52","2"
"act","202510","b. 9-15","c. avance 40-70%","28","2862.34","5"
"act","202510","b. 9-15","c. avance 40-70%","30","931.56","4"
"act","202510","b. 9-15","c. avance 40-70%","31","659.64","3"
"base","202510","b. 9-15","d. avance 70%+","-1","8117.59","17"
"act","202510","b. 9-15","d. avance 70%+","1","736.68","2"
"act","202510","b. 9-15","d. avance 70%+","2","148.23","1"
"act","202510","b. 9-15","d. avance 70%+","3","420.27","2"
"act","202510","b. 9-15","d. avance 70%+","5","208.88","1"
"act","202510","b. 9-15","d. avance 70%+","8","1045.49","1"
"act","202510","b. 9-15","d. avance 70%+","9","524.18","1"
"act","202510","b. 9-15","d. avance 70%+","11","233.93","1"
"act","202510","b. 9-15","d. avance 70%+","20","229.59","1"
"act","202510","b. 9-15","d. avance 70%+","31","693.98","3"
"base","202510","c. 16-30","a. avance <10%","-1","330931.68","90"
"act","202510","c. 16-30","a. avance <10%","1","2378.89","7"
"act","202510","c. 16-30","a. avance <10%","2","129.01","1"
"act","202510","c. 16-30","a. avance <10%","6","282.15","2"
"act","202510","c. 16-30","a. avance <10%","8","379.32","2"
"act","202510","c. 16-30","a. avance <10%","9","519.64","4"
"act","202510","c. 16-30","a. avance <10%","11","272.61","2"
"act","202510","c. 16-30","a. avance <10%","15","1782.46","1"
"act","202510","c. 16-30","a. avance <10%","19","336.11","1"
"act","202510","c. 16-30","a. avance <10%","21","275.77","1"
"act","202510","c. 16-30","a. avance <10%","22","105.95","1"
"act","202510","c. 16-30","a. avance <10%","23","406.06","1"
"act","202510","c. 16-30","a. avance <10%","24","273.76","1"
"act","202510","c. 16-30","a. avance <10%","27","112.64","1"
"act","202510","c. 16-30","a. avance <10%","29","202.07","2"
"act","202510","c. 16-30","a. avance <10%","31","307.58","3"
"base","202510","c. 16-30","b. avance 10-40%","-1","234367.26","108"
"act","202510","c. 16-30","b. avance 10-40%","1","1446.45","5"
"act","202510","c. 16-30","b. avance 10-40%","2","1792.27","6"
"act","202510","c. 16-30","b. avance 10-40%","3","463.82","3"
"act","202510","c. 16-30","b. avance 10-40%","4","330.89","3"
"act","202510","c. 16-30","b. avance 10-40%","5","2820.01","3"
"act","202510","c. 16-30","b. avance 10-40%","6","341.76","1"
"act","202510","c. 16-30","b. avance 10-40%","7","714.89","1"
"act","202510","c. 16-30","b. avance 10-40%","8","245.41","1"
"act","202510","c. 16-30","b. avance 10-40%","10","103.0","1"
"act","202510","c. 16-30","b. avance 10-40%","11","182.29","1"
"act","202510","c. 16-30","b. avance 10-40%","13","704.2","1"
"act","202510","c. 16-30","b. avance 10-40%","14","1940.44","2"
"act","202510","c. 16-30","b. avance 10-40%","15","1228.78","2"
"act","202510","c. 16-30","b. avance 10-40%","16","444.71","2"
"act","202510","c. 16-30","b. avance 10-40%","21","178.47","1"
"act","202510","c. 16-30","b. avance 10-40%","22","149.41","1"
"act","202510","c. 16-30","b. avance 10-40%","24","515.49","3"
"act","202510","c. 16-30","b. avance 10-40%","26","226.91","1"
"act","202510","c. 16-30","b. avance 10-40%","27","260.04","1"
"act","202510","c. 16-30","b. avance 10-40%","30","246.68","1"
"act","202510","c. 16-30","b. avance 10-40%","31","523.34","1"
"base","202510","c. 16-30","c. avance 40-70%","-1","72403.79","77"
"act","202510","c. 16-30","c. avance 40-70%","1","1546.3","9"
"act","202510","c. 16-30","c. avance 40-70%","2","2165.68","6"
"act","202510","c. 16-30","c. avance 40-70%","3","401.56","1"
"act","202510","c. 16-30","c. avance 40-70%","5","366.34","2"
"act","202510","c. 16-30","c. avance 40-70%","6","133.93","1"
"act","202510","c. 16-30","c. avance 40-70%","7","489.45","2"
"act","202510","c. 16-30","c. avance 40-70%","8","547.66","2"
"act","202510","c. 16-30","c. avance 40-70%","9","1019.48","3"
"act","202510","c. 16-30","c. avance 40-70%","10","329.37","1"
"act","202510","c. 16-30","c. avance 40-70%","12","182.18","1"
"act","202510","c. 16-30","c. avance 40-70%","14","461.44","1"
"act","202510","c. 16-30","c. avance 40-70%","15","499.22","1"
"act","202510","c. 16-30","c. avance 40-70%","16","865.53","2"
"act","202510","c. 16-30","c. avance 40-70%","29","795.6","2"
"act","202510","c. 16-30","c. avance 40-70%","30","498.98","3"
"act","202510","c. 16-30","c. avance 40-70%","31","721.4","3"
"base","202510","c. 16-30","d. avance 70%+","-1","15105.28","34"
"act","202510","c. 16-30","d. avance 70%+","1","2288.38","5"
"act","202510","c. 16-30","d. avance 70%+","2","494.94","1"
"act","202510","c. 16-30","d. avance 70%+","3","267.75","1"
"act","202510","c. 16-30","d. avance 70%+","5","458.28","3"
"act","202510","c. 16-30","d. avance 70%+","8","278.51","1"
"act","202510","c. 16-30","d. avance 70%+","9","1138.29","2"
"act","202510","c. 16-30","d. avance 70%+","13","321.21","1"
"act","202510","c. 16-30","d. avance 70%+","15","300.74","1"
"act","202510","c. 16-30","d. avance 70%+","16","303.66","1"
"act","202510","c. 16-30","d. avance 70%+","21","1022.54","2"
"act","202510","c. 16-30","d. avance 70%+","22","362.45","1"
"act","202510","c. 16-30","d. avance 70%+","24","349.02","1"
"act","202510","c. 16-30","d. avance 70%+","27","269.51","1"
"act","202510","c. 16-30","d. avance 70%+","28","569.44","1"
"act","202510","c. 16-30","d. avance 70%+","30","707.03","1"
"base","202511","a. 1-8","a. avance <10%","-1","711436.47","228"
"act","202511","a. 1-8","a. avance <10%","1","6900.89","36"
"act","202511","a. 1-8","a. avance <10%","2","1317.79","5"
"act","202511","a. 1-8","a. avance <10%","3","5952.46","26"
"act","202511","a. 1-8","a. avance <10%","4","3604.5","12"
"act","202511","a. 1-8","a. avance <10%","5","3172.1","18"
"act","202511","a. 1-8","a. avance <10%","6","2304.33","8"
"act","202511","a. 1-8","a. avance <10%","7","1488.24","8"
"act","202511","a. 1-8","a. avance <10%","8","301.81","3"
"act","202511","a. 1-8","a. avance <10%","10","437.65","2"
"act","202511","a. 1-8","a. avance <10%","11","4200.99","4"
"act","202511","a. 1-8","a. avance <10%","13","1131.78","7"
"act","202511","a. 1-8","a. avance <10%","14","1626.68","8"
"act","202511","a. 1-8","a. avance <10%","15","216.12","2"
"act","202511","a. 1-8","a. avance <10%","16","658.42","3"
"act","202511","a. 1-8","a. avance <10%","17","466.56","1"
"act","202511","a. 1-8","a. avance <10%","18","126.17","1"
"act","202511","a. 1-8","a. avance <10%","19","1501.57","4"
"act","202511","a. 1-8","a. avance <10%","20","74.94","1"
"act","202511","a. 1-8","a. avance <10%","21","240.12","1"
"act","202511","a. 1-8","a. avance <10%","24","465.35","3"
"act","202511","a. 1-8","a. avance <10%","25","82.79","1"
"act","202511","a. 1-8","a. avance <10%","26","1699.7","4"
"act","202511","a. 1-8","a. avance <10%","27","2134.24","8"
"act","202511","a. 1-8","a. avance <10%","28","2891.33","15"
"act","202511","a. 1-8","a. avance <10%","29","17841.04","25"
"act","202511","a. 1-8","a. avance <10%","30","3018.25","12"
"base","202511","a. 1-8","b. avance 10-40%","-1","1052722.4","496"
"act","202511","a. 1-8","b. avance 10-40%","1","13873.55","64"
"act","202511","a. 1-8","b. avance 10-40%","2","5171.78","24"
"act","202511","a. 1-8","b. avance 10-40%","3","16757.16","51"
"act","202511","a. 1-8","b. avance 10-40%","4","5334.91","17"
"act","202511","a. 1-8","b. avance 10-40%","5","6416.42","32"
"act","202511","a. 1-8","b. avance 10-40%","6","7581.07","15"
"act","202511","a. 1-8","b. avance 10-40%","7","5351.84","11"
"act","202511","a. 1-8","b. avance 10-40%","8","1368.13","4"
"act","202511","a. 1-8","b. avance 10-40%","9","2217.74","1"
"act","202511","a. 1-8","b. avance 10-40%","10","1323.2","5"
"act","202511","a. 1-8","b. avance 10-40%","11","1437.2","6"
"act","202511","a. 1-8","b. avance 10-40%","12","1277.8","6"
"act","202511","a. 1-8","b. avance 10-40%","13","3472.26","5"
"act","202511","a. 1-8","b. avance 10-40%","14","2104.91","8"
"act","202511","a. 1-8","b. avance 10-40%","15","890.64","8"
"act","202511","a. 1-8","b. avance 10-40%","16","104.81","1"
"act","202511","a. 1-8","b. avance 10-40%","17","739.81","4"
"act","202511","a. 1-8","b. avance 10-40%","19","1518.36","6"
"act","202511","a. 1-8","b. avance 10-40%","20","1985.45","8"
"act","202511","a. 1-8","b. avance 10-40%","21","2906.11","8"
"act","202511","a. 1-8","b. avance 10-40%","22","1090.2","2"
"act","202511","a. 1-8","b. avance 10-40%","24","2056.68","10"
"act","202511","a. 1-8","b. avance 10-40%","25","4298.2","18"
"act","202511","a. 1-8","b. avance 10-40%","26","2149.4","11"
"act","202511","a. 1-8","b. avance 10-40%","27","4064.73","14"
"act","202511","a. 1-8","b. avance 10-40%","28","8750.34","33"
"act","202511","a. 1-8","b. avance 10-40%","29","8274.17","38"
"act","202511","a. 1-8","b. avance 10-40%","30","7123.47","33"
"base","202511","a. 1-8","c. avance 40-70%","-1","368794.53","400"
"act","202511","a. 1-8","c. avance 40-70%","1","12549.37","47"
"act","202511","a. 1-8","c. avance 40-70%","2","7855.4","29"
"act","202511","a. 1-8","c. avance 40-70%","3","11243.57","49"
"act","202511","a. 1-8","c. avance 40-70%","4","2784.95","8"
"act","202511","a. 1-8","c. avance 40-70%","5","5877.96","22"
"act","202511","a. 1-8","c. avance 40-70%","6","7336.89","24"
"act","202511","a. 1-8","c. avance 40-70%","7","3729.61","5"
"act","202511","a. 1-8","c. avance 40-70%","8","1506.82","5"
"act","202511","a. 1-8","c. avance 40-70%","9","563.03","3"
"act","202511","a. 1-8","c. avance 40-70%","10","1701.58","9"
"act","202511","a. 1-8","c. avance 40-70%","11","857.58","3"
"act","202511","a. 1-8","c. avance 40-70%","12","909.23","4"
"act","202511","a. 1-8","c. avance 40-70%","13","937.5","2"
"act","202511","a. 1-8","c. avance 40-70%","14","642.89","3"
"act","202511","a. 1-8","c. avance 40-70%","15","1061.66","3"
"act","202511","a. 1-8","c. avance 40-70%","16","625.69","2"
"act","202511","a. 1-8","c. avance 40-70%","17","563.99","3"
"act","202511","a. 1-8","c. avance 40-70%","18","1300.11","4"
"act","202511","a. 1-8","c. avance 40-70%","19","1400.07","6"
"act","202511","a. 1-8","c. avance 40-70%","20","897.27","6"
"act","202511","a. 1-8","c. avance 40-70%","21","1130.68","4"
"act","202511","a. 1-8","c. avance 40-70%","22","105.82","1"
"act","202511","a. 1-8","c. avance 40-70%","23","82.49","1"
"act","202511","a. 1-8","c. avance 40-70%","24","1548.64","5"
"act","202511","a. 1-8","c. avance 40-70%","25","4707.97","9"
"act","202511","a. 1-8","c. avance 40-70%","26","3399.04","15"
"act","202511","a. 1-8","c. avance 40-70%","27","3035.27","12"
"act","202511","a. 1-8","c. avance 40-70%","28","6781.22","23"
"act","202511","a. 1-8","c. avance 40-70%","29","8606.92","34"
"act","202511","a. 1-8","c. avance 40-70%","30","7746.94","26"
"base","202511","a. 1-8","d. avance 70%+","-1","66883.89","145"
"act","202511","a. 1-8","d. avance 70%+","1","6901.0","24"
"act","202511","a. 1-8","d. avance 70%+","2","1642.03","7"
"act","202511","a. 1-8","d. avance 70%+","3","4451.31","18"
"act","202511","a. 1-8","d. avance 70%+","4","2603.64","10"
"act","202511","a. 1-8","d. avance 70%+","5","1382.32","6"
"act","202511","a. 1-8","d. avance 70%+","6","561.62","2"
"act","202511","a. 1-8","d. avance 70%+","7","69.99","1"
"act","202511","a. 1-8","d. avance 70%+","9","178.53","1"
"act","202511","a. 1-8","d. avance 70%+","10","885.17","5"
"act","202511","a. 1-8","d. avance 70%+","11","1375.53","5"
"act","202511","a. 1-8","d. avance 70%+","12","905.26","4"
"act","202511","a. 1-8","d. avance 70%+","13","628.55","1"
"act","202511","a. 1-8","d. avance 70%+","14","148.27","1"
"act","202511","a. 1-8","d. avance 70%+","15","1168.05","4"
"act","202511","a. 1-8","d. avance 70%+","16","352.0","1"
"act","202511","a. 1-8","d. avance 70%+","17","1342.27","3"
"act","202511","a. 1-8","d. avance 70%+","19","1525.3","3"
"act","202511","a. 1-8","d. avance 70%+","20","434.03","2"
"act","202511","a. 1-8","d. avance 70%+","22","404.34","2"
"act","202511","a. 1-8","d. avance 70%+","24","362.12","2"
"act","202511","a. 1-8","d. avance 70%+","25","524.01","2"
"act","202511","a. 1-8","d. avance 70%+","26","1457.59","5"
"act","202511","a. 1-8","d. avance 70%+","27","312.79","2"
"act","202511","a. 1-8","d. avance 70%+","28","1679.08","8"
"act","202511","a. 1-8","d. avance 70%+","29","2916.03","11"
"act","202511","a. 1-8","d. avance 70%+","30","1682.87","5"
"base","202511","b. 9-15","a. avance <10%","-1","139966.5","51"
"act","202511","b. 9-15","a. avance <10%","1","497.37","3"
"act","202511","b. 9-15","a. avance <10%","2","185.76","1"
"act","202511","b. 9-15","a. avance <10%","3","99.87","1"
"act","202511","b. 9-15","a. avance <10%","4","230.91","2"
"act","202511","b. 9-15","a. avance <10%","5","106.62","1"
"act","202511","b. 9-15","a. avance <10%","6","117.05","1"
"act","202511","b. 9-15","a. avance <10%","7","353.13","1"
"act","202511","b. 9-15","a. avance <10%","8","103.89","1"
"act","202511","b. 9-15","a. avance <10%","11","418.27","2"
"act","202511","b. 9-15","a. avance <10%","12","105.34","1"
"act","202511","b. 9-15","a. avance <10%","14","292.85","2"
"act","202511","b. 9-15","a. avance <10%","17","574.51","2"
"act","202511","b. 9-15","a. avance <10%","18","116.89","1"
"act","202511","b. 9-15","a. avance <10%","19","266.12","2"
"act","202511","b. 9-15","a. avance <10%","20","3283.77","3"
"act","202511","b. 9-15","a. avance <10%","21","513.64","3"
"act","202511","b. 9-15","a. avance <10%","22","150.41","1"
"act","202511","b. 9-15","a. avance <10%","23","161.07","1"
"act","202511","b. 9-15","a. avance <10%","24","527.76","2"
"act","202511","b. 9-15","a. avance <10%","25","76.01","1"
"act","202511","b. 9-15","a. avance <10%","27","126.69","1"
"act","202511","b. 9-15","a. avance <10%","28","155.23","1"
"act","202511","b. 9-15","a. avance <10%","29","278.65","2"
"base","202511","b. 9-15","b. avance 10-40%","-1","141194.42","67"
"act","202511","b. 9-15","b. avance 10-40%","1","974.67","5"
"act","202511","b. 9-15","b. avance 10-40%","2","149.79","1"
"act","202511","b. 9-15","b. avance 10-40%","3","1959.7","4"
"act","202511","b. 9-15","b. avance 10-40%","4","559.38","3"
"act","202511","b. 9-15","b. avance 10-40%","5","1125.04","4"
"act","202511","b. 9-15","b. avance 10-40%","6","452.73","2"
"act","202511","b. 9-15","b. avance 10-40%","10","190.0","1"
"act","202511","b. 9-15","b. avance 10-40%","11","203.98","1"
"act","202511","b. 9-15","b. avance 10-40%","12","710.61","2"
"act","202511","b. 9-15","b. avance 10-40%","13","878.18","3"
"act","202511","b. 9-15","b. avance 10-40%","14","107.49","1"
"act","202511","b. 9-15","b. avance 10-40%","15","257.61","2"
"act","202511","b. 9-15","b. avance 10-40%","17","972.06","1"
"act","202511","b. 9-15","b. avance 10-40%","18","219.09","1"
"act","202511","b. 9-15","b. avance 10-40%","19","556.67","2"
"act","202511","b. 9-15","b. avance 10-40%","20","1352.34","4"
"act","202511","b. 9-15","b. avance 10-40%","21","1846.26","5"
"act","202511","b. 9-15","b. avance 10-40%","22","792.8","4"
"act","202511","b. 9-15","b. avance 10-40%","23","152.87","1"
"act","202511","b. 9-15","b. avance 10-40%","24","291.77","1"
"act","202511","b. 9-15","b. avance 10-40%","25","873.52","3"
"act","202511","b. 9-15","b. avance 10-40%","26","969.66","5"
"act","202511","b. 9-15","b. avance 10-40%","27","353.08","2"
"act","202511","b. 9-15","b. avance 10-40%","28","506.73","3"
"act","202511","b. 9-15","b. avance 10-40%","29","560.61","3"
"base","202511","b. 9-15","c. avance 40-70%","-1","47562.54","68"
"act","202511","b. 9-15","c. avance 40-70%","1","541.17","3"
"act","202511","b. 9-15","c. avance 40-70%","2","933.08","3"
"act","202511","b. 9-15","c. avance 40-70%","3","2009.75","10"
"act","202511","b. 9-15","c. avance 40-70%","4","319.4","2"
"act","202511","b. 9-15","c. avance 40-70%","6","1188.69","3"
"act","202511","b. 9-15","c. avance 40-70%","7","303.98","1"
"act","202511","b. 9-15","c. avance 40-70%","8","177.79","1"
"act","202511","b. 9-15","c. avance 40-70%","9","170.31","1"
"act","202511","b. 9-15","c. avance 40-70%","11","141.51","1"
"act","202511","b. 9-15","c. avance 40-70%","12","688.68","4"
"act","202511","b. 9-15","c. avance 40-70%","14","852.11","3"
"act","202511","b. 9-15","c. avance 40-70%","15","969.86","2"
"act","202511","b. 9-15","c. avance 40-70%","17","593.5","1"
"act","202511","b. 9-15","c. avance 40-70%","18","776.87","4"
"act","202511","b. 9-15","c. avance 40-70%","19","362.01","1"
"act","202511","b. 9-15","c. avance 40-70%","20","184.54","1"
"act","202511","b. 9-15","c. avance 40-70%","21","1162.95","4"
"act","202511","b. 9-15","c. avance 40-70%","22","586.12","2"
"act","202511","b. 9-15","c. avance 40-70%","23","162.82","1"
"act","202511","b. 9-15","c. avance 40-70%","24","803.6","3"
"act","202511","b. 9-15","c. avance 40-70%","26","1156.93","5"
"act","202511","b. 9-15","c. avance 40-70%","27","867.67","2"
"act","202511","b. 9-15","c. avance 40-70%","28","370.36","2"
"act","202511","b. 9-15","c. avance 40-70%","29","439.65","2"
"act","202511","b. 9-15","c. avance 40-70%","30","120.11","1"
"base","202511","b. 9-15","d. avance 70%+","-1","13118.2","29"
"act","202511","b. 9-15","d. avance 70%+","1","154.47","1"
"act","202511","b. 9-15","d. avance 70%+","3","180.86","1"
"act","202511","b. 9-15","d. avance 70%+","4","530.67","3"
"act","202511","b. 9-15","d. avance 70%+","5","969.76","3"
"act","202511","b. 9-15","d. avance 70%+","7","421.44","2"
"act","202511","b. 9-15","d. avance 70%+","8","196.8","1"
"act","202511","b. 9-15","d. avance 70%+","9","230.93","1"
"act","202511","b. 9-15","d. avance 70%+","13","58.71","1"
"act","202511","b. 9-15","d. avance 70%+","14","1259.05","1"
"act","202511","b. 9-15","d. avance 70%+","18","392.7","1"
"act","202511","b. 9-15","d. avance 70%+","19","331.74","2"
"act","202511","b. 9-15","d. avance 70%+","21","226.02","1"
"act","202511","b. 9-15","d. avance 70%+","22","911.73","2"
"act","202511","b. 9-15","d. avance 70%+","23","192.08","1"
"act","202511","b. 9-15","d. avance 70%+","24","415.25","2"
"act","202511","b. 9-15","d. avance 70%+","28","455.16","1"
"act","202511","b. 9-15","d. avance 70%+","29","192.54","1"
"base","202511","c. 16-30","a. avance <10%","-1","344067.56","106"
"act","202511","c. 16-30","a. avance <10%","1","187.66","1"
"act","202511","c. 16-30","a. avance <10%","2","230.95","1"
"act","202511","c. 16-30","a. avance <10%","3","467.47","3"
"act","202511","c. 16-30","a. avance <10%","4","112.35","1"
"act","202511","c. 16-30","a. avance <10%","5","632.06","3"
"act","202511","c. 16-30","a. avance <10%","8","53.04","1"
"act","202511","c. 16-30","a. avance <10%","10","724.85","2"
"act","202511","c. 16-30","a. avance <10%","11","183.91","1"
"act","202511","c. 16-30","a. avance <10%","12","202.74","1"
"act","202511","c. 16-30","a. avance <10%","13","382.98","1"
"act","202511","c. 16-30","a. avance <10%","14","339.4","2"
"act","202511","c. 16-30","a. avance <10%","15","459.37","3"
"act","202511","c. 16-30","a. avance <10%","17","694.81","1"
"act","202511","c. 16-30","a. avance <10%","18","396.82","1"
"act","202511","c. 16-30","a. avance <10%","19","78.69","1"
"act","202511","c. 16-30","a. avance <10%","21","935.57","3"
"act","202511","c. 16-30","a. avance <10%","22","104.47","1"
"act","202511","c. 16-30","a. avance <10%","24","315.81","2"
"act","202511","c. 16-30","a. avance <10%","25","109.0","1"
"act","202511","c. 16-30","a. avance <10%","27","414.63","2"
"act","202511","c. 16-30","a. avance <10%","28","312.7","2"
"act","202511","c. 16-30","a. avance <10%","29","292.49","1"
"base","202511","c. 16-30","b. avance 10-40%","-1","228526.66","114"
"act","202511","c. 16-30","b. avance 10-40%","1","266.21","2"
"act","202511","c. 16-30","b. avance 10-40%","2","536.3","3"
"act","202511","c. 16-30","b. avance 10-40%","3","465.95","4"
"act","202511","c. 16-30","b. avance 10-40%","4","760.36","4"
"act","202511","c. 16-30","b. avance 10-40%","5","470.48","3"
"act","202511","c. 16-30","b. avance 10-40%","6","632.69","3"
"act","202511","c. 16-30","b. avance 10-40%","7","1198.93","5"
"act","202511","c. 16-30","b. avance 10-40%","8","94.21","1"
"act","202511","c. 16-30","b. avance 10-40%","9","224.86","2"
"act","202511","c. 16-30","b. avance 10-40%","10","664.19","3"
"act","202511","c. 16-30","b. avance 10-40%","11","1195.85","5"
"act","202511","c. 16-30","b. avance 10-40%","12","365.04","1"
"act","202511","c. 16-30","b. avance 10-40%","13","401.04","2"
"act","202511","c. 16-30","b. avance 10-40%","14","1266.48","2"
"act","202511","c. 16-30","b. avance 10-40%","17","1524.4","2"
"act","202511","c. 16-30","b. avance 10-40%","19","1955.64","10"
"act","202511","c. 16-30","b. avance 10-40%","20","814.76","2"
"act","202511","c. 16-30","b. avance 10-40%","21","363.7","2"
"act","202511","c. 16-30","b. avance 10-40%","22","1311.57","5"
"act","202511","c. 16-30","b. avance 10-40%","24","305.06","3"
"act","202511","c. 16-30","b. avance 10-40%","25","1209.91","3"
"act","202511","c. 16-30","b. avance 10-40%","26","593.22","2"
"act","202511","c. 16-30","b. avance 10-40%","27","629.26","2"
"act","202511","c. 16-30","b. avance 10-40%","28","529.64","2"
"act","202511","c. 16-30","b. avance 10-40%","29","96.56","1"
"base","202511","c. 16-30","c. avance 40-70%","-1","95216.92","93"
"act","202511","c. 16-30","c. avance 40-70%","1","1000.18","4"
"act","202511","c. 16-30","c. avance 40-70%","2","657.29","3"
"act","202511","c. 16-30","c. avance 40-70%","3","780.7","4"
"act","202511","c. 16-30","c. avance 40-70%","4","603.16","3"
"act","202511","c. 16-30","c. avance 40-70%","5","2347.76","7"
"act","202511","c. 16-30","c. avance 40-70%","6","744.55","4"
"act","202511","c. 16-30","c. avance 40-70%","7","792.33","3"
"act","202511","c. 16-30","c. avance 40-70%","8","485.63","2"
"act","202511","c. 16-30","c. avance 40-70%","9","167.92","1"
"act","202511","c. 16-30","c. avance 40-70%","11","548.14","2"
"act","202511","c. 16-30","c. avance 40-70%","12","158.78","1"
"act","202511","c. 16-30","c. avance 40-70%","13","1166.69","4"
"act","202511","c. 16-30","c. avance 40-70%","14","372.32","1"
"act","202511","c. 16-30","c. avance 40-70%","15","1501.27","5"
"act","202511","c. 16-30","c. avance 40-70%","17","1059.66","3"
"act","202511","c. 16-30","c. avance 40-70%","18","245.89","1"
"act","202511","c. 16-30","c. avance 40-70%","19","2509.93","6"
"act","202511","c. 16-30","c. avance 40-70%","20","299.77","1"
"act","202511","c. 16-30","c. avance 40-70%","21","580.43","3"
"act","202511","c. 16-30","c. avance 40-70%","22","145.4","1"
"act","202511","c. 16-30","c. avance 40-70%","23","385.17","1"
"act","202511","c. 16-30","c. avance 40-70%","24","685.7","1"
"act","202511","c. 16-30","c. avance 40-70%","25","493.9","2"
"act","202511","c. 16-30","c. avance 40-70%","26","137.78","1"
"act","202511","c. 16-30","c. avance 40-70%","28","708.76","2"
"act","202511","c. 16-30","c. avance 40-70%","29","1662.68","4"
"act","202511","c. 16-30","c. avance 40-70%","30","496.86","1"
"base","202511","c. 16-30","d. avance 70%+","-1","17186.56","34"
"act","202511","c. 16-30","d. avance 70%+","2","656.45","1"
"act","202511","c. 16-30","d. avance 70%+","4","276.74","2"
"act","202511","c. 16-30","d. avance 70%+","5","812.8","2"
"act","202511","c. 16-30","d. avance 70%+","6","385.54","2"
"act","202511","c. 16-30","d. avance 70%+","7","2043.14","2"
"act","202511","c. 16-30","d. avance 70%+","8","210.12","1"
"act","202511","c. 16-30","d. avance 70%+","9","66.2","1"
"act","202511","c. 16-30","d. avance 70%+","11","281.07","1"
"act","202511","c. 16-30","d. avance 70%+","14","203.48","1"
"act","202511","c. 16-30","d. avance 70%+","15","925.09","1"
"act","202511","c. 16-30","d. avance 70%+","20","830.41","2"
"act","202511","c. 16-30","d. avance 70%+","21","256.25","1"
"act","202511","c. 16-30","d. avance 70%+","23","242.02","1"
"act","202511","c. 16-30","d. avance 70%+","27","742.43","1"
"act","202511","c. 16-30","d. avance 70%+","28","384.14","2"
"base","202512","a. 1-8","a. avance <10%","-1","370525.47","125"
"act","202512","a. 1-8","a. avance <10%","1","8020.74","31"
"act","202512","a. 1-8","a. avance <10%","2","1928.83","7"
"act","202512","a. 1-8","a. avance <10%","3","2684.69","14"
"act","202512","a. 1-8","a. avance <10%","4","1473.18","6"
"act","202512","a. 1-8","a. avance <10%","5","2001.09","11"
"act","202512","a. 1-8","a. avance <10%","7","98.44","1"
"act","202512","a. 1-8","a. avance <10%","9","209.51","1"
"act","202512","a. 1-8","a. avance <10%","11","497.25","3"
"act","202512","a. 1-8","a. avance <10%","13","842.93","2"
"act","202512","a. 1-8","a. avance <10%","14","1205.48","2"
"act","202512","a. 1-8","a. avance <10%","15","517.82","3"
"act","202512","a. 1-8","a. avance <10%","16","129.94","1"
"act","202512","a. 1-8","a. avance <10%","17","173.48","1"
"act","202512","a. 1-8","a. avance <10%","18","1842.09","4"
"act","202512","a. 1-8","a. avance <10%","21","126.22","1"
"act","202512","a. 1-8","a. avance <10%","22","285.57","2"
"act","202512","a. 1-8","a. avance <10%","23","560.23","4"
"act","202512","a. 1-8","a. avance <10%","24","134.57","1"
"act","202512","a. 1-8","a. avance <10%","25","227.86","1"
"act","202512","a. 1-8","a. avance <10%","26","826.9","3"
"act","202512","a. 1-8","a. avance <10%","27","738.86","5"
"act","202512","a. 1-8","a. avance <10%","28","436.85","3"
"act","202512","a. 1-8","a. avance <10%","29","2279.12","9"
"act","202512","a. 1-8","a. avance <10%","30","944.93","6"
"act","202512","a. 1-8","a. avance <10%","31","3433.79","16"
"base","202512","a. 1-8","b. avance 10-40%","-1","495511.42","250"
"act","202512","a. 1-8","b. avance 10-40%","1","13091.1","60"
"act","202512","a. 1-8","b. avance 10-40%","2","11745.99","37"
"act","202512","a. 1-8","b. avance 10-40%","3","4570.37","19"
"act","202512","a. 1-8","b. avance 10-40%","4","753.01","2"
"act","202512","a. 1-8","b. avance 10-40%","5","3897.79","16"
"act","202512","a. 1-8","b. avance 10-40%","6","767.89","5"
"act","202512","a. 1-8","b. avance 10-40%","7","448.82","2"
"act","202512","a. 1-8","b. avance 10-40%","8","563.0","4"
"act","202512","a. 1-8","b. avance 10-40%","9","1118.36","4"
"act","202512","a. 1-8","b. avance 10-40%","10","442.71","3"
"act","202512","a. 1-8","b. avance 10-40%","11","1591.01","4"
"act","202512","a. 1-8","b. avance 10-40%","12","2282.95","7"
"act","202512","a. 1-8","b. avance 10-40%","13","347.17","3"
"act","202512","a. 1-8","b. avance 10-40%","14","414.92","1"
"act","202512","a. 1-8","b. avance 10-40%","15","745.98","3"
"act","202512","a. 1-8","b. avance 10-40%","16","429.33","3"
"act","202512","a. 1-8","b. avance 10-40%","17","705.43","2"
"act","202512","a. 1-8","b. avance 10-40%","18","1983.7","8"
"act","202512","a. 1-8","b. avance 10-40%","19","1491.57","4"
"act","202512","a. 1-8","b. avance 10-40%","20","1115.83","5"
"act","202512","a. 1-8","b. avance 10-40%","21","359.37","2"
"act","202512","a. 1-8","b. avance 10-40%","22","2730.9","6"
"act","202512","a. 1-8","b. avance 10-40%","23","1478.61","4"
"act","202512","a. 1-8","b. avance 10-40%","24","2610.53","11"
"act","202512","a. 1-8","b. avance 10-40%","25","258.75","1"
"act","202512","a. 1-8","b. avance 10-40%","26","4110.65","13"
"act","202512","a. 1-8","b. avance 10-40%","27","4763.59","15"
"act","202512","a. 1-8","b. avance 10-40%","28","1270.97","4"
"act","202512","a. 1-8","b. avance 10-40%","29","4377.63","23"
"act","202512","a. 1-8","b. avance 10-40%","30","3804.06","15"
"act","202512","a. 1-8","b. avance 10-40%","31","11929.48","37"
"base","202512","a. 1-8","c. avance 40-70%","-1","204824.3","210"
"act","202512","a. 1-8","c. avance 40-70%","1","14654.36","51"
"act","202512","a. 1-8","c. avance 40-70%","2","7088.55","31"
"act","202512","a. 1-8","c. avance 40-70%","3","5480.58","20"
"act","202512","a. 1-8","c. avance 40-70%","4","1394.95","6"
"act","202512","a. 1-8","c. avance 40-70%","5","3858.97","10"
"act","202512","a. 1-8","c. avance 40-70%","6","1051.52","4"
"act","202512","a. 1-8","c. avance 40-70%","7","989.04","5"
"act","202512","a. 1-8","c. avance 40-70%","8","4254.3","3"
"act","202512","a. 1-8","c. avance 40-70%","9","161.63","1"
"act","202512","a. 1-8","c. avance 40-70%","10","247.91","1"
"act","202512","a. 1-8","c. avance 40-70%","11","1321.96","4"
"act","202512","a. 1-8","c. avance 40-70%","12","1789.94","4"
"act","202512","a. 1-8","c. avance 40-70%","13","187.88","1"
"act","202512","a. 1-8","c. avance 40-70%","14","1137.26","2"
"act","202512","a. 1-8","c. avance 40-70%","15","512.72","2"
"act","202512","a. 1-8","c. avance 40-70%","16","1031.42","2"
"act","202512","a. 1-8","c. avance 40-70%","17","942.01","3"
"act","202512","a. 1-8","c. avance 40-70%","18","1530.86","4"
"act","202512","a. 1-8","c. avance 40-70%","19","1035.67","4"
"act","202512","a. 1-8","c. avance 40-70%","20","1035.77","3"
"act","202512","a. 1-8","c. avance 40-70%","21","552.56","2"
"act","202512","a. 1-8","c. avance 40-70%","22","1473.06","6"
"act","202512","a. 1-8","c. avance 40-70%","23","1097.8","4"
"act","202512","a. 1-8","c. avance 40-70%","24","2031.77","5"
"act","202512","a. 1-8","c. avance 40-70%","25","1136.16","4"
"act","202512","a. 1-8","c. avance 40-70%","26","784.05","3"
"act","202512","a. 1-8","c. avance 40-70%","27","2961.96","12"
"act","202512","a. 1-8","c. avance 40-70%","28","690.9","3"
"act","202512","a. 1-8","c. avance 40-70%","29","3311.49","16"
"act","202512","a. 1-8","c. avance 40-70%","30","1495.43","8"
"act","202512","a. 1-8","c. avance 40-70%","31","7550.47","28"
"base","202512","a. 1-8","d. avance 70%+","-1","38147.69","87"
"act","202512","a. 1-8","d. avance 70%+","1","4873.36","16"
"act","202512","a. 1-8","d. avance 70%+","2","2835.59","13"
"act","202512","a. 1-8","d. avance 70%+","3","454.86","3"
"act","202512","a. 1-8","d. avance 70%+","4","950.81","4"
"act","202512","a. 1-8","d. avance 70%+","5","1075.28","4"
"act","202512","a. 1-8","d. avance 70%+","6","753.49","4"
"act","202512","a. 1-8","d. avance 70%+","7","319.03","1"
"act","202512","a. 1-8","d. avance 70%+","9","1132.3","2"
"act","202512","a. 1-8","d. avance 70%+","10","170.94","1"
"act","202512","a. 1-8","d. avance 70%+","11","1837.19","4"
"act","202512","a. 1-8","d. avance 70%+","12","1396.9","4"
"act","202512","a. 1-8","d. avance 70%+","13","244.43","1"
"act","202512","a. 1-8","d. avance 70%+","16","112.13","1"
"act","202512","a. 1-8","d. avance 70%+","17","376.74","3"
"act","202512","a. 1-8","d. avance 70%+","18","1746.7","3"
"act","202512","a. 1-8","d. avance 70%+","19","239.87","1"
"act","202512","a. 1-8","d. avance 70%+","20","354.51","1"
"act","202512","a. 1-8","d. avance 70%+","21","355.02","2"
"act","202512","a. 1-8","d. avance 70%+","22","340.49","1"
"act","202512","a. 1-8","d. avance 70%+","23","402.78","2"
"act","202512","a. 1-8","d. avance 70%+","24","198.31","1"
"act","202512","a. 1-8","d. avance 70%+","26","741.9","2"
"act","202512","a. 1-8","d. avance 70%+","27","1142.09","3"
"act","202512","a. 1-8","d. avance 70%+","28","227.14","1"
"act","202512","a. 1-8","d. avance 70%+","29","4429.82","8"
"act","202512","a. 1-8","d. avance 70%+","30","1656.95","4"
"act","202512","a. 1-8","d. avance 70%+","31","1891.58","9"
"base","202512","b. 9-15","a. avance <10%","-1","141225.35","41"
"act","202512","b. 9-15","a. avance <10%","1","753.79","3"
"act","202512","b. 9-15","a. avance <10%","3","2050.29","3"
"act","202512","b. 9-15","a. avance <10%","5","347.84","2"
"act","202512","b. 9-15","a. avance <10%","6","128.0","1"
"act","202512","b. 9-15","a. avance <10%","10","559.13","3"
"act","202512","b. 9-15","a. avance <10%","11","131.74","1"
"act","202512","b. 9-15","a. avance <10%","12","153.89","1"
"act","202512","b. 9-15","a. avance <10%","15","174.89","1"
"act","202512","b. 9-15","a. avance <10%","16","483.76","2"
"act","202512","b. 9-15","a. avance <10%","17","148.56","1"
"act","202512","b. 9-15","a. avance <10%","18","397.78","1"
"act","202512","b. 9-15","a. avance <10%","20","195.99","1"
"act","202512","b. 9-15","a. avance <10%","27","93.47","1"
"act","202512","b. 9-15","a. avance <10%","30","1408.18","2"
"act","202512","b. 9-15","a. avance <10%","31","178.05","1"
"base","202512","b. 9-15","b. avance 10-40%","-1","160158.32","80"
"act","202512","b. 9-15","b. avance 10-40%","1","1471.07","4"
"act","202512","b. 9-15","b. avance 10-40%","2","1198.81","5"
"act","202512","b. 9-15","b. avance 10-40%","3","287.3","2"
"act","202512","b. 9-15","b. avance 10-40%","4","961.12","4"
"act","202512","b. 9-15","b. avance 10-40%","5","2648.59","5"
"act","202512","b. 9-15","b. avance 10-40%","6","1047.92","3"
"act","202512","b. 9-15","b. avance 10-40%","10","264.85","2"
"act","202512","b. 9-15","b. avance 10-40%","11","1051.17","5"
"act","202512","b. 9-15","b. avance 10-40%","12","390.82","2"
"act","202512","b. 9-15","b. avance 10-40%","13","303.14","2"
"act","202512","b. 9-15","b. avance 10-40%","14","224.01","1"
"act","202512","b. 9-15","b. avance 10-40%","15","1441.45","6"
"act","202512","b. 9-15","b. avance 10-40%","16","818.3","3"
"act","202512","b. 9-15","b. avance 10-40%","17","1629.7","4"
"act","202512","b. 9-15","b. avance 10-40%","18","377.56","2"
"act","202512","b. 9-15","b. avance 10-40%","19","456.52","2"
"act","202512","b. 9-15","b. avance 10-40%","20","1308.55","4"
"act","202512","b. 9-15","b. avance 10-40%","21","274.19","2"
"act","202512","b. 9-15","b. avance 10-40%","22","415.22","2"
"act","202512","b. 9-15","b. avance 10-40%","24","197.48","1"
"act","202512","b. 9-15","b. avance 10-40%","25","266.77","1"
"act","202512","b. 9-15","b. avance 10-40%","26","572.05","2"
"act","202512","b. 9-15","b. avance 10-40%","27","105.34","1"
"act","202512","b. 9-15","b. avance 10-40%","29","1086.86","3"
"act","202512","b. 9-15","b. avance 10-40%","30","240.03","1"
"act","202512","b. 9-15","b. avance 10-40%","31","1790.42","4"
"base","202512","b. 9-15","c. avance 40-70%","-1","49570.23","48"
"act","202512","b. 9-15","c. avance 40-70%","1","1206.37","4"
"act","202512","b. 9-15","c. avance 40-70%","2","740.14","2"
"act","202512","b. 9-15","c. avance 40-70%","3","508.08","3"
"act","202512","b. 9-15","c. avance 40-70%","5","790.2","3"
"act","202512","b. 9-15","c. avance 40-70%","6","2469.4","6"
"act","202512","b. 9-15","c. avance 40-70%","8","1003.91","1"
"act","202512","b. 9-15","c. avance 40-70%","9","344.47","1"
"act","202512","b. 9-15","c. avance 40-70%","10","83.65","1"
"act","202512","b. 9-15","c. avance 40-70%","11","622.14","3"
"act","202512","b. 9-15","c. avance 40-70%","13","200.98","1"
"act","202512","b. 9-15","c. avance 40-70%","15","149.96","1"
"act","202512","b. 9-15","c. avance 40-70%","18","1617.34","3"
"act","202512","b. 9-15","c. avance 40-70%","20","392.26","2"
"act","202512","b. 9-15","c. avance 40-70%","21","543.01","2"
"act","202512","b. 9-15","c. avance 40-70%","22","600.55","3"
"act","202512","b. 9-15","c. avance 40-70%","24","793.67","3"
"act","202512","b. 9-15","c. avance 40-70%","25","168.35","1"
"act","202512","b. 9-15","c. avance 40-70%","27","666.34","2"
"act","202512","b. 9-15","c. avance 40-70%","29","477.03","2"
"act","202512","b. 9-15","c. avance 40-70%","31","154.45","1"
"base","202512","b. 9-15","d. avance 70%+","-1","9530.54","27"
"act","202512","b. 9-15","d. avance 70%+","1","751.4","4"
"act","202512","b. 9-15","d. avance 70%+","2","1281.33","6"
"act","202512","b. 9-15","d. avance 70%+","3","195.98","1"
"act","202512","b. 9-15","d. avance 70%+","5","418.36","3"
"act","202512","b. 9-15","d. avance 70%+","6","385.38","1"
"act","202512","b. 9-15","d. avance 70%+","15","279.4","1"
"act","202512","b. 9-15","d. avance 70%+","16","241.96","1"
"act","202512","b. 9-15","d. avance 70%+","24","255.67","1"
"act","202512","b. 9-15","d. avance 70%+","27","679.42","2"
"act","202512","b. 9-15","d. avance 70%+","31","912.76","5"
"base","202512","c. 16-30","a. avance <10%","-1","198691.77","66"
"act","202512","c. 16-30","a. avance <10%","1","198.41","1"
"act","202512","c. 16-30","a. avance <10%","2","340.23","1"
"act","202512","c. 16-30","a. avance <10%","3","606.84","2"
"act","202512","c. 16-30","a. avance <10%","4","605.05","2"
"act","202512","c. 16-30","a. avance <10%","5","201.37","1"
"act","202512","c. 16-30","a. avance <10%","10","230.47","1"
"act","202512","c. 16-30","a. avance <10%","11","3458.2","3"
"act","202512","c. 16-30","a. avance <10%","12","218.46","1"
"act","202512","c. 16-30","a. avance <10%","13","261.19","1"
"act","202512","c. 16-30","a. avance <10%","17","188.14","1"
"act","202512","c. 16-30","a. avance <10%","18","192.41","1"
"act","202512","c. 16-30","a. avance <10%","19","966.31","1"
"act","202512","c. 16-30","a. avance <10%","22","1081.29","1"
"act","202512","c. 16-30","a. avance <10%","24","285.15","1"
"act","202512","c. 16-30","a. avance <10%","26","131.22","1"
"base","202512","c. 16-30","b. avance 10-40%","-1","203679.75","78"
"act","202512","c. 16-30","b. avance 10-40%","1","1089.53","5"
"act","202512","c. 16-30","b. avance 10-40%","2","65.09","1"
"act","202512","c. 16-30","b. avance 10-40%","3","650.65","3"
"act","202512","c. 16-30","b. avance 10-40%","4","688.19","2"
"act","202512","c. 16-30","b. avance 10-40%","5","1135.69","5"
"act","202512","c. 16-30","b. avance 10-40%","6","1516.47","3"
"act","202512","c. 16-30","b. avance 10-40%","7","94.37","1"
"act","202512","c. 16-30","b. avance 10-40%","9","130.05","1"
"act","202512","c. 16-30","b. avance 10-40%","10","1694.73","3"
"act","202512","c. 16-30","b. avance 10-40%","11","111.28","1"
"act","202512","c. 16-30","b. avance 10-40%","12","645.46","2"
"act","202512","c. 16-30","b. avance 10-40%","13","384.83","2"
"act","202512","c. 16-30","b. avance 10-40%","14","361.1","1"
"act","202512","c. 16-30","b. avance 10-40%","15","1053.57","5"
"act","202512","c. 16-30","b. avance 10-40%","16","208.15","1"
"act","202512","c. 16-30","b. avance 10-40%","17","1379.74","3"
"act","202512","c. 16-30","b. avance 10-40%","18","145.32","1"
"act","202512","c. 16-30","b. avance 10-40%","20","176.34","1"
"act","202512","c. 16-30","b. avance 10-40%","21","346.67","2"
"act","202512","c. 16-30","b. avance 10-40%","22","79.31","1"
"act","202512","c. 16-30","b. avance 10-40%","24","587.91","2"
"act","202512","c. 16-30","b. avance 10-40%","26","1490.76","3"
"act","202512","c. 16-30","b. avance 10-40%","29","108.25","1"
"base","202512","c. 16-30","c. avance 40-70%","-1","54222.37","54"
"act","202512","c. 16-30","c. avance 40-70%","1","918.97","4"
"act","202512","c. 16-30","c. avance 40-70%","2","461.04","2"
"act","202512","c. 16-30","c. avance 40-70%","3","345.01","1"
"act","202512","c. 16-30","c. avance 40-70%","4","1271.78","5"
"act","202512","c. 16-30","c. avance 40-70%","5","399.43","2"
"act","202512","c. 16-30","c. avance 40-70%","6","1701.46","2"
"act","202512","c. 16-30","c. avance 40-70%","7","583.97","3"
"act","202512","c. 16-30","c. avance 40-70%","8","238.26","1"
"act","202512","c. 16-30","c. avance 40-70%","9","269.96","1"
"act","202512","c. 16-30","c. avance 40-70%","10","1042.16","4"
"act","202512","c. 16-30","c. avance 40-70%","11","1511.58","4"
"act","202512","c. 16-30","c. avance 40-70%","12","275.06","1"
"act","202512","c. 16-30","c. avance 40-70%","15","1013.92","2"
"act","202512","c. 16-30","c. avance 40-70%","16","2.12","1"
"act","202512","c. 16-30","c. avance 40-70%","17","919.2","2"
"act","202512","c. 16-30","c. avance 40-70%","18","485.08","2"
"act","202512","c. 16-30","c. avance 40-70%","19","936.84","3"
"act","202512","c. 16-30","c. avance 40-70%","21","229.97","1"
"act","202512","c. 16-30","c. avance 40-70%","22","328.22","1"
"act","202512","c. 16-30","c. avance 40-70%","24","1248.13","3"
"act","202512","c. 16-30","c. avance 40-70%","27","455.58","1"
"act","202512","c. 16-30","c. avance 40-70%","31","208.16","1"
"base","202512","c. 16-30","d. avance 70%+","-1","12794.25","27"
"act","202512","c. 16-30","d. avance 70%+","1","210.98","1"
"act","202512","c. 16-30","d. avance 70%+","2","488.39","2"
"act","202512","c. 16-30","d. avance 70%+","3","527.13","1"
"act","202512","c. 16-30","d. avance 70%+","5","1283.61","5"
"act","202512","c. 16-30","d. avance 70%+","8","228.18","1"
"act","202512","c. 16-30","d. avance 70%+","9","154.52","1"
"act","202512","c. 16-30","d. avance 70%+","11","174.15","1"
"act","202512","c. 16-30","d. avance 70%+","13","130.97","1"
"act","202512","c. 16-30","d. avance 70%+","16","811.54","2"
"act","202512","c. 16-30","d. avance 70%+","20","251.75","1"
"act","202512","c. 16-30","d. avance 70%+","23","290.06","1"
"act","202512","c. 16-30","d. avance 70%+","24","292.23","1"
"act","202512","c. 16-30","d. avance 70%+","26","286.29","1"
"act","202512","c. 16-30","d. avance 70%+","30","306.4","1"
"base","202601","a. 1-8","a. avance <10%","-1","708942.21","236"
"act","202601","a. 1-8","a. avance <10%","1","3254.2","20"
"act","202601","a. 1-8","a. avance <10%","2","13301.5","51"
"act","202601","a. 1-8","a. avance <10%","3","3473.44","19"
"act","202601","a. 1-8","a. avance <10%","4","1835.87","6"
"act","202601","a. 1-8","a. avance <10%","5","4418.68","17"
"act","202601","a. 1-8","a. avance <10%","6","992.07","5"
"act","202601","a. 1-8","a. avance <10%","7","15536.92","4"
"act","202601","a. 1-8","a. avance <10%","8","1196.34","7"
"act","202601","a. 1-8","a. avance <10%","10","841.48","3"
"act","202601","a. 1-8","a. avance <10%","12","733.8","2"
"act","202601","a. 1-8","a. avance <10%","15","681.99","4"
"act","202601","a. 1-8","a. avance <10%","17","559.78","1"
"act","202601","a. 1-8","a. avance <10%","18","135.46","1"
"act","202601","a. 1-8","a. avance <10%","20","284.35","1"
"act","202601","a. 1-8","a. avance <10%","21","301.77","2"
"act","202601","a. 1-8","a. avance <10%","23","194.49","2"
"act","202601","a. 1-8","a. avance <10%","24","218.08","1"
"act","202601","a. 1-8","a. avance <10%","25","44.26","1"
"act","202601","a. 1-8","a. avance <10%","26","543.11","3"
"act","202601","a. 1-8","a. avance <10%","27","4148.63","5"
"act","202601","a. 1-8","a. avance <10%","28","1777.53","7"
"act","202601","a. 1-8","a. avance <10%","29","4109.95","14"
"act","202601","a. 1-8","a. avance <10%","30","5953.51","31"
"act","202601","a. 1-8","a. avance <10%","31","7641.14","25"
"base","202601","a. 1-8","b. avance 10-40%","-1","1057719.92","490"
"act","202601","a. 1-8","b. avance 10-40%","1","8331.77","38"
"act","202601","a. 1-8","b. avance 10-40%","2","26830.73","77"
"act","202601","a. 1-8","b. avance 10-40%","3","3518.95","19"
"act","202601","a. 1-8","b. avance 10-40%","4","5203.99","9"
"act","202601","a. 1-8","b. avance 10-40%","5","5041.46","21"
"act","202601","a. 1-8","b. avance 10-40%","6","3648.54","13"
"act","202601","a. 1-8","b. avance 10-40%","7","2472.96","10"
"act","202601","a. 1-8","b. avance 10-40%","8","6402.02","14"
"act","202601","a. 1-8","b. avance 10-40%","9","672.03","4"
"act","202601","a. 1-8","b. avance 10-40%","10","2123.23","4"
"act","202601","a. 1-8","b. avance 10-40%","11","1372.85","4"
"act","202601","a. 1-8","b. avance 10-40%","12","1287.97","7"
"act","202601","a. 1-8","b. avance 10-40%","13","1637.23","6"
"act","202601","a. 1-8","b. avance 10-40%","14","771.9","5"
"act","202601","a. 1-8","b. avance 10-40%","15","1820.24","6"
"act","202601","a. 1-8","b. avance 10-40%","16","823.69","5"
"act","202601","a. 1-8","b. avance 10-40%","17","486.91","2"
"act","202601","a. 1-8","b. avance 10-40%","19","973.18","5"
"act","202601","a. 1-8","b. avance 10-40%","20","1670.81","6"
"act","202601","a. 1-8","b. avance 10-40%","21","5368.5","7"
"act","202601","a. 1-8","b. avance 10-40%","22","2704.1","8"
"act","202601","a. 1-8","b. avance 10-40%","23","1275.96","7"
"act","202601","a. 1-8","b. avance 10-40%","24","552.72","4"
"act","202601","a. 1-8","b. avance 10-40%","25","3325.33","4"
"act","202601","a. 1-8","b. avance 10-40%","26","3919.77","13"
"act","202601","a. 1-8","b. avance 10-40%","27","2895.78","12"
"act","202601","a. 1-8","b. avance 10-40%","28","7188.1","18"
"act","202601","a. 1-8","b. avance 10-40%","29","8786.53","29"
"act","202601","a. 1-8","b. avance 10-40%","30","16599.17","73"
"act","202601","a. 1-8","b. avance 10-40%","31","11195.91","50"
"base","202601","a. 1-8","c. avance 40-70%","-1","381015.95","403"
"act","202601","a. 1-8","c. avance 40-70%","1","8891.86","28"
"act","202601","a. 1-8","c. avance 40-70%","2","18394.48","65"
"act","202601","a. 1-8","c. avance 40-70%","3","5310.84","23"
"act","202601","a. 1-8","c. avance 40-70%","4","2849.14","10"
"act","202601","a. 1-8","c. avance 40-70%","5","6194.51","16"
"act","202601","a. 1-8","c. avance 40-70%","6","3084.1","10"
"act","202601","a. 1-8","c. avance 40-70%","7","2362.48","12"
"act","202601","a. 1-8","c. avance 40-70%","8","2187.83","10"
"act","202601","a. 1-8","c. avance 40-70%","9","1126.4","5"
"act","202601","a. 1-8","c. avance 40-70%","10","343.64","1"
"act","202601","a. 1-8","c. avance 40-70%","11","2479.72","5"
"act","202601","a. 1-8","c. avance 40-70%","12","898.44","4"
"act","202601","a. 1-8","c. avance 40-70%","13","1027.48","4"
"act","202601","a. 1-8","c. avance 40-70%","14","1044.3","3"
"act","202601","a. 1-8","c. avance 40-70%","15","1165.96","5"
"act","202601","a. 1-8","c. avance 40-70%","16","639.3","3"
"act","202601","a. 1-8","c. avance 40-70%","17","408.36","2"
"act","202601","a. 1-8","c. avance 40-70%","18","551.25","2"
"act","202601","a. 1-8","c. avance 40-70%","19","2165.01","5"
"act","202601","a. 1-8","c. avance 40-70%","20","1361.54","6"
"act","202601","a. 1-8","c. avance 40-70%","21","626.47","5"
"act","202601","a. 1-8","c. avance 40-70%","22","1709.76","6"
"act","202601","a. 1-8","c. avance 40-70%","23","1274.87","7"
"act","202601","a. 1-8","c. avance 40-70%","24","877.86","1"
"act","202601","a. 1-8","c. avance 40-70%","25","278.48","2"
"act","202601","a. 1-8","c. avance 40-70%","26","3943.33","10"
"act","202601","a. 1-8","c. avance 40-70%","27","5406.77","20"
"act","202601","a. 1-8","c. avance 40-70%","28","4203.46","15"
"act","202601","a. 1-8","c. avance 40-70%","29","4851.25","20"
"act","202601","a. 1-8","c. avance 40-70%","30","16010.88","48"
"act","202601","a. 1-8","c. avance 40-70%","31","10486.15","39"
"base","202601","a. 1-8","d. avance 70%+","-1","61377.4","160"
"act","202601","a. 1-8","d. avance 70%+","1","1685.92","6"
"act","202601","a. 1-8","d. avance 70%+","2","8904.85","27"
"act","202601","a. 1-8","d. avance 70%+","3","2198.39","9"
"act","202601","a. 1-8","d. avance 70%+","5","1184.43","4"
"act","202601","a. 1-8","d. avance 70%+","6","2527.27","7"
"act","202601","a. 1-8","d. avance 70%+","7","1172.84","5"
"act","202601","a. 1-8","d. avance 70%+","8","1231.73","3"
"act","202601","a. 1-8","d. avance 70%+","9","441.79","3"
"act","202601","a. 1-8","d. avance 70%+","10","1364.56","6"
"act","202601","a. 1-8","d. avance 70%+","12","1425.56","6"
"act","202601","a. 1-8","d. avance 70%+","13","481.22","3"
"act","202601","a. 1-8","d. avance 70%+","14","935.36","3"
"act","202601","a. 1-8","d. avance 70%+","15","435.54","1"
"act","202601","a. 1-8","d. avance 70%+","16","241.79","2"
"act","202601","a. 1-8","d. avance 70%+","17","131.03","1"
"act","202601","a. 1-8","d. avance 70%+","19","195.51","1"
"act","202601","a. 1-8","d. avance 70%+","21","3034.77","3"
"act","202601","a. 1-8","d. avance 70%+","22","328.24","2"
"act","202601","a. 1-8","d. avance 70%+","24","131.78","1"
"act","202601","a. 1-8","d. avance 70%+","25","404.18","1"
"act","202601","a. 1-8","d. avance 70%+","26","855.48","2"
"act","202601","a. 1-8","d. avance 70%+","27","278.11","1"
"act","202601","a. 1-8","d. avance 70%+","28","1260.61","4"
"act","202601","a. 1-8","d. avance 70%+","29","2931.01","12"
"act","202601","a. 1-8","d. avance 70%+","30","4790.13","18"
"act","202601","a. 1-8","d. avance 70%+","31","3945.83","15"
"base","202601","b. 9-15","a. avance <10%","-1","123349.81","47"
"act","202601","b. 9-15","a. avance <10%","2","790.71","2"
"act","202601","b. 9-15","a. avance <10%","3","156.83","1"
"act","202601","b. 9-15","a. avance <10%","4","308.46","1"
"act","202601","b. 9-15","a. avance <10%","5","463.01","3"
"act","202601","b. 9-15","a. avance <10%","8","204.84","1"
"act","202601","b. 9-15","a. avance <10%","13","143.34","1"
"act","202601","b. 9-15","a. avance <10%","14","89.12","1"
"act","202601","b. 9-15","a. avance <10%","16","127.56","1"
"act","202601","b. 9-15","a. avance <10%","18","67.71","1"
"act","202601","b. 9-15","a. avance <10%","19","314.91","2"
"act","202601","b. 9-15","a. avance <10%","22","347.62","2"
"act","202601","b. 9-15","a. avance <10%","23","985.86","3"
"act","202601","b. 9-15","a. avance <10%","31","300.08","1"
"base","202601","b. 9-15","b. avance 10-40%","-1","112864.83","58"
"act","202601","b. 9-15","b. avance 10-40%","2","432.61","3"
"act","202601","b. 9-15","b. avance 10-40%","3","405.71","2"
"act","202601","b. 9-15","b. avance 10-40%","4","216.38","1"
"act","202601","b. 9-15","b. avance 10-40%","5","529.92","2"
"act","202601","b. 9-15","b. avance 10-40%","9","791.38","3"
"act","202601","b. 9-15","b. avance 10-40%","10","575.8","2"
"act","202601","b. 9-15","b. avance 10-40%","11","106.34","1"
"act","202601","b. 9-15","b. avance 10-40%","12","410.88","2"
"act","202601","b. 9-15","b. avance 10-40%","14","141.73","1"
"act","202601","b. 9-15","b. avance 10-40%","15","182.76","2"
"act","202601","b. 9-15","b. avance 10-40%","16","457.22","2"
"act","202601","b. 9-15","b. avance 10-40%","17","934.97","2"
"act","202601","b. 9-15","b. avance 10-40%","18","191.17","1"
"act","202601","b. 9-15","b. avance 10-40%","19","671.04","3"
"act","202601","b. 9-15","b. avance 10-40%","20","7456.37","1"
"act","202601","b. 9-15","b. avance 10-40%","21","383.53","3"
"act","202601","b. 9-15","b. avance 10-40%","22","105.6","1"
"act","202601","b. 9-15","b. avance 10-40%","24","541.24","2"
"act","202601","b. 9-15","b. avance 10-40%","26","1647.37","6"
"act","202601","b. 9-15","b. avance 10-40%","27","388.29","2"
"act","202601","b. 9-15","b. avance 10-40%","29","151.09","1"
"act","202601","b. 9-15","b. avance 10-40%","30","520.65","2"
"act","202601","b. 9-15","b. avance 10-40%","31","278.78","2"
"base","202601","b. 9-15","c. avance 40-70%","-1","44942.27","45"
"act","202601","b. 9-15","c. avance 40-70%","1","1386.74","3"
"act","202601","b. 9-15","c. avance 40-70%","2","453.19","3"
"act","202601","b. 9-15","c. avance 40-70%","3","449.8","1"
"act","202601","b. 9-15","c. avance 40-70%","4","618.11","3"
"act","202601","b. 9-15","c. avance 40-70%","5","1779.65","2"
"act","202601","b. 9-15","c. avance 40-70%","7","175.95","1"
"act","202601","b. 9-15","c. avance 40-70%","8","321.52","1"
"act","202601","b. 9-15","c. avance 40-70%","9","98.0","1"
"act","202601","b. 9-15","c. avance 40-70%","11","103.66","1"
"act","202601","b. 9-15","c. avance 40-70%","13","406.44","2"
"act","202601","b. 9-15","c. avance 40-70%","19","1296.0","4"
"act","202601","b. 9-15","c. avance 40-70%","20","478.8","1"
"act","202601","b. 9-15","c. avance 40-70%","22","358.33","2"
"act","202601","b. 9-15","c. avance 40-70%","23","2860.73","6"
"act","202601","b. 9-15","c. avance 40-70%","25","271.37","1"
"act","202601","b. 9-15","c. avance 40-70%","26","654.69","2"
"act","202601","b. 9-15","c. avance 40-70%","28","460.68","2"
"act","202601","b. 9-15","c. avance 40-70%","29","107.19","1"
"act","202601","b. 9-15","c. avance 40-70%","30","984.79","3"
"act","202601","b. 9-15","c. avance 40-70%","31","245.59","1"
"base","202601","b. 9-15","d. avance 70%+","-1","5839.03","19"
"act","202601","b. 9-15","d. avance 70%+","2","162.36","1"
"act","202601","b. 9-15","d. avance 70%+","5","261.41","2"
"act","202601","b. 9-15","d. avance 70%+","6","557.76","3"
"act","202601","b. 9-15","d. avance 70%+","7","456.33","2"
"act","202601","b. 9-15","d. avance 70%+","9","184.16","1"
"act","202601","b. 9-15","d. avance 70%+","11","303.92","1"
"act","202601","b. 9-15","d. avance 70%+","12","116.44","1"
"act","202601","b. 9-15","d. avance 70%+","17","167.25","1"
"act","202601","b. 9-15","d. avance 70%+","18","174.54","1"
"act","202601","b. 9-15","d. avance 70%+","21","179.41","1"
"act","202601","b. 9-15","d. avance 70%+","23","150.6","1"
"act","202601","b. 9-15","d. avance 70%+","24","412.92","1"
"act","202601","b. 9-15","d. avance 70%+","26","139.25","1"
"base","202601","c. 16-30","a. avance <10%","-1","315265.98","94"
"act","202601","c. 16-30","a. avance <10%","1","125.22","1"
"act","202601","c. 16-30","a. avance <10%","2","233.65","1"
"act","202601","c. 16-30","a. avance <10%","5","440.08","2"
"act","202601","c. 16-30","a. avance <10%","6","457.11","1"
"act","202601","c. 16-30","a. avance <10%","8","61.58","1"
"act","202601","c. 16-30","a. avance <10%","9","485.22","1"
"act","202601","c. 16-30","a. avance <10%","13","1779.07","5"
"act","202601","c. 16-30","a. avance <10%","16","62.99","1"
"act","202601","c. 16-30","a. avance <10%","18","722.62","2"
"act","202601","c. 16-30","a. avance <10%","21","1182.19","2"
"act","202601","c. 16-30","a. avance <10%","23","96.15","1"
"act","202601","c. 16-30","a. avance <10%","27","187.25","2"
"act","202601","c. 16-30","a. avance <10%","30","804.74","2"
"base","202601","c. 16-30","b. avance 10-40%","-1","305693.22","121"
"act","202601","c. 16-30","b. avance 10-40%","1","121.36","1"
"act","202601","c. 16-30","b. avance 10-40%","2","930.27","5"
"act","202601","c. 16-30","b. avance 10-40%","3","474.44","3"
"act","202601","c. 16-30","b. avance 10-40%","4","667.47","3"
"act","202601","c. 16-30","b. avance 10-40%","5","449.97","2"
"act","202601","c. 16-30","b. avance 10-40%","6","9578.69","4"
"act","202601","c. 16-30","b. avance 10-40%","7","956.32","4"
"act","202601","c. 16-30","b. avance 10-40%","8","616.66","3"
"act","202601","c. 16-30","b. avance 10-40%","9","723.02","4"
"act","202601","c. 16-30","b. avance 10-40%","10","631.93","3"
"act","202601","c. 16-30","b. avance 10-40%","12","632.47","2"
"act","202601","c. 16-30","b. avance 10-40%","13","522.56","3"
"act","202601","c. 16-30","b. avance 10-40%","14","493.01","2"
"act","202601","c. 16-30","b. avance 10-40%","15","1274.77","2"
"act","202601","c. 16-30","b. avance 10-40%","16","1026.29","6"
"act","202601","c. 16-30","b. avance 10-40%","18","707.31","2"
"act","202601","c. 16-30","b. avance 10-40%","19","256.84","1"
"act","202601","c. 16-30","b. avance 10-40%","20","974.48","3"
"act","202601","c. 16-30","b. avance 10-40%","21","1514.89","3"
"act","202601","c. 16-30","b. avance 10-40%","22","478.15","1"
"act","202601","c. 16-30","b. avance 10-40%","23","904.07","2"
"act","202601","c. 16-30","b. avance 10-40%","24","240.4","1"
"act","202601","c. 16-30","b. avance 10-40%","26","847.17","3"
"act","202601","c. 16-30","b. avance 10-40%","27","735.1","4"
"act","202601","c. 16-30","b. avance 10-40%","30","949.25","2"
"act","202601","c. 16-30","b. avance 10-40%","31","770.08","3"
"base","202601","c. 16-30","c. avance 40-70%","-1","76918.18","70"
"act","202601","c. 16-30","c. avance 40-70%","2","1150.41","4"
"act","202601","c. 16-30","c. avance 40-70%","4","516.14","3"
"act","202601","c. 16-30","c. avance 40-70%","5","1184.67","4"
"act","202601","c. 16-30","c. avance 40-70%","6","175.01","1"
"act","202601","c. 16-30","c. avance 40-70%","7","612.75","3"
"act","202601","c. 16-30","c. avance 40-70%","8","358.27","1"
"act","202601","c. 16-30","c. avance 40-70%","9","729.77","4"
"act","202601","c. 16-30","c. avance 40-70%","10","385.79","2"
"act","202601","c. 16-30","c. avance 40-70%","11","808.51","2"
"act","202601","c. 16-30","c. avance 40-70%","12","291.57","1"
"act","202601","c. 16-30","c. avance 40-70%","13","556.28","1"
"act","202601","c. 16-30","c. avance 40-70%","14","145.91","1"
"act","202601","c. 16-30","c. avance 40-70%","15","1494.29","2"
"act","202601","c. 16-30","c. avance 40-70%","19","573.24","2"
"act","202601","c. 16-30","c. avance 40-70%","20","149.47","1"
"act","202601","c. 16-30","c. avance 40-70%","23","233.26","2"
"act","202601","c. 16-30","c. avance 40-70%","25","153.58","1"
"act","202601","c. 16-30","c. avance 40-70%","27","101.87","1"
"act","202601","c. 16-30","c. avance 40-70%","28","1479.3","3"
"act","202601","c. 16-30","c. avance 40-70%","30","1080.11","3"
"act","202601","c. 16-30","c. avance 40-70%","31","215.41","1"
"base","202601","c. 16-30","d. avance 70%+","-1","15035.6","32"
"act","202601","c. 16-30","d. avance 70%+","2","128.33","1"
"act","202601","c. 16-30","d. avance 70%+","7","1730.91","2"
"act","202601","c. 16-30","d. avance 70%+","8","1283.34","3"
"act","202601","c. 16-30","d. avance 70%+","9","672.36","1"
"act","202601","c. 16-30","d. avance 70%+","13","590.13","3"
"act","202601","c. 16-30","d. avance 70%+","15","132.52","1"
"act","202601","c. 16-30","d. avance 70%+","19","804.65","2"
"act","202601","c. 16-30","d. avance 70%+","26","758.31","1"
"act","202601","c. 16-30","d. avance 70%+","29","992.84","1"
"act","202601","c. 16-30","d. avance 70%+","31","388.38","2"
"base","202602","a. 1-8","a. avance <10%","-1","751141.5","303"
"act","202602","a. 1-8","a. avance <10%","1","6605.39","31"
"act","202602","a. 1-8","a. avance <10%","2","13491.21","71"
"act","202602","a. 1-8","a. avance <10%","3","7540.72","31"
"act","202602","a. 1-8","a. avance <10%","4","1212.19","9"
"act","202602","a. 1-8","a. avance <10%","5","3483.87","22"
"act","202602","a. 1-8","a. avance <10%","6","1785.45","5"
"act","202602","a. 1-8","a. avance <10%","7","148.0","1"
"act","202602","a. 1-8","a. avance <10%","8","193.7","1"
"act","202602","a. 1-8","a. avance <10%","9","1265.19","8"
"act","202602","a. 1-8","a. avance <10%","10","347.44","1"
"act","202602","a. 1-8","a. avance <10%","11","770.45","7"
"act","202602","a. 1-8","a. avance <10%","12","1048.92","1"
"act","202602","a. 1-8","a. avance <10%","13","861.44","3"
"act","202602","a. 1-8","a. avance <10%","14","555.3","2"
"act","202602","a. 1-8","a. avance <10%","15","433.16","1"
"act","202602","a. 1-8","a. avance <10%","16","746.2","2"
"act","202602","a. 1-8","a. avance <10%","17","312.73","2"
"act","202602","a. 1-8","a. avance <10%","18","3315.04","2"
"act","202602","a. 1-8","a. avance <10%","19","247.74","2"
"act","202602","a. 1-8","a. avance <10%","20","304.7","2"
"act","202602","a. 1-8","a. avance <10%","21","63.36","1"
"act","202602","a. 1-8","a. avance <10%","23","1286.17","7"
"act","202602","a. 1-8","a. avance <10%","24","757.06","4"
"act","202602","a. 1-8","a. avance <10%","25","153.29","2"
"act","202602","a. 1-8","a. avance <10%","26","1289.2","8"
"act","202602","a. 1-8","a. avance <10%","27","2657.31","8"
"act","202602","a. 1-8","a. avance <10%","28","12783.83","48"
"base","202602","a. 1-8","b. avance 10-40%","-1","1198713.91","549"
"act","202602","a. 1-8","b. avance 10-40%","1","13527.27","56"
"act","202602","a. 1-8","b. avance 10-40%","2","28703.25","101"
"act","202602","a. 1-8","b. avance 10-40%","3","21684.13","69"
"act","202602","a. 1-8","b. avance 10-40%","4","2139.35","10"
"act","202602","a. 1-8","b. avance 10-40%","5","9322.08","31"
"act","202602","a. 1-8","b. avance 10-40%","6","3398.78","15"
"act","202602","a. 1-8","b. avance 10-40%","7","1346.78","7"
"act","202602","a. 1-8","b. avance 10-40%","8","194.55","1"
"act","202602","a. 1-8","b. avance 10-40%","9","1895.78","10"
"act","202602","a. 1-8","b. avance 10-40%","10","1975.36","8"
"act","202602","a. 1-8","b. avance 10-40%","11","278.01","1"
"act","202602","a. 1-8","b. avance 10-40%","12","2412.57","2"
"act","202602","a. 1-8","b. avance 10-40%","13","2117.96","5"
"act","202602","a. 1-8","b. avance 10-40%","14","1318.15","4"
"act","202602","a. 1-8","b. avance 10-40%","15","136.71","1"
"act","202602","a. 1-8","b. avance 10-40%","16","393.84","2"
"act","202602","a. 1-8","b. avance 10-40%","17","1116.05","4"
"act","202602","a. 1-8","b. avance 10-40%","18","1267.05","4"
"act","202602","a. 1-8","b. avance 10-40%","19","1784.09","4"
"act","202602","a. 1-8","b. avance 10-40%","20","6934.88","15"
"act","202602","a. 1-8","b. avance 10-40%","21","627.83","3"
"act","202602","a. 1-8","b. avance 10-40%","22","1180.69","3"
"act","202602","a. 1-8","b. avance 10-40%","23","1805.91","5"
"act","202602","a. 1-8","b. avance 10-40%","24","3204.72","8"
"act","202602","a. 1-8","b. avance 10-40%","25","4481.64","12"
"act","202602","a. 1-8","b. avance 10-40%","26","5021.81","17"
"act","202602","a. 1-8","b. avance 10-40%","27","10730.78","25"
"act","202602","a. 1-8","b. avance 10-40%","28","34377.97","95"
"base","202602","a. 1-8","c. avance 40-70%","-1","404144.68","430"
"act","202602","a. 1-8","c. avance 40-70%","1","13186.29","51"
"act","202602","a. 1-8","c. avance 40-70%","2","23284.27","73"
"act","202602","a. 1-8","c. avance 40-70%","3","10205.25","45"
"act","202602","a. 1-8","c. avance 40-70%","4","2612.2","14"
"act","202602","a. 1-8","c. avance 40-70%","5","7943.79","27"
"act","202602","a. 1-8","c. avance 40-70%","6","3651.35","13"
"act","202602","a. 1-8","c. avance 40-70%","7","762.78","4"
"act","202602","a. 1-8","c. avance 40-70%","8","1840.95","4"
"act","202602","a. 1-8","c. avance 40-70%","9","1998.6","9"
"act","202602","a. 1-8","c. avance 40-70%","10","2742.01","7"
"act","202602","a. 1-8","c. avance 40-70%","11","2793.39","7"
"act","202602","a. 1-8","c. avance 40-70%","12","1352.36","4"
"act","202602","a. 1-8","c. avance 40-70%","13","218.66","1"
"act","202602","a. 1-8","c. avance 40-70%","14","2297.6","5"
"act","202602","a. 1-8","c. avance 40-70%","16","526.72","2"
"act","202602","a. 1-8","c. avance 40-70%","17","770.79","2"
"act","202602","a. 1-8","c. avance 40-70%","18","352.16","1"
"act","202602","a. 1-8","c. avance 40-70%","19","624.11","2"
"act","202602","a. 1-8","c. avance 40-70%","20","3192.08","8"
"act","202602","a. 1-8","c. avance 40-70%","21","1315.42","3"
"act","202602","a. 1-8","c. avance 40-70%","23","2237.26","8"
"act","202602","a. 1-8","c. avance 40-70%","24","1314.17","6"
"act","202602","a. 1-8","c. avance 40-70%","25","4268.88","9"
"act","202602","a. 1-8","c. avance 40-70%","26","6014.47","8"
"act","202602","a. 1-8","c. avance 40-70%","27","4402.04","16"
"act","202602","a. 1-8","c. avance 40-70%","28","21002.95","69"
"base","202602","a. 1-8","d. avance 70%+","-1","71376.31","168"
"act","202602","a. 1-8","d. avance 70%+","1","2640.81","13"
"act","202602","a. 1-8","d. avance 70%+","2","8769.69","27"
"act","202602","a. 1-8","d. avance 70%+","3","5523.98","19"
"act","202602","a. 1-8","d. avance 70%+","4","512.49","4"
"act","202602","a. 1-8","d. avance 70%+","5","1928.17","9"
"act","202602","a. 1-8","d. avance 70%+","6","1036.96","5"
"act","202602","a. 1-8","d. avance 70%+","8","194.33","1"
"act","202602","a. 1-8","d. avance 70%+","9","1029.13","3"
"act","202602","a. 1-8","d. avance 70%+","10","1224.4","5"
"act","202602","a. 1-8","d. avance 70%+","11","384.09","2"
"act","202602","a. 1-8","d. avance 70%+","12","176.35","1"
"act","202602","a. 1-8","d. avance 70%+","13","519.79","3"
"act","202602","a. 1-8","d. avance 70%+","15","92.34","1"
"act","202602","a. 1-8","d. avance 70%+","16","721.16","2"
"act","202602","a. 1-8","d. avance 70%+","17","479.16","2"
"act","202602","a. 1-8","d. avance 70%+","18","690.64","1"
"act","202602","a. 1-8","d. avance 70%+","19","106.84","1"
"act","202602","a. 1-8","d. avance 70%+","20","769.0","3"
"act","202602","a. 1-8","d. avance 70%+","23","262.68","2"
"act","202602","a. 1-8","d. avance 70%+","24","1668.64","5"
"act","202602","a. 1-8","d. avance 70%+","25","2185.87","6"
"act","202602","a. 1-8","d. avance 70%+","26","891.96","2"
"act","202602","a. 1-8","d. avance 70%+","27","2122.82","8"
"act","202602","a. 1-8","d. avance 70%+","28","4497.58","16"
"base","202602","b. 9-15","a. avance <10%","-1","130411.45","62"
"act","202602","b. 9-15","a. avance <10%","1","322.84","2"
"act","202602","b. 9-15","a. avance <10%","2","1527.73","6"
"act","202602","b. 9-15","a. avance <10%","3","625.54","4"
"act","202602","b. 9-15","a. avance <10%","4","316.43","2"
"act","202602","b. 9-15","a. avance <10%","5","442.26","2"
"act","202602","b. 9-15","a. avance <10%","6","751.4","3"
"act","202602","b. 9-15","a. avance <10%","7","282.79","1"
"act","202602","b. 9-15","a. avance <10%","10","315.33","2"
"act","202602","b. 9-15","a. avance <10%","11","211.69","2"
"act","202602","b. 9-15","a. avance <10%","12","797.65","2"
"act","202602","b. 9-15","a. avance <10%","13","442.14","1"
"act","202602","b. 9-15","a. avance <10%","17","88.52","1"
"act","202602","b. 9-15","a. avance <10%","19","150.19","2"
"act","202602","b. 9-15","a. avance <10%","20","184.74","1"
"act","202602","b. 9-15","a. avance <10%","25","2079.79","5"
"act","202602","b. 9-15","a. avance <10%","26","192.35","1"
"base","202602","b. 9-15","b. avance 10-40%","-1","123938.07","62"
"act","202602","b. 9-15","b. avance 10-40%","1","1130.6","3"
"act","202602","b. 9-15","b. avance 10-40%","2","1115.31","6"
"act","202602","b. 9-15","b. avance 10-40%","3","312.62","2"
"act","202602","b. 9-15","b. avance 10-40%","4","516.76","2"
"act","202602","b. 9-15","b. avance 10-40%","5","710.62","3"
"act","202602","b. 9-15","b. avance 10-40%","7","128.1","1"
"act","202602","b. 9-15","b. avance 10-40%","9","490.75","2"
"act","202602","b. 9-15","b. avance 10-40%","10","138.4","1"
"act","202602","b. 9-15","b. avance 10-40%","11","263.16","1"
"act","202602","b. 9-15","b. avance 10-40%","14","134.97","1"
"act","202602","b. 9-15","b. avance 10-40%","15","274.86","1"
"act","202602","b. 9-15","b. avance 10-40%","16","193.7","1"
"act","202602","b. 9-15","b. avance 10-40%","17","339.45","3"
"act","202602","b. 9-15","b. avance 10-40%","18","259.42","1"
"act","202602","b. 9-15","b. avance 10-40%","19","200.34","1"
"act","202602","b. 9-15","b. avance 10-40%","21","179.39","1"
"act","202602","b. 9-15","b. avance 10-40%","23","798.04","3"
"act","202602","b. 9-15","b. avance 10-40%","25","546.12","2"
"act","202602","b. 9-15","b. avance 10-40%","26","353.77","2"
"act","202602","b. 9-15","b. avance 10-40%","27","509.62","1"
"act","202602","b. 9-15","b. avance 10-40%","28","65.14","1"
"base","202602","b. 9-15","c. avance 40-70%","-1","63613.13","56"
"act","202602","b. 9-15","c. avance 40-70%","1","894.45","3"
"act","202602","b. 9-15","c. avance 40-70%","2","601.46","1"
"act","202602","b. 9-15","c. avance 40-70%","3","368.85","1"
"act","202602","b. 9-15","c. avance 40-70%","4","207.35","1"
"act","202602","b. 9-15","c. avance 40-70%","5","1455.81","7"
"act","202602","b. 9-15","c. avance 40-70%","6","783.89","4"
"act","202602","b. 9-15","c. avance 40-70%","7","151.27","1"
"act","202602","b. 9-15","c. avance 40-70%","8","288.51","1"
"act","202602","b. 9-15","c. avance 40-70%","9","1469.24","3"
"act","202602","b. 9-15","c. avance 40-70%","13","637.85","4"
"act","202602","b. 9-15","c. avance 40-70%","16","103.31","1"
"act","202602","b. 9-15","c. avance 40-70%","17","566.03","1"
"act","202602","b. 9-15","c. avance 40-70%","18","271.44","1"
"act","202602","b. 9-15","c. avance 40-70%","19","680.89","3"
"act","202602","b. 9-15","c. avance 40-70%","20","256.77","1"
"act","202602","b. 9-15","c. avance 40-70%","21","151.25","1"
"act","202602","b. 9-15","c. avance 40-70%","23","697.77","2"
"act","202602","b. 9-15","c. avance 40-70%","24","201.55","1"
"act","202602","b. 9-15","c. avance 40-70%","27","267.55","1"
"base","202602","b. 9-15","d. avance 70%+","-1","7596.04","19"
"act","202602","b. 9-15","d. avance 70%+","1","210.07","2"
"act","202602","b. 9-15","d. avance 70%+","2","122.4","1"
"act","202602","b. 9-15","d. avance 70%+","3","664.06","3"
"act","202602","b. 9-15","d. avance 70%+","9","36.91","1"
"act","202602","b. 9-15","d. avance 70%+","11","380.18","1"
"act","202602","b. 9-15","d. avance 70%+","13","182.05","1"
"act","202602","b. 9-15","d. avance 70%+","15","376.45","1"
"act","202602","b. 9-15","d. avance 70%+","17","466.8","1"
"act","202602","b. 9-15","d. avance 70%+","19","468.82","1"
"act","202602","b. 9-15","d. avance 70%+","22","99.49","1"
"act","202602","b. 9-15","d. avance 70%+","24","792.81","1"
"act","202602","b. 9-15","d. avance 70%+","28","450.89","1"
"base","202602","c. 16-30","a. avance <10%","-1","232923.36","86"
"act","202602","c. 16-30","a. avance <10%","1","445.46","2"
"act","202602","c. 16-30","a. avance <10%","3","105.76","1"
"act","202602","c. 16-30","a. avance <10%","5","2736.27","4"
"act","202602","c. 16-30","a. avance <10%","6","1965.99","2"
"act","202602","c. 16-30","a. avance <10%","9","415.58","1"
"act","202602","c. 16-30","a. avance <10%","10","129.03","1"
"act","202602","c. 16-30","a. avance <10%","11","272.99","1"
"act","202602","c. 16-30","a. avance <10%","14","171.56","1"
"act","202602","c. 16-30","a. avance <10%","17","456.18","1"
"act","202602","c. 16-30","a. avance <10%","18","326.75","1"
"act","202602","c. 16-30","a. avance <10%","21","480.47","1"
"act","202602","c. 16-30","a. avance <10%","22","136.32","1"
"act","202602","c. 16-30","a. avance <10%","24","121.45","1"
"act","202602","c. 16-30","a. avance <10%","27","1505.2","2"
"base","202602","c. 16-30","b. avance 10-40%","-1","289634.14","108"
"act","202602","c. 16-30","b. avance 10-40%","1","1752.02","2"
"act","202602","c. 16-30","b. avance 10-40%","2","746.96","5"
"act","202602","c. 16-30","b. avance 10-40%","3","905.06","3"
"act","202602","c. 16-30","b. avance 10-40%","4","134.86","1"
"act","202602","c. 16-30","b. avance 10-40%","5","813.76","4"
"act","202602","c. 16-30","b. avance 10-40%","6","757.32","4"
"act","202602","c. 16-30","b. avance 10-40%","7","557.07","1"
"act","202602","c. 16-30","b. avance 10-40%","8","124.4","1"
"act","202602","c. 16-30","b. avance 10-40%","9","717.4","3"
"act","202602","c. 16-30","b. avance 10-40%","10","880.44","2"
"act","202602","c. 16-30","b. avance 10-40%","12","1559.57","6"
"act","202602","c. 16-30","b. avance 10-40%","13","394.61","2"
"act","202602","c. 16-30","b. avance 10-40%","14","535.99","1"
"act","202602","c. 16-30","b. avance 10-40%","15","545.42","2"
"act","202602","c. 16-30","b. avance 10-40%","16","1147.82","4"
"act","202602","c. 16-30","b. avance 10-40%","17","955.71","2"
"act","202602","c. 16-30","b. avance 10-40%","18","105.07","1"
"act","202602","c. 16-30","b. avance 10-40%","19","491.37","1"
"act","202602","c. 16-30","b. avance 10-40%","23","655.87","2"
"act","202602","c. 16-30","b. avance 10-40%","24","451.07","3"
"act","202602","c. 16-30","b. avance 10-40%","25","340.96","2"
"act","202602","c. 16-30","b. avance 10-40%","26","967.44","4"
"act","202602","c. 16-30","b. avance 10-40%","27","290.68","2"
"act","202602","c. 16-30","b. avance 10-40%","28","1504.89","4"
"base","202602","c. 16-30","c. avance 40-70%","-1","87995.05","81"
"act","202602","c. 16-30","c. avance 40-70%","1","839.7","4"
"act","202602","c. 16-30","c. avance 40-70%","2","1455.6","5"
"act","202602","c. 16-30","c. avance 40-70%","3","95.53","1"
"act","202602","c. 16-30","c. avance 40-70%","4","678.34","3"
"act","202602","c. 16-30","c. avance 40-70%","5","749.85","3"
"act","202602","c. 16-30","c. avance 40-70%","6","1105.9","4"
"act","202602","c. 16-30","c. avance 40-70%","7","150.9","1"
"act","202602","c. 16-30","c. avance 40-70%","10","376.4","2"
"act","202602","c. 16-30","c. avance 40-70%","12","815.67","3"
"act","202602","c. 16-30","c. avance 40-70%","13","5955.8","2"
"act","202602","c. 16-30","c. avance 40-70%","14","1363.22","4"
"act","202602","c. 16-30","c. avance 40-70%","15","266.5","1"
"act","202602","c. 16-30","c. avance 40-70%","16","1739.73","3"
"act","202602","c. 16-30","c. avance 40-70%","17","216.53","1"
"act","202602","c. 16-30","c. avance 40-70%","18","225.75","1"
"act","202602","c. 16-30","c. avance 40-70%","19","152.84","1"
"act","202602","c. 16-30","c. avance 40-70%","20","483.36","2"
"act","202602","c. 16-30","c. avance 40-70%","22","450.29","2"
"act","202602","c. 16-30","c. avance 40-70%","23","428.7","1"
"act","202602","c. 16-30","c. avance 40-70%","25","357.25","1"
"act","202602","c. 16-30","c. avance 40-70%","26","103.88","1"
"act","202602","c. 16-30","c. avance 40-70%","27","236.89","1"
"act","202602","c. 16-30","c. avance 40-70%","28","377.78","2"
"base","202602","c. 16-30","d. avance 70%+","-1","12909.97","33"
"act","202602","c. 16-30","d. avance 70%+","3","237.29","1"
"act","202602","c. 16-30","d. avance 70%+","4","583.34","2"
"act","202602","c. 16-30","d. avance 70%+","5","376.59","1"
"act","202602","c. 16-30","d. avance 70%+","11","405.61","2"
"act","202602","c. 16-30","d. avance 70%+","12","451.49","1"
"act","202602","c. 16-30","d. avance 70%+","13","125.67","1"
"act","202602","c. 16-30","d. avance 70%+","14","438.06","1"
"act","202602","c. 16-30","d. avance 70%+","17","234.26","1"
"act","202602","c. 16-30","d. avance 70%+","18","1005.66","1"
"act","202602","c. 16-30","d. avance 70%+","21","159.18","1"
"act","202602","c. 16-30","d. avance 70%+","27","1103.11","4"
"base","202603","a. 1-8","a. avance <10%","-1","428665.33","209"
"act","202603","a. 1-8","a. avance <10%","1","2531.61","14"
"act","202603","a. 1-8","a. avance <10%","2","7080.15","34"
"act","202603","a. 1-8","a. avance <10%","3","5790.63","22"
"act","202603","a. 1-8","a. avance <10%","4","2017.15","12"
"act","202603","a. 1-8","a. avance <10%","5","908.44","5"
"act","202603","a. 1-8","a. avance <10%","6","1058.07","3"
"act","202603","a. 1-8","a. avance <10%","7","888.95","4"
"act","202603","a. 1-8","a. avance <10%","9","2982.05","7"
"act","202603","a. 1-8","a. avance <10%","10","607.46","5"
"act","202603","a. 1-8","a. avance <10%","11","406.53","2"
"act","202603","a. 1-8","a. avance <10%","12","960.98","4"
"act","202603","a. 1-8","a. avance <10%","13","474.75","4"
"act","202603","a. 1-8","a. avance <10%","14","223.14","1"
"act","202603","a. 1-8","a. avance <10%","16","984.38","2"
"act","202603","a. 1-8","a. avance <10%","17","1022.36","5"
"act","202603","a. 1-8","a. avance <10%","18","296.93","3"
"act","202603","a. 1-8","a. avance <10%","20","192.5","1"
"act","202603","a. 1-8","a. avance <10%","21","1255.36","4"
"act","202603","a. 1-8","a. avance <10%","23","162.92","2"
"act","202603","a. 1-8","a. avance <10%","24","4858.5","10"
"act","202603","a. 1-8","a. avance <10%","25","686.26","5"
"act","202603","a. 1-8","a. avance <10%","26","2824.0","9"
"act","202603","a. 1-8","a. avance <10%","27","3445.48","14"
"act","202603","a. 1-8","a. avance <10%","28","973.85","5"
"act","202603","a. 1-8","a. avance <10%","29","2272.09","5"
"act","202603","a. 1-8","a. avance <10%","30","2834.79","12"
"act","202603","a. 1-8","a. avance <10%","31","1846.82","11"
"base","202603","a. 1-8","b. avance 10-40%","-1","616621.68","320"
"act","202603","a. 1-8","b. avance 10-40%","1","5342.75","30"
"act","202603","a. 1-8","b. avance 10-40%","2","12387.02","42"
"act","202603","a. 1-8","b. avance 10-40%","3","7885.76","30"
"act","202603","a. 1-8","b. avance 10-40%","4","4866.76","20"
"act","202603","a. 1-8","b. avance 10-40%","5","3737.31","12"
"act","202603","a. 1-8","b. avance 10-40%","6","1024.01","4"
"act","202603","a. 1-8","b. avance 10-40%","7","1808.61","7"
"act","202603","a. 1-8","b. avance 10-40%","9","1550.91","7"
"act","202603","a. 1-8","b. avance 10-40%","10","1430.32","6"
"act","202603","a. 1-8","b. avance 10-40%","11","831.23","2"
"act","202603","a. 1-8","b. avance 10-40%","12","1977.89","5"
"act","202603","a. 1-8","b. avance 10-40%","13","1936.72","3"
"act","202603","a. 1-8","b. avance 10-40%","14","654.17","3"
"act","202603","a. 1-8","b. avance 10-40%","15","190.08","1"
"act","202603","a. 1-8","b. avance 10-40%","16","548.5","3"
"act","202603","a. 1-8","b. avance 10-40%","17","1341.42","5"
"act","202603","a. 1-8","b. avance 10-40%","18","190.18","1"
"act","202603","a. 1-8","b. avance 10-40%","19","916.73","2"
"act","202603","a. 1-8","b. avance 10-40%","20","1788.22","7"
"act","202603","a. 1-8","b. avance 10-40%","21","1208.16","7"
"act","202603","a. 1-8","b. avance 10-40%","22","899.37","3"
"act","202603","a. 1-8","b. avance 10-40%","23","3022.26","11"
"act","202603","a. 1-8","b. avance 10-40%","24","3240.17","13"
"act","202603","a. 1-8","b. avance 10-40%","25","2758.18","12"
"act","202603","a. 1-8","b. avance 10-40%","26","7793.19","14"
"act","202603","a. 1-8","b. avance 10-40%","27","6113.4","26"
"act","202603","a. 1-8","b. avance 10-40%","28","7007.44","20"
"act","202603","a. 1-8","b. avance 10-40%","29","2718.99","10"
"act","202603","a. 1-8","b. avance 10-40%","30","10487.62","29"
"act","202603","a. 1-8","b. avance 10-40%","31","4855.34","21"
"base","202603","a. 1-8","c. avance 40-70%","-1","214403.26","241"
"act","202603","a. 1-8","c. avance 40-70%","1","3071.28","18"
"act","202603","a. 1-8","c. avance 40-70%","2","9680.19","39"
"act","202603","a. 1-8","c. avance 40-70%","3","6288.34","20"
"act","202603","a. 1-8","c. avance 40-70%","4","4975.67","20"
"act","202603","a. 1-8","c. avance 40-70%","5","1449.39","9"
"act","202603","a. 1-8","c. avance 40-70%","6","4108.61","7"
"act","202603","a. 1-8","c. avance 40-70%","7","2152.81","12"
"act","202603","a. 1-8","c. avance 40-70%","8","447.36","3"
"act","202603","a. 1-8","c. avance 40-70%","9","232.82","2"
"act","202603","a. 1-8","c. avance 40-70%","10","1442.32","5"
"act","202603","a. 1-8","c. avance 40-70%","11","2137.09","6"
"act","202603","a. 1-8","c. avance 40-70%","12","801.31","3"
"act","202603","a. 1-8","c. avance 40-70%","13","868.48","5"
"act","202603","a. 1-8","c. avance 40-70%","14","474.79","3"
"act","202603","a. 1-8","c. avance 40-70%","17","880.88","4"
"act","202603","a. 1-8","c. avance 40-70%","18","619.82","3"
"act","202603","a. 1-8","c. avance 40-70%","19","984.69","2"
"act","202603","a. 1-8","c. avance 40-70%","20","1229.01","4"
"act","202603","a. 1-8","c. avance 40-70%","21","707.96","2"
"act","202603","a. 1-8","c. avance 40-70%","22","979.09","3"
"act","202603","a. 1-8","c. avance 40-70%","23","2428.6","7"
"act","202603","a. 1-8","c. avance 40-70%","24","2174.99","9"
"act","202603","a. 1-8","c. avance 40-70%","25","1426.54","6"
"act","202603","a. 1-8","c. avance 40-70%","26","1908.73","9"
"act","202603","a. 1-8","c. avance 40-70%","27","6244.5","18"
"act","202603","a. 1-8","c. avance 40-70%","28","1904.1","10"
"act","202603","a. 1-8","c. avance 40-70%","29","2380.11","7"
"act","202603","a. 1-8","c. avance 40-70%","30","6729.85","22"
"act","202603","a. 1-8","c. avance 40-70%","31","5488.52","20"
"base","202603","a. 1-8","d. avance 70%+","-1","35155.02","87"
"act","202603","a. 1-8","d. avance 70%+","1","2879.52","10"
"act","202603","a. 1-8","d. avance 70%+","2","3862.16","11"
"act","202603","a. 1-8","d. avance 70%+","3","1547.8","5"
"act","202603","a. 1-8","d. avance 70%+","4","413.42","2"
"act","202603","a. 1-8","d. avance 70%+","5","1038.58","4"
"act","202603","a. 1-8","d. avance 70%+","7","186.65","1"
"act","202603","a. 1-8","d. avance 70%+","8","332.3","2"
"act","202603","a. 1-8","d. avance 70%+","9","1812.2","6"
"act","202603","a. 1-8","d. avance 70%+","10","547.58","2"
"act","202603","a. 1-8","d. avance 70%+","11","240.55","1"
"act","202603","a. 1-8","d. avance 70%+","12","371.08","2"
"act","202603","a. 1-8","d. avance 70%+","13","755.47","1"
"act","202603","a. 1-8","d. avance 70%+","14","203.98","1"
"act","202603","a. 1-8","d. avance 70%+","16","109.71","1"
"act","202603","a. 1-8","d. avance 70%+","17","639.0","1"
"act","202603","a. 1-8","d. avance 70%+","18","405.11","1"
"act","202603","a. 1-8","d. avance 70%+","19","566.57","1"
"act","202603","a. 1-8","d. avance 70%+","20","618.79","2"
"act","202603","a. 1-8","d. avance 70%+","21","279.22","1"
"act","202603","a. 1-8","d. avance 70%+","22","481.05","2"
"act","202603","a. 1-8","d. avance 70%+","24","877.35","3"
"act","202603","a. 1-8","d. avance 70%+","25","880.39","6"
"act","202603","a. 1-8","d. avance 70%+","26","866.88","4"
"act","202603","a. 1-8","d. avance 70%+","27","2411.67","9"
"act","202603","a. 1-8","d. avance 70%+","28","795.3","2"
"act","202603","a. 1-8","d. avance 70%+","29","197.03","1"
"act","202603","a. 1-8","d. avance 70%+","30","396.62","2"
"act","202603","a. 1-8","d. avance 70%+","31","524.9","2"
"base","202603","b. 9-15","a. avance <10%","-1","206380.99","90"
"act","202603","b. 9-15","a. avance <10%","1","281.37","2"
"act","202603","b. 9-15","a. avance <10%","2","338.42","4"
"act","202603","b. 9-15","a. avance <10%","3","92.21","1"
"act","202603","b. 9-15","a. avance <10%","4","892.35","6"
"act","202603","b. 9-15","a. avance <10%","5","510.59","3"
"act","202603","b. 9-15","a. avance <10%","6","131.08","1"
"act","202603","b. 9-15","a. avance <10%","7","228.92","2"
"act","202603","b. 9-15","a. avance <10%","10","1102.66","2"
"act","202603","b. 9-15","a. avance <10%","11","308.06","3"
"act","202603","b. 9-15","a. avance <10%","12","419.84","2"
"act","202603","b. 9-15","a. avance <10%","13","958.73","3"
"act","202603","b. 9-15","a. avance <10%","15","818.58","2"
"act","202603","b. 9-15","a. avance <10%","16","733.87","3"
"act","202603","b. 9-15","a. avance <10%","17","856.06","1"
"act","202603","b. 9-15","a. avance <10%","18","113.65","1"
"act","202603","b. 9-15","a. avance <10%","19","44.5","1"
"act","202603","b. 9-15","a. avance <10%","20","70.86","1"
"act","202603","b. 9-15","a. avance <10%","21","421.53","2"
"act","202603","b. 9-15","a. avance <10%","22","94.04","1"
"act","202603","b. 9-15","a. avance <10%","23","385.98","1"
"act","202603","b. 9-15","a. avance <10%","24","446.69","2"
"act","202603","b. 9-15","a. avance <10%","25","701.21","2"
"act","202603","b. 9-15","a. avance <10%","26","91.47","1"
"act","202603","b. 9-15","a. avance <10%","31","84.88","1"
"base","202603","b. 9-15","b. avance 10-40%","-1","218718.77","105"
"act","202603","b. 9-15","b. avance 10-40%","1","371.91","2"
"act","202603","b. 9-15","b. avance 10-40%","2","2603.82","7"
"act","202603","b. 9-15","b. avance 10-40%","3","463.76","3"
"act","202603","b. 9-15","b. avance 10-40%","4","487.1","4"
"act","202603","b. 9-15","b. avance 10-40%","5","869.79","3"
"act","202603","b. 9-15","b. avance 10-40%","6","254.97","3"
"act","202603","b. 9-15","b. avance 10-40%","7","1766.98","3"
"act","202603","b. 9-15","b. avance 10-40%","8","484.82","2"
"act","202603","b. 9-15","b. avance 10-40%","9","482.89","3"
"act","202603","b. 9-15","b. avance 10-40%","10","1349.11","4"
"act","202603","b. 9-15","b. avance 10-40%","11","534.04","2"
"act","202603","b. 9-15","b. avance 10-40%","12","524.39","1"
"act","202603","b. 9-15","b. avance 10-40%","13","338.37","2"
"act","202603","b. 9-15","b. avance 10-40%","14","651.68","2"
"act","202603","b. 9-15","b. avance 10-40%","16","1664.54","5"
"act","202603","b. 9-15","b. avance 10-40%","17","4461.72","5"
"act","202603","b. 9-15","b. avance 10-40%","18","3542.3","6"
"act","202603","b. 9-15","b. avance 10-40%","19","560.3","3"
"act","202603","b. 9-15","b. avance 10-40%","20","800.69","4"
"act","202603","b. 9-15","b. avance 10-40%","21","1112.42","2"
"act","202603","b. 9-15","b. avance 10-40%","22","100.75","1"
"act","202603","b. 9-15","b. avance 10-40%","23","1350.74","3"
"act","202603","b. 9-15","b. avance 10-40%","24","2000.48","3"
"act","202603","b. 9-15","b. avance 10-40%","25","377.36","3"
"act","202603","b. 9-15","b. avance 10-40%","26","306.51","1"
"act","202603","b. 9-15","b. avance 10-40%","27","846.55","3"
"act","202603","b. 9-15","b. avance 10-40%","28","277.28","1"
"act","202603","b. 9-15","b. avance 10-40%","29","129.84","1"
"act","202603","b. 9-15","b. avance 10-40%","30","459.68","3"
"act","202603","b. 9-15","b. avance 10-40%","31","879.61","3"
"base","202603","b. 9-15","c. avance 40-70%","-1","59958.25","69"
"act","202603","b. 9-15","c. avance 40-70%","1","974.76","1"
"act","202603","b. 9-15","c. avance 40-70%","2","881.53","5"
"act","202603","b. 9-15","c. avance 40-70%","3","1632.73","6"
"act","202603","b. 9-15","c. avance 40-70%","4","408.03","2"
"act","202603","b. 9-15","c. avance 40-70%","5","352.67","2"
"act","202603","b. 9-15","c. avance 40-70%","7","206.13","1"
"act","202603","b. 9-15","c. avance 40-70%","8","270.83","1"
"act","202603","b. 9-15","c. avance 40-70%","9","176.97","1"
"act","202603","b. 9-15","c. avance 40-70%","10","593.01","3"
"act","202603","b. 9-15","c. avance 40-70%","11","509.93","1"
"act","202603","b. 9-15","c. avance 40-70%","12","555.08","2"
"act","202603","b. 9-15","c. avance 40-70%","13","851.8","2"
"act","202603","b. 9-15","c. avance 40-70%","14","1086.56","4"
"act","202603","b. 9-15","c. avance 40-70%","15","284.59","2"
"act","202603","b. 9-15","c. avance 40-70%","16","977.7","2"
"act","202603","b. 9-15","c. avance 40-70%","17","1682.3","6"
"act","202603","b. 9-15","c. avance 40-70%","18","572.46","3"
"act","202603","b. 9-15","c. avance 40-70%","19","449.48","3"
"act","202603","b. 9-15","c. avance 40-70%","20","811.94","2"
"act","202603","b. 9-15","c. avance 40-70%","22","336.45","2"
"act","202603","b. 9-15","c. avance 40-70%","25","810.14","4"
"act","202603","b. 9-15","c. avance 40-70%","26","158.45","1"
"act","202603","b. 9-15","c. avance 40-70%","29","250.51","1"
"act","202603","b. 9-15","c. avance 40-70%","30","518.27","3"
"base","202603","b. 9-15","d. avance 70%+","-1","10208.41","19"
"act","202603","b. 9-15","d. avance 70%+","1","400.96","1"
"act","202603","b. 9-15","d. avance 70%+","2","296.93","2"
"act","202603","b. 9-15","d. avance 70%+","3","408.4","1"
"act","202603","b. 9-15","d. avance 70%+","4","564.1","2"
"act","202603","b. 9-15","d. avance 70%+","7","290.25","1"
"act","202603","b. 9-15","d. avance 70%+","10","78.67","1"
"act","202603","b. 9-15","d. avance 70%+","13","664.07","2"
"act","202603","b. 9-15","d. avance 70%+","14","614.79","2"
"act","202603","b. 9-15","d. avance 70%+","19","82.68","1"
"act","202603","b. 9-15","d. avance 70%+","22","282.18","1"
"act","202603","b. 9-15","d. avance 70%+","23","445.29","1"
"act","202603","b. 9-15","d. avance 70%+","25","205.57","1"
"act","202603","b. 9-15","d. avance 70%+","28","217.81","1"
"act","202603","b. 9-15","d. avance 70%+","31","185.48","1"
"base","202603","c. 16-30","a. avance <10%","-1","283748.09","105"
"act","202603","c. 16-30","a. avance <10%","1","527.51","2"
"act","202603","c. 16-30","a. avance <10%","2","377.91","2"
"act","202603","c. 16-30","a. avance <10%","3","112.73","1"
"act","202603","c. 16-30","a. avance <10%","4","781.87","3"
"act","202603","c. 16-30","a. avance <10%","5","576.02","3"
"act","202603","c. 16-30","a. avance <10%","7","273.5","1"
"act","202603","c. 16-30","a. avance <10%","9","612.69","2"
"act","202603","c. 16-30","a. avance <10%","10","849.33","5"
"act","202603","c. 16-30","a. avance <10%","11","441.75","2"
"act","202603","c. 16-30","a. avance <10%","12","269.95","2"
"act","202603","c. 16-30","a. avance <10%","13","185.61","1"
"act","202603","c. 16-30","a. avance <10%","16","263.89","1"
"act","202603","c. 16-30","a. avance <10%","17","410.49","2"
"act","202603","c. 16-30","a. avance <10%","24","259.68","1"
"act","202603","c. 16-30","a. avance <10%","25","298.96","1"
"act","202603","c. 16-30","a. avance <10%","26","318.74","1"
"act","202603","c. 16-30","a. avance <10%","31","619.02","1"
"base","202603","c. 16-30","b. avance 10-40%","-1","287520.22","128"
"act","202603","c. 16-30","b. avance 10-40%","1","893.11","4"
"act","202603","c. 16-30","b. avance 10-40%","3","1169.83","5"
"act","202603","c. 16-30","b. avance 10-40%","4","350.23","2"
"act","202603","c. 16-30","b. avance 10-40%","5","1991.82","6"
"act","202603","c. 16-30","b. avance 10-40%","6","929.83","2"
"act","202603","c. 16-30","b. avance 10-40%","7","85.42","1"
"act","202603","c. 16-30","b. avance 10-40%","8","599.94","1"
"act","202603","c. 16-30","b. avance 10-40%","9","1103.52","4"
"act","202603","c. 16-30","b. avance 10-40%","10","532.58","2"
"act","202603","c. 16-30","b. avance 10-40%","11","354.98","1"
"act","202603","c. 16-30","b. avance 10-40%","12","1141.26","2"
"act","202603","c. 16-30","b. avance 10-40%","13","2290.02","4"
"act","202603","c. 16-30","b. avance 10-40%","15","85.42","1"
"act","202603","c. 16-30","b. avance 10-40%","16","2988.12","5"
"act","202603","c. 16-30","b. avance 10-40%","17","1491.29","3"
"act","202603","c. 16-30","b. avance 10-40%","19","552.87","3"
"act","202603","c. 16-30","b. avance 10-40%","20","97.71","1"
"act","202603","c. 16-30","b. avance 10-40%","21","300.59","2"
"act","202603","c. 16-30","b. avance 10-40%","22","102.24","1"
"act","202603","c. 16-30","b. avance 10-40%","26","995.32","2"
"act","202603","c. 16-30","b. avance 10-40%","27","578.34","3"
"act","202603","c. 16-30","b. avance 10-40%","31","572.98","2"
"base","202603","c. 16-30","c. avance 40-70%","-1","88965.95","87"
"act","202603","c. 16-30","c. avance 40-70%","1","248.74","2"
"act","202603","c. 16-30","c. avance 40-70%","2","1795.43","6"
"act","202603","c. 16-30","c. avance 40-70%","3","270.15","1"
"act","202603","c. 16-30","c. avance 40-70%","4","542.34","2"
"act","202603","c. 16-30","c. avance 40-70%","5","527.32","1"
"act","202603","c. 16-30","c. avance 40-70%","6","303.6","1"
"act","202603","c. 16-30","c. avance 40-70%","7","376.92","1"
"act","202603","c. 16-30","c. avance 40-70%","9","133.06","1"
"act","202603","c. 16-30","c. avance 40-70%","10","283.67","1"
"act","202603","c. 16-30","c. avance 40-70%","11","1026.18","2"
"act","202603","c. 16-30","c. avance 40-70%","12","320.58","1"
"act","202603","c. 16-30","c. avance 40-70%","13","194.73","1"
"act","202603","c. 16-30","c. avance 40-70%","15","126.03","1"
"act","202603","c. 16-30","c. avance 40-70%","16","952.7","2"
"act","202603","c. 16-30","c. avance 40-70%","17","284.42","1"
"act","202603","c. 16-30","c. avance 40-70%","19","622.94","2"
"act","202603","c. 16-30","c. avance 40-70%","20","744.28","3"
"act","202603","c. 16-30","c. avance 40-70%","21","194.17","1"
"act","202603","c. 16-30","c. avance 40-70%","22","309.53","1"
"act","202603","c. 16-30","c. avance 40-70%","23","308.43","1"
"act","202603","c. 16-30","c. avance 40-70%","24","162.35","1"
"act","202603","c. 16-30","c. avance 40-70%","25","275.51","1"
"act","202603","c. 16-30","c. avance 40-70%","26","222.46","1"
"act","202603","c. 16-30","c. avance 40-70%","28","633.32","2"
"base","202603","c. 16-30","d. avance 70%+","-1","18774.56","43"
"act","202603","c. 16-30","d. avance 70%+","1","472.67","2"
"act","202603","c. 16-30","d. avance 70%+","2","138.32","1"
"act","202603","c. 16-30","d. avance 70%+","3","231.14","1"
"act","202603","c. 16-30","d. avance 70%+","4","226.56","1"
"act","202603","c. 16-30","d. avance 70%+","5","499.53","1"
"act","202603","c. 16-30","d. avance 70%+","7","283.32","1"
"act","202603","c. 16-30","d. avance 70%+","8","603.94","1"
"act","202603","c. 16-30","d. avance 70%+","9","545.88","2"
"act","202603","c. 16-30","d. avance 70%+","10","450.54","2"
"act","202603","c. 16-30","d. avance 70%+","11","348.32","1"
"act","202603","c. 16-30","d. avance 70%+","18","838.41","3"
"act","202603","c. 16-30","d. avance 70%+","19","183.55","1"
"act","202603","c. 16-30","d. avance 70%+","20","390.97","1"
"act","202603","c. 16-30","d. avance 70%+","21","535.36","1"
"act","202603","c. 16-30","d. avance 70%+","24","276.93","1"
"act","202603","c. 16-30","d. avance 70%+","25","355.27","1"
"act","202603","c. 16-30","d. avance 70%+","27","313.35","1"
"act","202603","c. 16-30","d. avance 70%+","30","531.38","1"
"act","202603","c. 16-30","d. avance 70%+","31","248.76","1"
"base","202604","a. 1-8","a. avance <10%","-1","695854.64","251"
"act","202604","a. 1-8","a. avance <10%","1","11140.45","50"
"act","202604","a. 1-8","a. avance <10%","2","1448.42","13"
"act","202604","a. 1-8","a. avance <10%","3","706.49","4"
"act","202604","a. 1-8","a. avance <10%","4","6683.77","7"
"act","202604","a. 1-8","a. avance <10%","5","401.05","2"
"act","202604","a. 1-8","a. avance <10%","6","4689.1","10"
"act","202604","a. 1-8","a. avance <10%","7","694.74","4"
"act","202604","a. 1-8","a. avance <10%","8","3241.89","15"
"act","202604","a. 1-8","a. avance <10%","9","1926.91","10"
"act","202604","a. 1-8","a. avance <10%","10","212.82","2"
"act","202604","a. 1-8","a. avance <10%","11","686.16","3"
"act","202604","a. 1-8","a. avance <10%","12","175.01","1"
"act","202604","a. 1-8","a. avance <10%","13","293.14","2"
"act","202604","a. 1-8","a. avance <10%","14","3329.96","2"
"act","202604","a. 1-8","a. avance <10%","15","332.48","2"
"act","202604","a. 1-8","a. avance <10%","16","407.01","3"
"act","202604","a. 1-8","a. avance <10%","17","777.05","2"
"act","202604","a. 1-8","a. avance <10%","18","744.19","3"
"act","202604","a. 1-8","a. avance <10%","20","1199.74","5"
"act","202604","a. 1-8","a. avance <10%","21","576.82","2"
"act","202604","a. 1-8","a. avance <10%","22","177.98","1"
"act","202604","a. 1-8","a. avance <10%","23","98.21","1"
"act","202604","a. 1-8","a. avance <10%","24","1438.99","7"
"act","202604","a. 1-8","a. avance <10%","25","221.77","3"
"act","202604","a. 1-8","a. avance <10%","26","509.57","3"
"act","202604","a. 1-8","a. avance <10%","27","2498.72","11"
"act","202604","a. 1-8","a. avance <10%","28","1939.52","6"
"act","202604","a. 1-8","a. avance <10%","29","2176.63","10"
"act","202604","a. 1-8","a. avance <10%","30","3683.61","15"
"base","202604","a. 1-8","b. avance 10-40%","-1","1256328.73","648"
"act","202604","a. 1-8","b. avance 10-40%","1","35094.42","131"
"act","202604","a. 1-8","b. avance 10-40%","2","10357.03","43"
"act","202604","a. 1-8","b. avance 10-40%","3","2183.22","8"
"act","202604","a. 1-8","b. avance 10-40%","4","3678.74","18"
"act","202604","a. 1-8","b. avance 10-40%","5","4885.75","14"
"act","202604","a. 1-8","b. avance 10-40%","6","5671.39","19"
"act","202604","a. 1-8","b. avance 10-40%","7","1863.12","11"
"act","202604","a. 1-8","b. avance 10-40%","8","5465.73","26"
"act","202604","a. 1-8","b. avance 10-40%","9","7946.17","11"
"act","202604","a. 1-8","b. avance 10-40%","10","3519.93","10"
"act","202604","a. 1-8","b. avance 10-40%","11","1437.91","6"
"act","202604","a. 1-8","b. avance 10-40%","12","220.93","2"
"act","202604","a. 1-8","b. avance 10-40%","13","6124.4","9"
"act","202604","a. 1-8","b. avance 10-40%","14","2005.56","8"
"act","202604","a. 1-8","b. avance 10-40%","15","1808.28","10"
"act","202604","a. 1-8","b. avance 10-40%","16","1011.07","4"
"act","202604","a. 1-8","b. avance 10-40%","17","1372.68","6"
"act","202604","a. 1-8","b. avance 10-40%","18","446.5","3"
"act","202604","a. 1-8","b. avance 10-40%","19","588.88","5"
"act","202604","a. 1-8","b. avance 10-40%","20","1461.95","5"
"act","202604","a. 1-8","b. avance 10-40%","21","500.73","3"
"act","202604","a. 1-8","b. avance 10-40%","22","1869.42","8"
"act","202604","a. 1-8","b. avance 10-40%","23","1619.9","7"
"act","202604","a. 1-8","b. avance 10-40%","24","2981.57","16"
"act","202604","a. 1-8","b. avance 10-40%","25","3508.46","10"
"act","202604","a. 1-8","b. avance 10-40%","26","1855.61","8"
"act","202604","a. 1-8","b. avance 10-40%","27","6145.39","26"
"act","202604","a. 1-8","b. avance 10-40%","28","6547.69","26"
"act","202604","a. 1-8","b. avance 10-40%","29","11493.06","44"
"act","202604","a. 1-8","b. avance 10-40%","30","18384.14","87"
"base","202604","a. 1-8","c. avance 40-70%","-1","564657.82","548"
"act","202604","a. 1-8","c. avance 40-70%","1","33316.71","111"
"act","202604","a. 1-8","c. avance 40-70%","2","11951.46","32"
"act","202604","a. 1-8","c. avance 40-70%","3","1776.35","6"
"act","202604","a. 1-8","c. avance 40-70%","4","2056.02","11"
"act","202604","a. 1-8","c. avance 40-70%","5","3420.16","11"
"act","202604","a. 1-8","c. avance 40-70%","6","9515.4","19"
"act","202604","a. 1-8","c. avance 40-70%","7","3676.2","16"
"act","202604","a. 1-8","c. avance 40-70%","8","5200.01","17"
"act","202604","a. 1-8","c. avance 40-70%","9","3646.96","9"
"act","202604","a. 1-8","c. avance 40-70%","10","2789.69","10"
"act","202604","a. 1-8","c. avance 40-70%","11","606.48","2"
"act","202604","a. 1-8","c. avance 40-70%","13","1842.13","7"
"act","202604","a. 1-8","c. avance 40-70%","14","1655.68","7"
"act","202604","a. 1-8","c. avance 40-70%","15","1443.7","5"
"act","202604","a. 1-8","c. avance 40-70%","16","722.95","3"
"act","202604","a. 1-8","c. avance 40-70%","17","1040.58","6"
"act","202604","a. 1-8","c. avance 40-70%","18","738.25","4"
"act","202604","a. 1-8","c. avance 40-70%","19","164.0","1"
"act","202604","a. 1-8","c. avance 40-70%","20","4448.47","10"
"act","202604","a. 1-8","c. avance 40-70%","21","750.87","3"
"act","202604","a. 1-8","c. avance 40-70%","22","2434.71","6"
"act","202604","a. 1-8","c. avance 40-70%","23","3676.97","15"
"act","202604","a. 1-8","c. avance 40-70%","24","3122.13","9"
"act","202604","a. 1-8","c. avance 40-70%","25","1347.82","8"
"act","202604","a. 1-8","c. avance 40-70%","26","5062.29","9"
"act","202604","a. 1-8","c. avance 40-70%","27","7373.16","23"
"act","202604","a. 1-8","c. avance 40-70%","28","7543.23","25"
"act","202604","a. 1-8","c. avance 40-70%","29","7624.05","28"
"act","202604","a. 1-8","c. avance 40-70%","30","30411.34","108"
"base","202604","a. 1-8","d. avance 70%+","-1","99327.36","226"
"act","202604","a. 1-8","d. avance 70%+","1","9380.97","40"
"act","202604","a. 1-8","d. avance 70%+","2","1747.13","9"
"act","202604","a. 1-8","d. avance 70%+","4","1363.6","6"
"act","202604","a. 1-8","d. avance 70%+","5","1099.72","3"
"act","202604","a. 1-8","d. avance 70%+","6","2908.06","10"
"act","202604","a. 1-8","d. avance 70%+","7","1846.69","6"
"act","202604","a. 1-8","d. avance 70%+","8","4474.26","18"
"act","202604","a. 1-8","d. avance 70%+","9","1360.35","5"
"act","202604","a. 1-8","d. avance 70%+","10","1527.17","6"
"act","202604","a. 1-8","d. avance 70%+","11","1027.92","5"
"act","202604","a. 1-8","d. avance 70%+","13","333.58","1"
"act","202604","a. 1-8","d. avance 70%+","14","1740.28","5"
"act","202604","a. 1-8","d. avance 70%+","15","175.9","1"
"act","202604","a. 1-8","d. avance 70%+","16","244.03","1"
"act","202604","a. 1-8","d. avance 70%+","17","885.17","3"
"act","202604","a. 1-8","d. avance 70%+","18","980.76","3"
"act","202604","a. 1-8","d. avance 70%+","20","1340.09","3"
"act","202604","a. 1-8","d. avance 70%+","21","377.67","1"
"act","202604","a. 1-8","d. avance 70%+","22","454.46","2"
"act","202604","a. 1-8","d. avance 70%+","23","1074.94","4"
"act","202604","a. 1-8","d. avance 70%+","24","664.0","4"
"act","202604","a. 1-8","d. avance 70%+","25","1221.96","5"
"act","202604","a. 1-8","d. avance 70%+","26","431.36","3"
"act","202604","a. 1-8","d. avance 70%+","27","2590.18","11"
"act","202604","a. 1-8","d. avance 70%+","28","2711.44","10"
"act","202604","a. 1-8","d. avance 70%+","29","2787.03","10"
"act","202604","a. 1-8","d. avance 70%+","30","7428.97","24"
"base","202604","b. 9-15","a. avance <10%","-1","210677.57","86"
"act","202604","b. 9-15","a. avance <10%","1","1085.21","7"
"act","202604","b. 9-15","a. avance <10%","2","366.1","2"
"act","202604","b. 9-15","a. avance <10%","3","127.39","1"
"act","202604","b. 9-15","a. avance <10%","8","252.13","2"
"act","202604","b. 9-15","a. avance <10%","9","3732.13","2"
"act","202604","b. 9-15","a. avance <10%","11","160.37","1"
"act","202604","b. 9-15","a. avance <10%","12","195.1","1"
"act","202604","b. 9-15","a. avance <10%","13","65.47","1"
"act","202604","b. 9-15","a. avance <10%","14","78.53","1"
"act","202604","b. 9-15","a. avance <10%","15","590.14","1"
"act","202604","b. 9-15","a. avance <10%","17","193.19","2"
"act","202604","b. 9-15","a. avance <10%","19","118.29","1"
"act","202604","b. 9-15","a. avance <10%","20","1193.6","5"
"act","202604","b. 9-15","a. avance <10%","21","567.15","4"
"act","202604","b. 9-15","a. avance <10%","22","869.86","4"
"act","202604","b. 9-15","a. avance <10%","23","668.22","1"
"act","202604","b. 9-15","a. avance <10%","24","83.78","1"
"act","202604","b. 9-15","a. avance <10%","25","194.09","1"
"act","202604","b. 9-15","a. avance <10%","28","265.4","1"
"act","202604","b. 9-15","a. avance <10%","29","703.15","2"
"act","202604","b. 9-15","a. avance <10%","30","348.28","3"
"base","202604","b. 9-15","b. avance 10-40%","-1","294464.15","157"
"act","202604","b. 9-15","b. avance 10-40%","1","3198.88","12"
"act","202604","b. 9-15","b. avance 10-40%","2","645.61","4"
"act","202604","b. 9-15","b. avance 10-40%","3","282.56","2"
"act","202604","b. 9-15","b. avance 10-40%","4","692.55","2"
"act","202604","b. 9-15","b. avance 10-40%","5","447.06","2"
"act","202604","b. 9-15","b. avance 10-40%","6","2535.03","6"
"act","202604","b. 9-15","b. avance 10-40%","7","507.5","3"
"act","202604","b. 9-15","b. avance 10-40%","8","974.75","6"
"act","202604","b. 9-15","b. avance 10-40%","10","272.64","2"
"act","202604","b. 9-15","b. avance 10-40%","11","417.97","2"
"act","202604","b. 9-15","b. avance 10-40%","12","242.96","1"
"act","202604","b. 9-15","b. avance 10-40%","13","727.47","2"
"act","202604","b. 9-15","b. avance 10-40%","14","771.17","2"
"act","202604","b. 9-15","b. avance 10-40%","15","1572.26","5"
"act","202604","b. 9-15","b. avance 10-40%","16","1064.26","5"
"act","202604","b. 9-15","b. avance 10-40%","17","1518.27","6"
"act","202604","b. 9-15","b. avance 10-40%","18","538.87","4"
"act","202604","b. 9-15","b. avance 10-40%","19","651.69","3"
"act","202604","b. 9-15","b. avance 10-40%","20","859.28","5"
"act","202604","b. 9-15","b. avance 10-40%","21","3027.75","4"
"act","202604","b. 9-15","b. avance 10-40%","22","459.44","2"
"act","202604","b. 9-15","b. avance 10-40%","23","263.7","3"
"act","202604","b. 9-15","b. avance 10-40%","24","1816.26","4"
"act","202604","b. 9-15","b. avance 10-40%","25","97.03","1"
"act","202604","b. 9-15","b. avance 10-40%","26","113.49","1"
"act","202604","b. 9-15","b. avance 10-40%","27","526.35","1"
"act","202604","b. 9-15","b. avance 10-40%","28","502.85","3"
"act","202604","b. 9-15","b. avance 10-40%","29","4336.42","10"
"act","202604","b. 9-15","b. avance 10-40%","30","1547.19","7"
"base","202604","b. 9-15","c. avance 40-70%","-1","62710.62","73"
"act","202604","b. 9-15","c. avance 40-70%","1","2156.42","7"
"act","202604","b. 9-15","c. avance 40-70%","2","308.12","2"
"act","202604","b. 9-15","c. avance 40-70%","4","517.94","3"
"act","202604","b. 9-15","c. avance 40-70%","6","954.73","4"
"act","202604","b. 9-15","c. avance 40-70%","7","211.01","1"
"act","202604","b. 9-15","c. avance 40-70%","8","834.53","4"
"act","202604","b. 9-15","c. avance 40-70%","9","884.1","3"
"act","202604","b. 9-15","c. avance 40-70%","11","296.22","1"
"act","202604","b. 9-15","c. avance 40-70%","13","394.76","2"
"act","202604","b. 9-15","c. avance 40-70%","15","363.17","2"
"act","202604","b. 9-15","c. avance 40-70%","16","250.91","1"
"act","202604","b. 9-15","c. avance 40-70%","17","864.23","3"
"act","202604","b. 9-15","c. avance 40-70%","18","407.72","1"
"act","202604","b. 9-15","c. avance 40-70%","20","1152.79","3"
"act","202604","b. 9-15","c. avance 40-70%","21","256.65","1"
"act","202604","b. 9-15","c. avance 40-70%","22","224.49","1"
"act","202604","b. 9-15","c. avance 40-70%","23","365.06","1"
"act","202604","b. 9-15","c. avance 40-70%","26","613.47","2"
"act","202604","b. 9-15","c. avance 40-70%","28","189.39","1"
"act","202604","b. 9-15","c. avance 40-70%","29","1245.74","2"
"act","202604","b. 9-15","c. avance 40-70%","30","810.16","3"
"base","202604","b. 9-15","d. avance 70%+","-1","12205.28","30"
"act","202604","b. 9-15","d. avance 70%+","1","1635.61","6"
"act","202604","b. 9-15","d. avance 70%+","3","181.2","1"
"act","202604","b. 9-15","d. avance 70%+","6","143.39","1"
"act","202604","b. 9-15","d. avance 70%+","9","244.12","1"
"act","202604","b. 9-15","d. avance 70%+","14","710.72","2"
"act","202604","b. 9-15","d. avance 70%+","15","418.06","2"
"act","202604","b. 9-15","d. avance 70%+","20","698.7","4"
"act","202604","b. 9-15","d. avance 70%+","22","298.97","1"
"act","202604","b. 9-15","d. avance 70%+","24","128.41","1"
"act","202604","b. 9-15","d. avance 70%+","25","518.32","1"
"act","202604","b. 9-15","d. avance 70%+","28","656.56","3"
"act","202604","b. 9-15","d. avance 70%+","30","903.6","2"
"base","202604","c. 16-30","a. avance <10%","-1","379930.47","150"
"act","202604","c. 16-30","a. avance <10%","1","531.33","4"
"act","202604","c. 16-30","a. avance <10%","2","177.36","1"
"act","202604","c. 16-30","a. avance <10%","3","274.86","2"
"act","202604","c. 16-30","a. avance <10%","4","1393.42","2"
"act","202604","c. 16-30","a. avance <10%","5","2507.27","2"
"act","202604","c. 16-30","a. avance <10%","6","132.63","1"
"act","202604","c. 16-30","a. avance <10%","7","1157.34","2"
"act","202604","c. 16-30","a. avance <10%","8","1911.26","3"
"act","202604","c. 16-30","a. avance <10%","9","234.39","1"
"act","202604","c. 16-30","a. avance <10%","10","359.62","1"
"act","202604","c. 16-30","a. avance <10%","11","229.55","1"
"act","202604","c. 16-30","a. avance <10%","13","88.79","1"
"act","202604","c. 16-30","a. avance <10%","14","304.57","2"
"act","202604","c. 16-30","a. avance <10%","16","530.11","2"
"act","202604","c. 16-30","a. avance <10%","18","724.28","2"
"act","202604","c. 16-30","a. avance <10%","20","215.12","1"
"act","202604","c. 16-30","a. avance <10%","22","76.49","1"
"act","202604","c. 16-30","a. avance <10%","28","62.47","1"
"act","202604","c. 16-30","a. avance <10%","30","368.23","1"
"base","202604","c. 16-30","b. avance 10-40%","-1","263857.02","146"
"act","202604","c. 16-30","b. avance 10-40%","1","462.04","5"
"act","202604","c. 16-30","b. avance 10-40%","2","710.12","3"
"act","202604","c. 16-30","b. avance 10-40%","3","565.83","1"
"act","202604","c. 16-30","b. avance 10-40%","4","767.92","3"
"act","202604","c. 16-30","b. avance 10-40%","5","183.38","2"
"act","202604","c. 16-30","b. avance 10-40%","7","1156.56","5"
"act","202604","c. 16-30","b. avance 10-40%","8","1365.65","5"
"act","202604","c. 16-30","b. avance 10-40%","9","748.0","4"
"act","202604","c. 16-30","b. avance 10-40%","10","878.35","4"
"act","202604","c. 16-30","b. avance 10-40%","11","374.8","3"
"act","202604","c. 16-30","b. avance 10-40%","12","141.63","1"
"act","202604","c. 16-30","b. avance 10-40%","13","1799.22","1"
"act","202604","c. 16-30","b. avance 10-40%","14","202.21","1"
"act","202604","c. 16-30","b. avance 10-40%","15","970.8","4"
"act","202604","c. 16-30","b. avance 10-40%","16","243.45","1"
"act","202604","c. 16-30","b. avance 10-40%","17","713.28","4"
"act","202604","c. 16-30","b. avance 10-40%","21","481.91","2"
"act","202604","c. 16-30","b. avance 10-40%","22","1286.83","4"
"act","202604","c. 16-30","b. avance 10-40%","23","173.56","1"
"act","202604","c. 16-30","b. avance 10-40%","24","307.55","1"
"act","202604","c. 16-30","b. avance 10-40%","25","178.67","1"
"act","202604","c. 16-30","b. avance 10-40%","26","135.81","1"
"act","202604","c. 16-30","b. avance 10-40%","27","620.17","4"
"act","202604","c. 16-30","b. avance 10-40%","28","767.34","3"
"act","202604","c. 16-30","b. avance 10-40%","29","1245.38","6"
"act","202604","c. 16-30","b. avance 10-40%","30","507.07","3"
"base","202604","c. 16-30","c. avance 40-70%","-1","102923.88","97"
"act","202604","c. 16-30","c. avance 40-70%","1","2746.89","10"
"act","202604","c. 16-30","c. avance 40-70%","2","403.05","2"
"act","202604","c. 16-30","c. avance 40-70%","4","832.08","2"
"act","202604","c. 16-30","c. avance 40-70%","5","180.02","1"
"act","202604","c. 16-30","c. avance 40-70%","6","583.56","2"
"act","202604","c. 16-30","c. avance 40-70%","7","1445.52","2"
"act","202604","c. 16-30","c. avance 40-70%","8","925.9","6"
"act","202604","c. 16-30","c. avance 40-70%","9","157.6","1"
"act","202604","c. 16-30","c. avance 40-70%","10","384.56","1"
"act","202604","c. 16-30","c. avance 40-70%","11","1335.32","2"
"act","202604","c. 16-30","c. avance 40-70%","13","1525.23","5"
"act","202604","c. 16-30","c. avance 40-70%","14","268.03","1"
"act","202604","c. 16-30","c. avance 40-70%","15","1773.63","4"
"act","202604","c. 16-30","c. avance 40-70%","16","330.42","2"
"act","202604","c. 16-30","c. avance 40-70%","17","223.73","1"
"act","202604","c. 16-30","c. avance 40-70%","19","536.85","2"
"act","202604","c. 16-30","c. avance 40-70%","20","875.89","2"
"act","202604","c. 16-30","c. avance 40-70%","21","793.35","4"
"act","202604","c. 16-30","c. avance 40-70%","22","376.32","1"
"act","202604","c. 16-30","c. avance 40-70%","23","1469.79","3"
"act","202604","c. 16-30","c. avance 40-70%","24","523.01","2"
"act","202604","c. 16-30","c. avance 40-70%","25","819.98","4"
"act","202604","c. 16-30","c. avance 40-70%","28","1026.14","3"
"act","202604","c. 16-30","c. avance 40-70%","29","489.98","2"
"act","202604","c. 16-30","c. avance 40-70%","30","799.71","4"
"base","202604","c. 16-30","d. avance 70%+","-1","10067.95","31"
"act","202604","c. 16-30","d. avance 70%+","1","649.29","2"
"act","202604","c. 16-30","d. avance 70%+","2","108.91","1"
"act","202604","c. 16-30","d. avance 70%+","3","285.75","1"
"act","202604","c. 16-30","d. avance 70%+","4","101.5","1"
"act","202604","c. 16-30","d. avance 70%+","6","366.41","1"
"act","202604","c. 16-30","d. avance 70%+","8","1407.88","3"
"act","202604","c. 16-30","d. avance 70%+","9","324.74","1"
"act","202604","c. 16-30","d. avance 70%+","10","463.5","2"
"act","202604","c. 16-30","d. avance 70%+","11","94.09","1"
"act","202604","c. 16-30","d. avance 70%+","14","235.5","1"
"act","202604","c. 16-30","d. avance 70%+","17","334.09","1"
"act","202604","c. 16-30","d. avance 70%+","27","258.09","1"
"base","202605","a. 1-8","a. avance <10%","-1","575233.25","224"
"act","202605","a. 1-8","a. avance <10%","1","4595.07","23"
"act","202605","a. 1-8","a. avance <10%","2","4330.69","21"
"act","202605","a. 1-8","a. avance <10%","3","555.3","3"
"act","202605","a. 1-8","a. avance <10%","4","6731.59","16"
"act","202605","a. 1-8","a. avance <10%","5","2204.97","10"
"act","202605","a. 1-8","a. avance <10%","6","1348.0","7"
"act","202605","a. 1-8","a. avance <10%","7","872.92","5"
"act","202605","a. 1-8","a. avance <10%","8","1356.93","6"
"act","202605","a. 1-8","a. avance <10%","9","138.98","1"
"act","202605","a. 1-8","a. avance <10%","10","271.25","2"
"act","202605","a. 1-8","a. avance <10%","11","599.21","4"
"act","202605","a. 1-8","a. avance <10%","12","1314.5","2"
"act","202605","a. 1-8","a. avance <10%","13","567.36","2"
"act","202605","a. 1-8","a. avance <10%","14","297.5","2"
"act","202605","a. 1-8","a. avance <10%","15","4222.38","3"
"act","202605","a. 1-8","a. avance <10%","16","339.59","1"
"act","202605","a. 1-8","a. avance <10%","18","1269.86","3"
"act","202605","a. 1-8","a. avance <10%","19","383.47","3"
"act","202605","a. 1-8","a. avance <10%","20","1837.7","5"
"act","202605","a. 1-8","a. avance <10%","21","403.91","2"
"act","202605","a. 1-8","a. avance <10%","22","671.75","4"
"act","202605","a. 1-8","a. avance <10%","23","2546.53","3"
"act","202605","a. 1-8","a. avance <10%","25","1393.06","9"
"act","202605","a. 1-8","a. avance <10%","26","1793.55","8"
"act","202605","a. 1-8","a. avance <10%","27","2820.75","10"
"act","202605","a. 1-8","a. avance <10%","28","2102.74","12"
"act","202605","a. 1-8","a. avance <10%","29","4304.14","17"
"act","202605","a. 1-8","a. avance <10%","30","4651.79","18"
"act","202605","a. 1-8","a. avance <10%","31","516.54","4"
"base","202605","a. 1-8","b. avance 10-40%","-1","785102.68","442"
"act","202605","a. 1-8","b. avance 10-40%","1","9332.84","42"
"act","202605","a. 1-8","b. avance 10-40%","2","9627.14","30"
"act","202605","a. 1-8","b. avance 10-40%","3","12525.42","15"
"act","202605","a. 1-8","b. avance 10-40%","4","5521.09","30"
"act","202605","a. 1-8","b. avance 10-40%","5","4573.37","23"
"act","202605","a. 1-8","b. avance 10-40%","6","1469.35","11"
"act","202605","a. 1-8","b. avance 10-40%","7","3100.77","15"
"act","202605","a. 1-8","b. avance 10-40%","8","906.64","6"
"act","202605","a. 1-8","b. avance 10-40%","9","2117.71","10"
"act","202605","a. 1-8","b. avance 10-40%","10","228.37","2"
"act","202605","a. 1-8","b. avance 10-40%","11","3411.87","10"
"act","202605","a. 1-8","b. avance 10-40%","12","813.32","3"
"act","202605","a. 1-8","b. avance 10-40%","13","3733.44","12"
"act","202605","a. 1-8","b. avance 10-40%","14","2027.21","7"
"act","202605","a. 1-8","b. avance 10-40%","15","3334.92","14"
"act","202605","a. 1-8","b. avance 10-40%","16","1842.85","5"
"act","202605","a. 1-8","b. avance 10-40%","17","455.81","3"
"act","202605","a. 1-8","b. avance 10-40%","18","1314.99","3"
"act","202605","a. 1-8","b. avance 10-40%","19","2455.68","5"
"act","202605","a. 1-8","b. avance 10-40%","20","5229.77","9"
"act","202605","a. 1-8","b. avance 10-40%","21","1227.75","5"
"act","202605","a. 1-8","b. avance 10-40%","22","5675.64","15"
"act","202605","a. 1-8","b. avance 10-40%","23","1699.17","9"
"act","202605","a. 1-8","b. avance 10-40%","24","1051.77","4"
"act","202605","a. 1-8","b. avance 10-40%","25","4834.55","18"
"act","202605","a. 1-8","b. avance 10-40%","26","4828.66","21"
"act","202605","a. 1-8","b. avance 10-40%","27","6416.56","23"
"act","202605","a. 1-8","b. avance 10-40%","28","5085.56","28"
"act","202605","a. 1-8","b. avance 10-40%","29","9655.13","41"
"act","202605","a. 1-8","b. avance 10-40%","30","6589.68","33"
"act","202605","a. 1-8","b. avance 10-40%","31","4551.13","17"
"base","202605","a. 1-8","c. avance 40-70%","-1","301583.66","343"
"act","202605","a. 1-8","c. avance 40-70%","1","9779.97","40"
"act","202605","a. 1-8","c. avance 40-70%","2","10777.38","31"
"act","202605","a. 1-8","c. avance 40-70%","3","3450.63","10"
"act","202605","a. 1-8","c. avance 40-70%","4","11245.28","30"
"act","202605","a. 1-8","c. avance 40-70%","5","4797.66","17"
"act","202605","a. 1-8","c. avance 40-70%","6","5948.09","20"
"act","202605","a. 1-8","c. avance 40-70%","7","2561.3","9"
"act","202605","a. 1-8","c. avance 40-70%","8","4153.0","7"
"act","202605","a. 1-8","c. avance 40-70%","9","1024.67","2"
"act","202605","a. 1-8","c. avance 40-70%","11","1709.89","7"
"act","202605","a. 1-8","c. avance 40-70%","12","1000.71","5"
"act","202605","a. 1-8","c. avance 40-70%","13","1352.4","4"
"act","202605","a. 1-8","c. avance 40-70%","14","1157.34","4"
"act","202605","a. 1-8","c. avance 40-70%","15","1423.28","5"
"act","202605","a. 1-8","c. avance 40-70%","16","634.43","3"
"act","202605","a. 1-8","c. avance 40-70%","17","271.73","2"
"act","202605","a. 1-8","c. avance 40-70%","18","1250.89","5"
"act","202605","a. 1-8","c. avance 40-70%","19","1679.87","7"
"act","202605","a. 1-8","c. avance 40-70%","20","1676.83","6"
"act","202605","a. 1-8","c. avance 40-70%","21","990.25","4"
"act","202605","a. 1-8","c. avance 40-70%","22","1591.75","8"
"act","202605","a. 1-8","c. avance 40-70%","23","963.62","3"
"act","202605","a. 1-8","c. avance 40-70%","24","1113.16","6"
"act","202605","a. 1-8","c. avance 40-70%","25","2938.55","13"
"act","202605","a. 1-8","c. avance 40-70%","26","3091.97","10"
"act","202605","a. 1-8","c. avance 40-70%","27","1433.58","7"
"act","202605","a. 1-8","c. avance 40-70%","28","3042.75","16"
"act","202605","a. 1-8","c. avance 40-70%","29","9999.21","36"
"act","202605","a. 1-8","c. avance 40-70%","30","5394.77","21"
"act","202605","a. 1-8","c. avance 40-70%","31","3886.47","14"
"base","202605","a. 1-8","d. avance 70%+","-1","53635.05","127"
"act","202605","a. 1-8","d. avance 70%+","1","2374.96","8"
"act","202605","a. 1-8","d. avance 70%+","2","3114.64","10"
"act","202605","a. 1-8","d. avance 70%+","3","774.47","4"
"act","202605","a. 1-8","d. avance 70%+","4","3866.22","14"
"act","202605","a. 1-8","d. avance 70%+","5","1458.71","7"
"act","202605","a. 1-8","d. avance 70%+","6","1781.74","7"
"act","202605","a. 1-8","d. avance 70%+","7","486.65","2"
"act","202605","a. 1-8","d. avance 70%+","8","1407.44","6"
"act","202605","a. 1-8","d. avance 70%+","10","279.18","1"
"act","202605","a. 1-8","d. avance 70%+","11","627.51","1"
"act","202605","a. 1-8","d. avance 70%+","12","1370.17","4"
"act","202605","a. 1-8","d. avance 70%+","13","427.81","2"
"act","202605","a. 1-8","d. avance 70%+","14","311.72","1"
"act","202605","a. 1-8","d. avance 70%+","15","1185.88","3"
"act","202605","a. 1-8","d. avance 70%+","16","296.13","2"
"act","202605","a. 1-8","d. avance 70%+","17","188.08","1"
"act","202605","a. 1-8","d. avance 70%+","19","549.43","2"
"act","202605","a. 1-8","d. avance 70%+","20","1555.82","2"
"act","202605","a. 1-8","d. avance 70%+","21","84.68","1"
"act","202605","a. 1-8","d. avance 70%+","22","745.3","3"
"act","202605","a. 1-8","d. avance 70%+","23","457.88","2"
"act","202605","a. 1-8","d. avance 70%+","25","389.79","1"
"act","202605","a. 1-8","d. avance 70%+","26","1403.18","3"
"act","202605","a. 1-8","d. avance 70%+","27","1489.02","3"
"act","202605","a. 1-8","d. avance 70%+","28","719.31","4"
"act","202605","a. 1-8","d. avance 70%+","29","1709.92","8"
"act","202605","a. 1-8","d. avance 70%+","30","5080.03","15"
"act","202605","a. 1-8","d. avance 70%+","31","834.0","4"
"base","202605","b. 9-15","a. avance <10%","-1","254318.69","105"
"act","202605","b. 9-15","a. avance <10%","1","1259.97","5"
"act","202605","b. 9-15","a. avance <10%","2","420.98","4"
"act","202605","b. 9-15","a. avance <10%","4","1415.93","5"
"act","202605","b. 9-15","a. avance <10%","5","907.26","3"
"act","202605","b. 9-15","a. avance <10%","7","184.76","1"
"act","202605","b. 9-15","a. avance <10%","8","169.13","2"
"act","202605","b. 9-15","a. avance <10%","9","167.78","1"
"act","202605","b. 9-15","a. avance <10%","10","68.89","1"
"act","202605","b. 9-15","a. avance <10%","11","1158.5","2"
"act","202605","b. 9-15","a. avance <10%","12","168.07","2"
"act","202605","b. 9-15","a. avance <10%","14","314.68","2"
"act","202605","b. 9-15","a. avance <10%","15","288.8","2"
"act","202605","b. 9-15","a. avance <10%","16","170.43","2"
"act","202605","b. 9-15","a. avance <10%","17","445.48","2"
"act","202605","b. 9-15","a. avance <10%","19","1205.13","5"
"act","202605","b. 9-15","a. avance <10%","20","83.9","1"
"act","202605","b. 9-15","a. avance <10%","21","474.02","2"
"act","202605","b. 9-15","a. avance <10%","25","81.93","1"
"act","202605","b. 9-15","a. avance <10%","26","596.37","2"
"act","202605","b. 9-15","a. avance <10%","29","506.01","2"
"act","202605","b. 9-15","a. avance <10%","30","229.1","1"
"base","202605","b. 9-15","b. avance 10-40%","-1","243927.59","140"
"act","202605","b. 9-15","b. avance 10-40%","1","1894.37","10"
"act","202605","b. 9-15","b. avance 10-40%","2","1618.51","8"
"act","202605","b. 9-15","b. avance 10-40%","3","222.5","2"
"act","202605","b. 9-15","b. avance 10-40%","4","1642.68","6"
"act","202605","b. 9-15","b. avance 10-40%","5","2289.31","6"
"act","202605","b. 9-15","b. avance 10-40%","6","1845.9","6"
"act","202605","b. 9-15","b. avance 10-40%","7","151.59","2"
"act","202605","b. 9-15","b. avance 10-40%","8","617.62","3"
"act","202605","b. 9-15","b. avance 10-40%","9","224.18","1"
"act","202605","b. 9-15","b. avance 10-40%","10","290.36","2"
"act","202605","b. 9-15","b. avance 10-40%","11","380.13","2"
"act","202605","b. 9-15","b. avance 10-40%","12","947.03","3"
"act","202605","b. 9-15","b. avance 10-40%","13","1628.03","5"
"act","202605","b. 9-15","b. avance 10-40%","14","694.37","4"
"act","202605","b. 9-15","b. avance 10-40%","15","787.12","5"
"act","202605","b. 9-15","b. avance 10-40%","16","1503.48","7"
"act","202605","b. 9-15","b. avance 10-40%","17","373.8","2"
"act","202605","b. 9-15","b. avance 10-40%","18","1050.04","7"
"act","202605","b. 9-15","b. avance 10-40%","19","835.33","3"
"act","202605","b. 9-15","b. avance 10-40%","20","1651.83","9"
"act","202605","b. 9-15","b. avance 10-40%","21","1246.81","5"
"act","202605","b. 9-15","b. avance 10-40%","22","105.35","1"
"act","202605","b. 9-15","b. avance 10-40%","23","206.78","1"
"act","202605","b. 9-15","b. avance 10-40%","25","585.47","5"
"act","202605","b. 9-15","b. avance 10-40%","26","246.7","1"
"act","202605","b. 9-15","b. avance 10-40%","27","1886.72","3"
"act","202605","b. 9-15","b. avance 10-40%","28","1198.37","3"
"act","202605","b. 9-15","b. avance 10-40%","29","1240.18","6"
"act","202605","b. 9-15","b. avance 10-40%","30","822.42","3"
"act","202605","b. 9-15","b. avance 10-40%","31","1062.06","5"
"base","202605","b. 9-15","c. avance 40-70%","-1","90164.83","91"
"act","202605","b. 9-15","c. avance 40-70%","1","1176.76","6"
"act","202605","b. 9-15","c. avance 40-70%","2","1036.06","5"
"act","202605","b. 9-15","c. avance 40-70%","3","128.62","2"
"act","202605","b. 9-15","c. avance 40-70%","4","1678.98","5"
"act","202605","b. 9-15","c. avance 40-70%","5","802.77","2"
"act","202605","b. 9-15","c. avance 40-70%","6","260.07","1"
"act","202605","b. 9-15","c. avance 40-70%","7","645.62","2"
"act","202605","b. 9-15","c. avance 40-70%","8","678.52","2"
"act","202605","b. 9-15","c. avance 40-70%","9","510.97","2"
"act","202605","b. 9-15","c. avance 40-70%","10","2393.44","2"
"act","202605","b. 9-15","c. avance 40-70%","11","377.12","1"
"act","202605","b. 9-15","c. avance 40-70%","12","500.77","3"
"act","202605","b. 9-15","c. avance 40-70%","13","753.79","3"
"act","202605","b. 9-15","c. avance 40-70%","15","780.21","3"
"act","202605","b. 9-15","c. avance 40-70%","16","319.41","2"
"act","202605","b. 9-15","c. avance 40-70%","17","410.48","2"
"act","202605","b. 9-15","c. avance 40-70%","18","354.48","2"
"act","202605","b. 9-15","c. avance 40-70%","19","219.9","1"
"act","202605","b. 9-15","c. avance 40-70%","20","255.73","1"
"act","202605","b. 9-15","c. avance 40-70%","21","914.27","3"
"act","202605","b. 9-15","c. avance 40-70%","23","159.05","1"
"act","202605","b. 9-15","c. avance 40-70%","24","407.62","1"
"act","202605","b. 9-15","c. avance 40-70%","25","2314.57","5"
"act","202605","b. 9-15","c. avance 40-70%","26","1015.83","4"
"act","202605","b. 9-15","c. avance 40-70%","27","607.45","1"
"act","202605","b. 9-15","c. avance 40-70%","28","918.81","1"
"act","202605","b. 9-15","c. avance 40-70%","29","439.64","2"
"act","202605","b. 9-15","c. avance 40-70%","30","1620.93","5"
"act","202605","b. 9-15","c. avance 40-70%","31","325.79","2"
"base","202605","b. 9-15","d. avance 70%+","-1","13783.71","28"
"act","202605","b. 9-15","d. avance 70%+","1","323.01","2"
"act","202605","b. 9-15","d. avance 70%+","4","792.28","4"
"act","202605","b. 9-15","d. avance 70%+","5","929.79","2"
"act","202605","b. 9-15","d. avance 70%+","6","524.77","3"
"act","202605","b. 9-15","d. avance 70%+","7","214.04","1"
"act","202605","b. 9-15","d. avance 70%+","11","341.92","1"
"act","202605","b. 9-15","d. avance 70%+","13","418.74","1"
"act","202605","b. 9-15","d. avance 70%+","14","269.77","1"
"act","202605","b. 9-15","d. avance 70%+","15","711.34","2"
"act","202605","b. 9-15","d. avance 70%+","19","402.93","1"
"act","202605","b. 9-15","d. avance 70%+","20","419.18","1"
"act","202605","b. 9-15","d. avance 70%+","21","205.28","1"
"act","202605","b. 9-15","d. avance 70%+","25","135.12","1"
"act","202605","b. 9-15","d. avance 70%+","29","458.74","2"
"act","202605","b. 9-15","d. avance 70%+","30","279.71","1"
"base","202605","c. 16-30","a. avance <10%","-1","367549.11","139"
"act","202605","c. 16-30","a. avance <10%","1","507.6","3"
"act","202605","c. 16-30","a. avance <10%","2","186.0","1"
"act","202605","c. 16-30","a. avance <10%","3","461.1","1"
"act","202605","c. 16-30","a. avance <10%","4","467.44","4"
"act","202605","c. 16-30","a. avance <10%","5","394.94","1"
"act","202605","c. 16-30","a. avance <10%","6","1012.76","4"
"act","202605","c. 16-30","a. avance <10%","7","463.18","1"
"act","202605","c. 16-30","a. avance <10%","8","552.2","3"
"act","202605","c. 16-30","a. avance <10%","9","119.69","1"
"act","202605","c. 16-30","a. avance <10%","11","573.46","4"
"act","202605","c. 16-30","a. avance <10%","12","481.77","2"
"act","202605","c. 16-30","a. avance <10%","13","627.89","3"
"act","202605","c. 16-30","a. avance <10%","14","188.25","2"
"act","202605","c. 16-30","a. avance <10%","15","670.98","2"
"act","202605","c. 16-30","a. avance <10%","16","438.87","2"
"act","202605","c. 16-30","a. avance <10%","17","122.65","1"
"act","202605","c. 16-30","a. avance <10%","18","247.87","1"
"act","202605","c. 16-30","a. avance <10%","19","170.53","1"
"act","202605","c. 16-30","a. avance <10%","20","209.67","1"
"act","202605","c. 16-30","a. avance <10%","22","73.06","1"
"act","202605","c. 16-30","a. avance <10%","23","611.07","2"
"act","202605","c. 16-30","a. avance <10%","25","153.51","1"
"act","202605","c. 16-30","a. avance <10%","26","226.91","1"
"act","202605","c. 16-30","a. avance <10%","27","127.08","1"
"act","202605","c. 16-30","a. avance <10%","30","125.48","1"
"base","202605","c. 16-30","b. avance 10-40%","-1","333045.52","172"
"act","202605","c. 16-30","b. avance 10-40%","1","1997.2","8"
"act","202605","c. 16-30","b. avance 10-40%","4","1718.79","7"
"act","202605","c. 16-30","b. avance 10-40%","5","1495.3","6"
"act","202605","c. 16-30","b. avance 10-40%","6","568.62","2"
"act","202605","c. 16-30","b. avance 10-40%","8","1519.0","7"
"act","202605","c. 16-30","b. avance 10-40%","9","464.26","3"
"act","202605","c. 16-30","b. avance 10-40%","10","273.93","1"
"act","202605","c. 16-30","b. avance 10-40%","11","1044.14","5"
"act","202605","c. 16-30","b. avance 10-40%","12","631.5","3"
"act","202605","c. 16-30","b. avance 10-40%","13","426.65","2"
"act","202605","c. 16-30","b. avance 10-40%","14","514.18","2"
"act","202605","c. 16-30","b. avance 10-40%","15","503.39","4"
"act","202605","c. 16-30","b. avance 10-40%","16","1020.85","5"
"act","202605","c. 16-30","b. avance 10-40%","17","909.76","4"
"act","202605","c. 16-30","b. avance 10-40%","18","799.87","3"
"act","202605","c. 16-30","b. avance 10-40%","19","1008.32","4"
"act","202605","c. 16-30","b. avance 10-40%","20","1634.69","6"
"act","202605","c. 16-30","b. avance 10-40%","21","514.8","3"
"act","202605","c. 16-30","b. avance 10-40%","24","126.31","1"
"act","202605","c. 16-30","b. avance 10-40%","26","2459.42","5"
"act","202605","c. 16-30","b. avance 10-40%","27","181.13","1"
"act","202605","c. 16-30","b. avance 10-40%","28","1024.18","3"
"act","202605","c. 16-30","b. avance 10-40%","29","380.82","2"
"act","202605","c. 16-30","b. avance 10-40%","30","1346.58","7"
"act","202605","c. 16-30","b. avance 10-40%","31","299.02","1"
"base","202605","c. 16-30","c. avance 40-70%","-1","120654.94","102"
"act","202605","c. 16-30","c. avance 40-70%","1","2970.98","4"
"act","202605","c. 16-30","c. avance 40-70%","2","201.42","2"
"act","202605","c. 16-30","c. avance 40-70%","3","970.71","4"
"act","202605","c. 16-30","c. avance 40-70%","4","756.17","4"
"act","202605","c. 16-30","c. avance 40-70%","5","964.28","2"
"act","202605","c. 16-30","c. avance 40-70%","6","470.73","2"
"act","202605","c. 16-30","c. avance 40-70%","8","133.83","1"
"act","202605","c. 16-30","c. avance 40-70%","9","490.75","2"
"act","202605","c. 16-30","c. avance 40-70%","11","207.6","1"
"act","202605","c. 16-30","c. avance 40-70%","12","1016.92","4"
"act","202605","c. 16-30","c. avance 40-70%","13","567.87","2"
"act","202605","c. 16-30","c. avance 40-70%","14","2090.68","5"
"act","202605","c. 16-30","c. avance 40-70%","15","933.83","4"
"act","202605","c. 16-30","c. avance 40-70%","16","956.83","2"
"act","202605","c. 16-30","c. avance 40-70%","17","504.01","1"
"act","202605","c. 16-30","c. avance 40-70%","18","561.05","3"
"act","202605","c. 16-30","c. avance 40-70%","19","1314.29","4"
"act","202605","c. 16-30","c. avance 40-70%","21","660.06","3"
"act","202605","c. 16-30","c. avance 40-70%","23","137.58","1"
"act","202605","c. 16-30","c. avance 40-70%","25","1596.16","2"
"act","202605","c. 16-30","c. avance 40-70%","26","1186.31","4"
"act","202605","c. 16-30","c. avance 40-70%","27","803.01","2"
"act","202605","c. 16-30","c. avance 40-70%","28","1844.32","2"
"act","202605","c. 16-30","c. avance 40-70%","29","1405.03","4"
"act","202605","c. 16-30","c. avance 40-70%","30","706.78","2"
"base","202605","c. 16-30","d. avance 70%+","-1","14522.47","35"
"act","202605","c. 16-30","d. avance 70%+","1","142.29","1"
"act","202605","c. 16-30","d. avance 70%+","4","589.23","2"
"act","202605","c. 16-30","d. avance 70%+","5","213.68","1"
"act","202605","c. 16-30","d. avance 70%+","6","295.55","2"
"act","202605","c. 16-30","d. avance 70%+","8","264.62","1"
"act","202605","c. 16-30","d. avance 70%+","12","541.37","2"
"act","202605","c. 16-30","d. avance 70%+","13","395.64","1"
"act","202605","c. 16-30","d. avance 70%+","15","150.0","1"
"act","202605","c. 16-30","d. avance 70%+","16","252.9","1"
"act","202605","c. 16-30","d. avance 70%+","18","258.99","1"
"act","202605","c. 16-30","d. avance 70%+","20","272.22","1"
"act","202605","c. 16-30","d. avance 70%+","22","1043.9","2"
"act","202605","c. 16-30","d. avance 70%+","28","822.52","2"
"act","202605","c. 16-30","d. avance 70%+","29","514.6","2"
"base","202606","a. 1-8","a. avance <10%","-1","957338.48","383"
"act","202606","a. 1-8","a. avance <10%","1","16783.81","94"
"act","202606","a. 1-8","a. avance <10%","2","10057.17","55"
"act","202606","a. 1-8","a. avance <10%","3","6900.66","34"
"act","202606","a. 1-8","a. avance <10%","4","5956.22","18"
"act","202606","a. 1-8","a. avance <10%","5","2100.9","9"
"act","202606","a. 1-8","a. avance <10%","6","1516.22","6"
"act","202606","a. 1-8","a. avance <10%","7","269.54","2"
"act","202606","a. 1-8","a. avance <10%","8","787.95","4"
"act","202606","a. 1-8","a. avance <10%","9","1043.34","6"
"act","202606","a. 1-8","a. avance <10%","10","979.5","5"
"act","202606","a. 1-8","a. avance <10%","11","3562.96","3"
"act","202606","a. 1-8","a. avance <10%","12","3790.77","1"
"act","202606","a. 1-8","a. avance <10%","13","388.28","2"
"act","202606","a. 1-8","a. avance <10%","14","187.3","2"
"act","202606","a. 1-8","a. avance <10%","15","802.5","5"
"act","202606","a. 1-8","a. avance <10%","16","4396.79","9"
"act","202606","a. 1-8","a. avance <10%","17","527.55","4"
"act","202606","a. 1-8","a. avance <10%","18","1692.7","6"
"act","202606","a. 1-8","a. avance <10%","19","1140.48","3"
"act","202606","a. 1-8","a. avance <10%","20","533.75","3"
"act","202606","a. 1-8","a. avance <10%","21","185.32","1"
"act","202606","a. 1-8","a. avance <10%","22","247.55","2"
"act","202606","a. 1-8","a. avance <10%","23","744.01","4"
"act","202606","a. 1-8","a. avance <10%","24","535.13","3"
"act","202606","a. 1-8","a. avance <10%","25","1805.6","8"
"act","202606","a. 1-8","a. avance <10%","26","1561.15","10"
"act","202606","a. 1-8","a. avance <10%","27","3048.78","14"
"act","202606","a. 1-8","a. avance <10%","28","1514.94","8"
"act","202606","a. 1-8","a. avance <10%","29","2026.52","9"
"act","202606","a. 1-8","a. avance <10%","30","6393.98","34"
"base","202606","a. 1-8","b. avance 10-40%","-1","1288040.09","644"
"act","202606","a. 1-8","b. avance 10-40%","1","32162.42","146"
"act","202606","a. 1-8","b. avance 10-40%","2","16477.82","66"
"act","202606","a. 1-8","b. avance 10-40%","3","10879.76","44"
"act","202606","a. 1-8","b. avance 10-40%","4","7083.06","30"
"act","202606","a. 1-8","b. avance 10-40%","5","3729.32","18"
"act","202606","a. 1-8","b. avance 10-40%","6","2535.85","12"
"act","202606","a. 1-8","b. avance 10-40%","7","1436.5","6"
"act","202606","a. 1-8","b. avance 10-40%","8","2780.59","12"
"act","202606","a. 1-8","b. avance 10-40%","9","2068.55","7"
"act","202606","a. 1-8","b. avance 10-40%","10","1081.43","6"
"act","202606","a. 1-8","b. avance 10-40%","11","1538.74","7"
"act","202606","a. 1-8","b. avance 10-40%","12","1458.61","8"
"act","202606","a. 1-8","b. avance 10-40%","13","6048.49","9"
"act","202606","a. 1-8","b. avance 10-40%","14","455.22","2"
"act","202606","a. 1-8","b. avance 10-40%","15","1976.41","9"
"act","202606","a. 1-8","b. avance 10-40%","16","1307.07","6"
"act","202606","a. 1-8","b. avance 10-40%","17","1297.17","9"
"act","202606","a. 1-8","b. avance 10-40%","18","2189.73","5"
"act","202606","a. 1-8","b. avance 10-40%","19","3049.33","12"
"act","202606","a. 1-8","b. avance 10-40%","20","1262.53","1"
"act","202606","a. 1-8","b. avance 10-40%","21","653.73","4"
"act","202606","a. 1-8","b. avance 10-40%","22","6524.9","9"
"act","202606","a. 1-8","b. avance 10-40%","23","1952.85","8"
"act","202606","a. 1-8","b. avance 10-40%","24","1230.72","6"
"act","202606","a. 1-8","b. avance 10-40%","25","1985.17","8"
"act","202606","a. 1-8","b. avance 10-40%","26","4761.4","18"
"act","202606","a. 1-8","b. avance 10-40%","27","12583.3","19"
"act","202606","a. 1-8","b. avance 10-40%","28","1788.74","10"
"act","202606","a. 1-8","b. avance 10-40%","29","5488.78","26"
"act","202606","a. 1-8","b. avance 10-40%","30","14522.7","63"
"base","202606","a. 1-8","c. avance 40-70%","-1","481651.81","482"
"act","202606","a. 1-8","c. avance 40-70%","1","29318.7","110"
"act","202606","a. 1-8","c. avance 40-70%","2","13496.35","48"
"act","202606","a. 1-8","c. avance 40-70%","3","10811.93","35"
"act","202606","a. 1-8","c. avance 40-70%","4","5025.18","19"
"act","202606","a. 1-8","c. avance 40-70%","5","5617.38","13"
"act","202606","a. 1-8","c. avance 40-70%","6","2954.57","15"
"act","202606","a. 1-8","c. avance 40-70%","7","1394.78","5"
"act","202606","a. 1-8","c. avance 40-70%","8","2504.51","9"
"act","202606","a. 1-8","c. avance 40-70%","9","4952.06","15"
"act","202606","a. 1-8","c. avance 40-70%","10","1309.02","4"
"act","202606","a. 1-8","c. avance 40-70%","11","2785.04","7"
"act","202606","a. 1-8","c. avance 40-70%","12","805.27","4"
"act","202606","a. 1-8","c. avance 40-70%","13","1337.08","4"
"act","202606","a. 1-8","c. avance 40-70%","14","297.96","2"
"act","202606","a. 1-8","c. avance 40-70%","15","5907.82","14"
"act","202606","a. 1-8","c. avance 40-70%","16","1726.9","6"
"act","202606","a. 1-8","c. avance 40-70%","17","1683.32","6"
"act","202606","a. 1-8","c. avance 40-70%","18","534.1","4"
"act","202606","a. 1-8","c. avance 40-70%","19","2384.07","9"
"act","202606","a. 1-8","c. avance 40-70%","20","4618.04","4"
"act","202606","a. 1-8","c. avance 40-70%","21","424.73","2"
"act","202606","a. 1-8","c. avance 40-70%","22","1902.5","8"
"act","202606","a. 1-8","c. avance 40-70%","23","3400.34","9"
"act","202606","a. 1-8","c. avance 40-70%","24","1948.09","4"
"act","202606","a. 1-8","c. avance 40-70%","25","2316.29","8"
"act","202606","a. 1-8","c. avance 40-70%","26","4172.2","15"
"act","202606","a. 1-8","c. avance 40-70%","27","6311.51","17"
"act","202606","a. 1-8","c. avance 40-70%","28","2826.34","10"
"act","202606","a. 1-8","c. avance 40-70%","29","3708.64","16"
"act","202606","a. 1-8","c. avance 40-70%","30","16212.92","60"
"base","202606","a. 1-8","d. avance 70%+","-1","83336.19","196"
"act","202606","a. 1-8","d. avance 70%+","1","11678.66","41"
"act","202606","a. 1-8","d. avance 70%+","2","7517.29","27"
"act","202606","a. 1-8","d. avance 70%+","3","6200.63","19"
"act","202606","a. 1-8","d. avance 70%+","4","2020.53","8"
"act","202606","a. 1-8","d. avance 70%+","5","609.24","4"
"act","202606","a. 1-8","d. avance 70%+","6","218.04","2"
"act","202606","a. 1-8","d. avance 70%+","7","270.25","1"
"act","202606","a. 1-8","d. avance 70%+","8","347.01","2"
"act","202606","a. 1-8","d. avance 70%+","9","1257.93","6"
"act","202606","a. 1-8","d. avance 70%+","10","390.09","2"
"act","202606","a. 1-8","d. avance 70%+","11","1590.02","4"
"act","202606","a. 1-8","d. avance 70%+","12","603.89","3"
"act","202606","a. 1-8","d. avance 70%+","13","698.34","2"
"act","202606","a. 1-8","d. avance 70%+","14","480.57","2"
"act","202606","a. 1-8","d. avance 70%+","15","412.93","1"
"act","202606","a. 1-8","d. avance 70%+","16","531.35","1"
"act","202606","a. 1-8","d. avance 70%+","17","407.49","2"
"act","202606","a. 1-8","d. avance 70%+","18","1000.1","2"
"act","202606","a. 1-8","d. avance 70%+","19","239.99","1"
"act","202606","a. 1-8","d. avance 70%+","22","223.18","1"
"act","202606","a. 1-8","d. avance 70%+","24","1030.99","4"
"act","202606","a. 1-8","d. avance 70%+","25","1048.88","4"
"act","202606","a. 1-8","d. avance 70%+","26","1110.69","5"
"act","202606","a. 1-8","d. avance 70%+","27","1212.23","5"
"act","202606","a. 1-8","d. avance 70%+","28","955.17","3"
"act","202606","a. 1-8","d. avance 70%+","29","275.05","1"
"act","202606","a. 1-8","d. avance 70%+","30","6185.63","24"
"base","202606","b. 9-15","a. avance <10%","-1","216421.52","86"
"act","202606","b. 9-15","a. avance <10%","1","989.91","7"
"act","202606","b. 9-15","a. avance <10%","2","754.14","3"
"act","202606","b. 9-15","a. avance <10%","5","129.46","1"
"act","202606","b. 9-15","a. avance <10%","6","441.68","2"
"act","202606","b. 9-15","a. avance <10%","9","164.99","1"
"act","202606","b. 9-15","a. avance <10%","10","221.64","2"
"act","202606","b. 9-15","a. avance <10%","11","395.34","2"
"act","202606","b. 9-15","a. avance <10%","12","178.05","1"
"act","202606","b. 9-15","a. avance <10%","16","274.31","3"
"act","202606","b. 9-15","a. avance <10%","17","73.63","1"
"act","202606","b. 9-15","a. avance <10%","18","107.41","1"
"act","202606","b. 9-15","a. avance <10%","19","332.38","3"
"act","202606","b. 9-15","a. avance <10%","20","192.46","1"
"act","202606","b. 9-15","a. avance <10%","21","312.67","2"
"act","202606","b. 9-15","a. avance <10%","22","396.75","2"
"act","202606","b. 9-15","a. avance <10%","23","614.93","2"
"act","202606","b. 9-15","a. avance <10%","24","221.4","1"
"act","202606","b. 9-15","a. avance <10%","25","162.9","1"
"act","202606","b. 9-15","a. avance <10%","27","101.82","1"
"act","202606","b. 9-15","a. avance <10%","29","299.89","2"
"act","202606","b. 9-15","a. avance <10%","30","304.47","2"
"base","202606","b. 9-15","b. avance 10-40%","-1","275380.39","143"
"act","202606","b. 9-15","b. avance 10-40%","1","2404.54","11"
"act","202606","b. 9-15","b. avance 10-40%","2","2477.73","9"
"act","202606","b. 9-15","b. avance 10-40%","3","1444.94","6"
"act","202606","b. 9-15","b. avance 10-40%","4","613.79","2"
"act","202606","b. 9-15","b. avance 10-40%","5","1158.79","6"
"act","202606","b. 9-15","b. avance 10-40%","6","321.84","2"
"act","202606","b. 9-15","b. avance 10-40%","8","2029.86","7"
"act","202606","b. 9-15","b. avance 10-40%","9","537.93","3"
"act","202606","b. 9-15","b. avance 10-40%","10","1672.66","4"
"act","202606","b. 9-15","b. avance 10-40%","11","169.68","2"
"act","202606","b. 9-15","b. avance 10-40%","12","650.51","3"
"act","202606","b. 9-15","b. avance 10-40%","14","211.3","2"
"act","202606","b. 9-15","b. avance 10-40%","15","371.07","2"
"act","202606","b. 9-15","b. avance 10-40%","17","254.11","1"
"act","202606","b. 9-15","b. avance 10-40%","18","2053.81","6"
"act","202606","b. 9-15","b. avance 10-40%","19","892.39","4"
"act","202606","b. 9-15","b. avance 10-40%","20","1089.09","4"
"act","202606","b. 9-15","b. avance 10-40%","22","1419.98","7"
"act","202606","b. 9-15","b. avance 10-40%","23","273.68","2"
"act","202606","b. 9-15","b. avance 10-40%","24","793.4","4"
"act","202606","b. 9-15","b. avance 10-40%","25","3165.03","5"
"act","202606","b. 9-15","b. avance 10-40%","26","988.35","3"
"act","202606","b. 9-15","b. avance 10-40%","27","188.64","1"
"act","202606","b. 9-15","b. avance 10-40%","28","295.87","2"
"act","202606","b. 9-15","b. avance 10-40%","29","130.97","1"
"act","202606","b. 9-15","b. avance 10-40%","30","1090.26","7"
"base","202606","b. 9-15","c. avance 40-70%","-1","77353.55","86"
"act","202606","b. 9-15","c. avance 40-70%","1","2076.13","8"
"act","202606","b. 9-15","c. avance 40-70%","2","3414.59","5"
"act","202606","b. 9-15","c. avance 40-70%","3","1465.35","5"
"act","202606","b. 9-15","c. avance 40-70%","4","885.12","2"
"act","202606","b. 9-15","c. avance 40-70%","5","1382.39","4"
"act","202606","b. 9-15","c. avance 40-70%","6","1364.62","5"
"act","202606","b. 9-15","c. avance 40-70%","7","690.6","2"
"act","202606","b. 9-15","c. avance 40-70%","8","888.79","2"
"act","202606","b. 9-15","c. avance 40-70%","9","172.41","1"
"act","202606","b. 9-15","c. avance 40-70%","10","115.86","1"
"act","202606","b. 9-15","c. avance 40-70%","11","275.79","1"
"act","202606","b. 9-15","c. avance 40-70%","13","534.2","2"
"act","202606","b. 9-15","c. avance 40-70%","14","303.16","2"
"act","202606","b. 9-15","c. avance 40-70%","15","149.73","1"
"act","202606","b. 9-15","c. avance 40-70%","16","621.46","4"
"act","202606","b. 9-15","c. avance 40-70%","18","176.09","1"
"act","202606","b. 9-15","c. avance 40-70%","19","491.95","3"
"act","202606","b. 9-15","c. avance 40-70%","22","741.75","3"
"act","202606","b. 9-15","c. avance 40-70%","23","764.27","4"
"act","202606","b. 9-15","c. avance 40-70%","27","427.99","2"
"act","202606","b. 9-15","c. avance 40-70%","28","725.88","2"
"act","202606","b. 9-15","c. avance 40-70%","30","1049.72","4"
"base","202606","b. 9-15","d. avance 70%+","-1","11477.01","26"
"act","202606","b. 9-15","d. avance 70%+","3","908.82","3"
"act","202606","b. 9-15","d. avance 70%+","5","395.73","2"
"act","202606","b. 9-15","d. avance 70%+","6","254.29","1"
"act","202606","b. 9-15","d. avance 70%+","7","117.28","1"
"act","202606","b. 9-15","d. avance 70%+","9","174.48","1"
"act","202606","b. 9-15","d. avance 70%+","12","192.43","2"
"act","202606","b. 9-15","d. avance 70%+","14","341.96","2"
"act","202606","b. 9-15","d. avance 70%+","15","163.7","1"
"act","202606","b. 9-15","d. avance 70%+","16","437.08","1"
"act","202606","b. 9-15","d. avance 70%+","17","180.93","1"
"act","202606","b. 9-15","d. avance 70%+","20","375.92","1"
"act","202606","b. 9-15","d. avance 70%+","23","264.01","1"
"act","202606","b. 9-15","d. avance 70%+","24","128.71","1"
"act","202606","b. 9-15","d. avance 70%+","26","362.71","1"
"act","202606","b. 9-15","d. avance 70%+","30","855.11","2"
"base","202606","c. 16-30","a. avance <10%","-1","439751.62","166"
"act","202606","c. 16-30","a. avance <10%","2","698.9","3"
"act","202606","c. 16-30","a. avance <10%","3","362.79","2"
"act","202606","c. 16-30","a. avance <10%","4","211.99","2"
"act","202606","c. 16-30","a. avance <10%","5","378.03","2"
"act","202606","c. 16-30","a. avance <10%","6","197.27","1"
"act","202606","c. 16-30","a. avance <10%","8","325.38","1"
"act","202606","c. 16-30","a. avance <10%","9","2897.11","3"
"act","202606","c. 16-30","a. avance <10%","10","158.28","1"
"act","202606","c. 16-30","a. avance <10%","12","480.54","1"
"act","202606","c. 16-30","a. avance <10%","13","144.41","1"
"act","202606","c. 16-30","a. avance <10%","16","506.94","3"
"act","202606","c. 16-30","a. avance <10%","18","184.95","1"
"act","202606","c. 16-30","a. avance <10%","19","227.35","1"
"act","202606","c. 16-30","a. avance <10%","20","573.08","2"
"act","202606","c. 16-30","a. avance <10%","22","112.98","1"
"act","202606","c. 16-30","a. avance <10%","25","3013.06","1"
"act","202606","c. 16-30","a. avance <10%","26","1395.28","2"
"base","202606","c. 16-30","b. avance 10-40%","-1","303361.55","166"
"act","202606","c. 16-30","b. avance 10-40%","1","1397.62","6"
"act","202606","c. 16-30","b. avance 10-40%","2","457.0","3"
"act","202606","c. 16-30","b. avance 10-40%","3","760.5","3"
"act","202606","c. 16-30","b. avance 10-40%","4","275.12","1"
"act","202606","c. 16-30","b. avance 10-40%","5","460.25","2"
"act","202606","c. 16-30","b. avance 10-40%","6","1273.64","3"
"act","202606","c. 16-30","b. avance 10-40%","7","102.45","1"
"act","202606","c. 16-30","b. avance 10-40%","8","963.45","5"
"act","202606","c. 16-30","b. avance 10-40%","9","562.78","2"
"act","202606","c. 16-30","b. avance 10-40%","10","499.62","3"
"act","202606","c. 16-30","b. avance 10-40%","11","914.26","5"
"act","202606","c. 16-30","b. avance 10-40%","12","372.0","1"
"act","202606","c. 16-30","b. avance 10-40%","15","466.72","2"
"act","202606","c. 16-30","b. avance 10-40%","16","3634.14","8"
"act","202606","c. 16-30","b. avance 10-40%","17","1158.4","3"
"act","202606","c. 16-30","b. avance 10-40%","18","378.83","2"
"act","202606","c. 16-30","b. avance 10-40%","19","2252.92","4"
"act","202606","c. 16-30","b. avance 10-40%","21","132.77","1"
"act","202606","c. 16-30","b. avance 10-40%","22","268.69","1"
"act","202606","c. 16-30","b. avance 10-40%","23","347.2","2"
"act","202606","c. 16-30","b. avance 10-40%","24","595.54","2"
"act","202606","c. 16-30","b. avance 10-40%","25","1181.49","3"
"act","202606","c. 16-30","b. avance 10-40%","26","341.69","2"
"act","202606","c. 16-30","b. avance 10-40%","27","114.49","1"
"act","202606","c. 16-30","b. avance 10-40%","28","284.79","1"
"act","202606","c. 16-30","b. avance 10-40%","30","1054.53","4"
"base","202606","c. 16-30","c. avance 40-70%","-1","148034.03","123"
"act","202606","c. 16-30","c. avance 40-70%","1","1562.6","6"
"act","202606","c. 16-30","c. avance 40-70%","2","3601.25","9"
"act","202606","c. 16-30","c. avance 40-70%","3","1694.53","5"
"act","202606","c. 16-30","c. avance 40-70%","4","1630.49","6"
"act","202606","c. 16-30","c. avance 40-70%","5","597.31","2"
"act","202606","c. 16-30","c. avance 40-70%","6","401.31","1"
"act","202606","c. 16-30","c. avance 40-70%","7","1096.52","2"
"act","202606","c. 16-30","c. avance 40-70%","8","985.53","4"
"act","202606","c. 16-30","c. avance 40-70%","9","1104.07","5"
"act","202606","c. 16-30","c. avance 40-70%","10","439.69","2"
"act","202606","c. 16-30","c. avance 40-70%","11","1142.89","1"
"act","202606","c. 16-30","c. avance 40-70%","12","901.55","1"
"act","202606","c. 16-30","c. avance 40-70%","13","548.42","2"
"act","202606","c. 16-30","c. avance 40-70%","15","1081.06","3"
"act","202606","c. 16-30","c. avance 40-70%","16","1413.13","5"
"act","202606","c. 16-30","c. avance 40-70%","17","1615.36","5"
"act","202606","c. 16-30","c. avance 40-70%","18","742.53","3"
"act","202606","c. 16-30","c. avance 40-70%","19","849.3","2"
"act","202606","c. 16-30","c. avance 40-70%","20","209.52","1"
"act","202606","c. 16-30","c. avance 40-70%","23","1070.4","5"
"act","202606","c. 16-30","c. avance 40-70%","24","1978.57","4"
"act","202606","c. 16-30","c. avance 40-70%","25","2027.71","6"
"act","202606","c. 16-30","c. avance 40-70%","26","231.74","1"
"act","202606","c. 16-30","c. avance 40-70%","27","185.69","1"
"act","202606","c. 16-30","c. avance 40-70%","28","96.83","1"
"act","202606","c. 16-30","c. avance 40-70%","30","617.37","2"
"base","202606","c. 16-30","d. avance 70%+","-1","21597.94","48"
"act","202606","c. 16-30","d. avance 70%+","1","2410.91","4"
"act","202606","c. 16-30","d. avance 70%+","2","562.55","3"
"act","202606","c. 16-30","d. avance 70%+","3","206.24","1"
"act","202606","c. 16-30","d. avance 70%+","4","506.06","2"
"act","202606","c. 16-30","d. avance 70%+","5","231.98","2"
"act","202606","c. 16-30","d. avance 70%+","10","622.54","2"
"act","202606","c. 16-30","d. avance 70%+","11","1651.01","2"
"act","202606","c. 16-30","d. avance 70%+","13","319.36","1"
"act","202606","c. 16-30","d. avance 70%+","14","159.99","1"
"act","202606","c. 16-30","d. avance 70%+","17","2.2","1"
"act","202606","c. 16-30","d. avance 70%+","18","654.76","3"
"act","202606","c. 16-30","d. avance 70%+","19","172.4","1"
"act","202606","c. 16-30","d. avance 70%+","20","280.59","1"
"act","202606","c. 16-30","d. avance 70%+","23","412.46","1"
"act","202606","c. 16-30","d. avance 70%+","26","250.1","1"
"act","202606","c. 16-30","d. avance 70%+","27","271.67","2"
"act","202606","c. 16-30","d. avance 70%+","30","172.23","1"
