id_loan,monto_asignado,motivo
d36aa2ea-f36c-4573-9b67-9568fe3e1143,1043.36,Punto ciego dayslate (bug 9)
2cef403f-73a9-4934-95a3-e93454bc3529,966.08,Punto ciego dayslate (bug 9)
91edc4c3-ab30-47ad-9d3d-16e17dd33f34,927.25,Punto ciego dayslate (bug 9)
dc79b52b-2f60-421b-b633-c8b9c0a14bd8,2250.75,Punto ciego dayslate (bug 9)
bb63f2f6-ff37-490f-9711-91d10d195fbc,1228.85,Punto ciego dayslate (bug 9)
9a03cba1-267c-4197-b147-96da2799f58a,1652.4,Punto ciego dayslate (bug 9)
22f77b0c-dd59-4af7-8434-a766c8e0cf5c,1262.13,Punto ciego dayslate (bug 9)
7017b980-1444-44da-bb3c-4b8efc6d8f8f,1220.58,Punto ciego dayslate (bug 9)
98a2286c-6008-485d-b20f-78463377d2f3,499.08,Punto ciego dayslate (bug 9)
b01b1849-d2b7-4478-8540-0dee630ae092,1970.21,Punto ciego dayslate (bug 9)
84674640-e81d-413a-9cea-fc2cee4516fe,1552.57,Punto ciego dayslate (bug 9)
36c000d9-6991-41e1-99b8-471b419fd8b1,2772.16,Punto ciego dayslate (bug 9)
c22349c9-db4a-491a-b284-bf885fcc1723,5164.91,Punto ciego dayslate (bug 9)
9e4e5b01-399d-4b62-9515-d3b96f79a9ab,1520.95,Punto ciego dayslate (bug 9)
e62e4cbf-2a7b-4d40-a2f1-9ef62dd9d9ba,208.15,Punto ciego dayslate (bug 9)
66d8aeb9-4558-485c-8468-dc3c463cb6b8,220.96,Punto ciego dayslate (bug 9)
24b8a10e-df59-494c-a025-fea987b5c743,2240.01,Punto ciego dayslate (bug 9)
14e926b9-e6e8-42ba-972b-333774612bf4,870.62,Reenganche (excluido por flg_last_loan_in_chain)
a2c1b1c6-0d20-4954-aaea-be07538a43d6,178.29,Punto ciego dayslate (bug 9)
5db56dbc-887f-437a-943b-9e7be80cecdf,2077.67,Punto ciego dayslate (bug 9)
042ba08e-1856-47cf-b67b-2a7534ed1ebd,1899.15,Punto ciego dayslate (bug 9)
dde05692-a243-4adb-aba6-0e0cb689ded7,594.1,Punto ciego dayslate (bug 9)
2ef48194-0326-43cf-b40b-e253167c66e0,1320.06,Punto ciego dayslate (bug 9)
ea827080-a4a5-4f80-9a5f-5d627a37aaba,3029.44,Punto ciego dayslate (bug 9)
63ada594-39ff-4437-ac9f-fb2698f1ba0f,584.6,Punto ciego dayslate (bug 9)
52b0b5a5-6008-4ff7-b146-2606c0fd2dcf,748.1,Punto ciego dayslate (bug 9)
52b69893-f56d-4003-acae-4672312e218f,837.15,Punto ciego dayslate (bug 9)
b6557249-5822-4d0a-a31a-c05252674a99,707.13,Punto ciego dayslate (bug 9)
747a79ca-8e56-460d-b792-22d87c0bee64,1442.81,Punto ciego dayslate (bug 9)
b3b28ac0-9832-4766-b6b1-3b256273308d,2090.0,Punto ciego dayslate (bug 9)
542c0d1c-1209-4363-9cd1-1ec194f8f18c,670.38,Punto ciego dayslate (bug 9)
b055f194-4c26-496f-85bd-352fe427cad0,2318.8,Punto ciego dayslate (bug 9)
d2d68982-663d-48a6-b580-b8e4ed4f519d,563.47,Punto ciego dayslate (bug 9)
bd10f224-6ef9-4831-9f33-fbc6acbf246d,456.06,Punto ciego dayslate (bug 9)
5e01d84b-34b3-4e0d-8646-c0c0d81a1580,4127.83,Punto ciego dayslate (bug 9)
c446b7e1-b24a-4fb5-aacc-92dc03068a06,1994.58,Punto ciego dayslate (bug 9)
ac602703-4b2e-4bdd-99ad-ca14e1996f2d,241.9,Punto ciego dayslate (bug 9)
8fd04a3d-f648-4e27-b304-1b18ad02125e,1126.04,Punto ciego dayslate (bug 9)
acb3977f-84fd-442f-849b-bd1fba594c83,992.56,Punto ciego dayslate (bug 9)
a0f5e3cb-d14c-4fa3-a3fa-ccae4a7946a2,3008.07,Punto ciego dayslate (bug 9)
fdefe1bb-17e8-4549-9ace-08726411097f,661.49,Punto ciego dayslate (bug 9)
932efe91-67f4-4099-80af-2f4f70db18a6,412.58,Punto ciego dayslate (bug 9)
7c7f01a0-6505-43b8-b2ab-4e3a010789bf,2116.11,Punto ciego dayslate (bug 9)
1471720c-e112-4577-997a-d23c350995b2,2055.32,Punto ciego dayslate (bug 9)
044fa894-eb78-4b04-b633-5e3da85868cc,408.12,Punto ciego dayslate (bug 9)
d7b37e01-96e6-4559-873d-836938e97bfb,765.47,Punto ciego dayslate (bug 9)
8938be95-eabc-4754-a1ca-4e0490cd5fa9,839.09,Punto ciego dayslate (bug 9)
fea50585-3821-480f-93bb-d17bea91a7eb,1218.11,Punto ciego dayslate (bug 9)
1a88f213-2f53-4c00-9591-a89dcea2491a,1543.97,Punto ciego dayslate (bug 9)
5568e216-d563-47d5-95af-338577612e75,5540.1,Punto ciego dayslate (bug 9)
f04338e3-9f99-4108-a987-4b2eb7bd3952,4765.59,Punto ciego dayslate (bug 9)
6ac65a61-6bf7-4eb9-87d1-419794a73880,408.78,Punto ciego dayslate (bug 9)
23e67a15-99a3-4c98-b1af-c24e737f23fb,1745.24,Punto ciego dayslate (bug 9)
ac97f08d-c9c1-4551-b758-0f1a59e10dbf,238.93,Punto ciego dayslate (bug 9)
50e7e1ec-3160-4d5f-8044-1480230b29b0,1088.31,Punto ciego dayslate (bug 9)
9ced9560-c642-461e-9fe8-3cbf358bad3e,1849.51,Punto ciego dayslate (bug 9)
155d18a7-2295-4e5b-a2c7-369888dd1cd9,2647.44,Punto ciego dayslate (bug 9)
cbe7ebfe-217e-41d3-b112-481a0bf00e4f,2977.94,Punto ciego dayslate (bug 9)
e1040d6b-5ddb-40e0-baf0-0e7014a5e86a,342.04,Punto ciego dayslate (bug 9)
cc632b5f-820c-4fb8-9669-88d6343cb5d8,2594.75,Punto ciego dayslate (bug 9)
a18e5fb9-3801-4657-a45c-88464428ddbc,1463.96,Punto ciego dayslate (bug 9)
2229a67f-8475-4e15-a436-a210481ea80d,1443.67,Punto ciego dayslate (bug 9)
40a049ca-dc3f-428a-b942-1e0c3f23e84a,2450.4,Punto ciego dayslate (bug 9)
519b977f-6875-4708-b649-ad5c2496eca8,1005.01,Punto ciego dayslate (bug 9)
946e1cb4-a4c1-4ee0-87c2-b6b5b89d81f3,593.16,Punto ciego dayslate (bug 9)
7dee06c4-98b0-4c4f-8e00-caae08f33f8d,187.71,Punto ciego dayslate (bug 9)
6d4794de-e1c2-4df2-99fe-d5460bbfb2e1,587.38,Punto ciego dayslate (bug 9)
d788d067-bc9d-4a04-811a-33bed95ba0a6,2253.99,Punto ciego dayslate (bug 9)
9ad1a6e6-3799-428e-905f-e2559e5db833,1830.36,Punto ciego dayslate (bug 9)
5fb98157-bf6f-4c38-812a-9e14ddf12335,202.9,Punto ciego dayslate (bug 9)
20801d49-77d7-4fab-a25a-4b234af869d1,1567.5,Punto ciego dayslate (bug 9)
ffa93cdb-d286-4b57-b540-182816a49d9f,556.84,Punto ciego dayslate (bug 9)
7c5f7967-f624-4ea6-835b-a5e563bf0db1,152.79,Punto ciego dayslate (bug 9)
d9f6f89c-98d3-43db-9a10-020892a2723e,474.23,Punto ciego dayslate (bug 9)
35e79806-550f-4e9c-b1f2-cc91290281a2,1874.83,Punto ciego dayslate (bug 9)
a9f58e5a-b5fd-43cf-83f9-64d17507552f,305.53,Punto ciego dayslate (bug 9)
ecda535b-42aa-4042-97af-3d76741e0274,840.4,Punto ciego dayslate (bug 9)
aa055dce-4e3b-4762-be1b-4dce8e1344fa,1037.02,Punto ciego dayslate (bug 9)
fd79302a-2d39-44a1-886a-253fea8ac335,682.66,Punto ciego dayslate (bug 9)
49a83c29-ac4d-4473-b3d8-0ae79abc1bb3,500.76,Punto ciego dayslate (bug 9)
940bd93c-c3b2-42f5-8a99-54d429f89b4b,2038.22,Punto ciego dayslate (bug 9)
d4f962fd-8a87-4f30-b188-81ffdac6547f,449.07,Punto ciego dayslate (bug 9)
437a4a2f-39cf-4bec-a9fd-d172b82e220e,976.83,Punto ciego dayslate (bug 9)
b8f96b4c-d95d-49ea-ba37-65e24623a690,2430.13,Punto ciego dayslate (bug 9)
6284cea8-f34e-467e-a23b-aff922561cbf,1695.09,Punto ciego dayslate (bug 9)
ad67d808-2469-48e5-a62b-61aa9ebacaeb,1120.57,Punto ciego dayslate (bug 9)
46c78c56-5643-4c14-b8fe-13c9b17784ef,914.99,Reenganche (excluido por flg_last_loan_in_chain)
a6fce230-4ed6-40f2-b4f4-1a326c2ce2bf,1531.25,Punto ciego dayslate (bug 9)
744c78fd-349a-4013-9d6e-887f8c649190,1168.42,Punto ciego dayslate (bug 9)
bfceed79-90b0-4ae9-a2e6-40dd555f7953,3408.4,Punto ciego dayslate (bug 9)
bb0dce55-823b-429e-b5d9-5f91aa878b1a,317.89,Punto ciego dayslate (bug 9)
c8370ff0-2c42-4499-a60d-e0dee918e5c1,288.09,Punto ciego dayslate (bug 9)
83104332-e951-4013-bdf4-6fd501ce2820,537.38,Punto ciego dayslate (bug 9)
ac968221-966b-4df8-8c88-1bb2a6cb710b,254.36,Punto ciego dayslate (bug 9)
800b94d2-d5f6-4f48-b692-239abed622b1,1764.28,Punto ciego dayslate (bug 9)
eca03059-3d54-4e04-882a-13185d959cb3,832.6,Punto ciego dayslate (bug 9)
3a93e9d8-053b-4861-8631-367a5a049e05,1881.43,Punto ciego dayslate (bug 9)
bfefd3dc-9f12-485f-80e4-e8f1ad9dc342,13857.53,Punto ciego dayslate (bug 9)
110e7132-eea6-46f5-b85f-9e850a829a1a,1398.18,Punto ciego dayslate (bug 9)
6815a258-026c-455b-945e-e83c51082668,2308.49,Reenganche (excluido por flg_last_loan_in_chain)
f701ce4a-33fc-472d-a377-d2582e302b98,145.67,Punto ciego dayslate (bug 9)
a01071c5-a366-4c5d-aea0-ba659063140a,1266.2,Reenganche (excluido por flg_last_loan_in_chain)
b5cb325f-c821-4166-a6d4-e9094322bb98,738.69,Punto ciego dayslate (bug 9)
c2363685-fc51-40e7-a777-56e4a2c38ebc,303.56,Punto ciego dayslate (bug 9)
58773e4b-e1dc-4656-95ff-bad5c605cf62,194.13,Punto ciego dayslate (bug 9)
88a4bbb1-c351-4f43-91e4-9ee1418da13f,381.84,Reenganche (excluido por flg_last_loan_in_chain)
d2db76d1-b3e2-4492-bddb-d047026e9d85,147.42,Punto ciego dayslate (bug 9)
5790c57c-0131-4c26-a101-df8677374601,152.24,Punto ciego dayslate (bug 9)
00da7d71-cb22-4e42-9969-ee7de657a7f7,345.17,Punto ciego dayslate (bug 9)
6a3e6526-ae6d-48e1-b52c-2eaf2175c497,4000.36,Punto ciego dayslate (bug 9)
1aad0481-ec94-4936-903c-93c8507b6249,1866.37,Punto ciego dayslate (bug 9)
97a590af-5935-47de-8ada-6f88e03e6b62,591.12,Punto ciego dayslate (bug 9)
54951bc0-701e-4077-acaa-e4335400a48c,646.3,Reenganche (excluido por flg_last_loan_in_chain)
f4fd3ffa-2e88-4616-9593-4fb33618419b,3021.09,Punto ciego dayslate (bug 9)
414c118f-0c66-4a75-920e-9410058361ef,192.9,Reenganche (excluido por flg_last_loan_in_chain)
908a77f3-6f72-4147-ae51-1750ac580374,1172.17,Reenganche (excluido por flg_last_loan_in_chain)
addfcc65-3e5e-4874-bfd8-09a4dfc71798,522.47,Punto ciego dayslate (bug 9)
0d8d0479-7c05-43b6-b1ae-8eaea559f7df,1046.5,Punto ciego dayslate (bug 9)
3b73e2eb-65f9-4b57-9419-97b3f7718685,1135.57,Punto ciego dayslate (bug 9)
4f9b662a-a739-40e6-a8fe-e1acdeab724e,2589.19,Punto ciego dayslate (bug 9)
8ba6ca5f-9e0c-4caa-8134-f87893b46304,124.58,Punto ciego dayslate (bug 9)
60df2b45-b75a-47df-9ccd-767fcaac965d,966.08,Punto ciego dayslate (bug 9)
89a1bd5d-d6f3-44ef-9757-6855e8c09084,52.61,Punto ciego dayslate (bug 9)
e5d40794-6cba-40ee-9598-4f1e3355e750,348.21,Punto ciego dayslate (bug 9)
7fbcc43a-f308-4393-b772-80053ca786a0,218.84,Punto ciego dayslate (bug 9)
36e818c3-200a-4f11-bd65-0dccd1316a69,192.9,Punto ciego dayslate (bug 9)
2a1a869c-e7da-43e7-ad35-21199725e02a,1192.92,Punto ciego dayslate (bug 9)
5df5b515-30ac-4a67-a810-8157840341d4,2311.77,Punto ciego dayslate (bug 9)
67206412-8d12-40d4-b045-aca2e3fcb860,102.99,Punto ciego dayslate (bug 9)
ecbcb11a-5ce4-43a3-b844-4b8f0b613feb,2284.89,Punto ciego dayslate (bug 9)
5cd5bde0-fb97-4ac1-9c70-2e6e8c0599aa,8944.33,Punto ciego dayslate (bug 9)
8f76b8f2-334d-490f-8cff-b96d106d3196,5258.16,Punto ciego dayslate (bug 9)
bd14d27d-a53e-4f28-b43a-d4b857ca16d9,846.75,Punto ciego dayslate (bug 9)
ea2dbc74-dd63-42d5-bdad-8e2c5ccbae83,823.99,Punto ciego dayslate (bug 9)
fee7117b-73e2-441c-9795-c1f4d4d4b5a7,399.77,Punto ciego dayslate (bug 9)
623d7643-18ca-4349-8870-65d11070c376,816.72,Reenganche (excluido por flg_last_loan_in_chain)
1ad217c3-4ebb-4f8e-90a9-b726318b1c27,0.0,Reenganche (excluido por flg_last_loan_in_chain)
8ecf2e09-809a-4561-91de-1cf76622b533,1110.92,Punto ciego dayslate (bug 9)
b90cedb0-6095-42b3-8ca1-c06a814e19c3,951.26,Punto ciego dayslate (bug 9)
00e827b1-173b-4e5e-9f8e-8f9e7f0a1648,1309.45,Punto ciego dayslate (bug 9)
aec66455-634b-40ab-b48e-6647f3c02d46,214.8,Punto ciego dayslate (bug 9)
1f1390ca-eeff-49d5-a89c-cc8bdc64426e,431.9,Punto ciego dayslate (bug 9)
a1b89c47-ad2c-4976-9b08-f75bef4d6c3b,3279.96,Punto ciego dayslate (bug 9)
cbfb550f-f014-4484-b54e-9fc16c17c731,2480.03,Punto ciego dayslate (bug 9)
e79bd9de-52f0-49ea-b778-9a7ad94e2bc9,1225.34,Punto ciego dayslate (bug 9)
738d85c0-074d-41b8-9cae-bfa8de1c0ade,1093.41,Punto ciego dayslate (bug 9)
69007e0a-d5a7-454f-92ba-bc12e3acc858,211.92,Punto ciego dayslate (bug 9)
d22af141-6ebe-4674-adf2-f9877e328f38,348.81,Punto ciego dayslate (bug 9)
0898772a-1cd3-4568-b48e-756101257604,282.9,Punto ciego dayslate (bug 9)
8376d703-a966-444a-a918-8908b3895d9e,242.21,Punto ciego dayslate (bug 9)
94330806-46bb-4571-9dc1-5a7cc5f50c80,833.74,Punto ciego dayslate (bug 9)
96567810-2ae9-4f74-8282-da58df3b5b69,1628.8,Punto ciego dayslate (bug 9)
7bd7fc53-4a9e-4fa1-95f4-12f9b142a506,1922.95,Punto ciego dayslate (bug 9)
90c6fe27-7dc6-49e9-83ba-797233f52f74,831.68,Punto ciego dayslate (bug 9)
2dec751e-087f-4801-b9d9-3c05fac94fde,2427.93,Punto ciego dayslate (bug 9)
f4326afc-3e1b-49e9-b209-6375d2b21990,334.28,Punto ciego dayslate (bug 9)
4321b8bd-3b16-4d40-9f0e-8cbe3274a8e7,818.05,Punto ciego dayslate (bug 9)
13fa3987-dde2-4e79-9f83-ddbf7c19cbc0,1616.16,Punto ciego dayslate (bug 9)
0536e807-f70d-4577-97f1-afaf285042d5,374.65,Punto ciego dayslate (bug 9)
c2319b98-df7d-43d1-a08e-95f701d9e060,1073.92,Punto ciego dayslate (bug 9)
e183c791-cd01-4ed9-aac2-ef98b53fdb16,1967.45,Punto ciego dayslate (bug 9)
e1388902-84a0-4265-9093-0fa89239d502,6299.07,Punto ciego dayslate (bug 9)
ef9e34b9-6bc1-451e-8b33-afc5394befc8,301.5,Punto ciego dayslate (bug 9)
51febdfc-8dc1-4baa-8ab9-54556140c889,1259.74,Punto ciego dayslate (bug 9)
729d83ad-9b7c-4c47-bd3d-e15079c4a102,1545.0,Punto ciego dayslate (bug 9)
944336c9-ac8c-40d5-9ac3-ad031266a817,230.05,Punto ciego dayslate (bug 9)
2152b39c-3395-4dbe-8af9-511ab4224afc,846.73,Punto ciego dayslate (bug 9)
55f0b293-403c-49f6-9fbb-2974c02af103,3135.0,Punto ciego dayslate (bug 9)
e1b7628f-50cc-4c0c-8766-f8d0d1de2ce6,854.29,Punto ciego dayslate (bug 9)
da14bc42-5516-499a-9450-f2db57ca27ca,2148.11,Punto ciego dayslate (bug 9)
5af0f614-c699-49d4-9943-056cb2324503,2239.6,Punto ciego dayslate (bug 9)
c3bb21dd-409f-4fb5-9b2a-2726f9dc1da0,189.93,Punto ciego dayslate (bug 9)
fc484ae2-4d27-4612-9526-0e46e5aa885a,5006.4,Punto ciego dayslate (bug 9)
0828c3ee-ca0f-4060-a8cd-91530c64fc36,1425.16,Punto ciego dayslate (bug 9)
48a7af5b-624b-4ece-9121-6cd2f138500f,106.99,Punto ciego dayslate (bug 9)
c8970c6a-7b09-469f-890d-6106b9fe7e3b,1411.46,Punto ciego dayslate (bug 9)
2e7b8469-83df-49de-844d-99b0cac6018a,333.7,Punto ciego dayslate (bug 9)
00b2b19b-aef5-42b2-99b3-56bc911b42c2,9124.21,Punto ciego dayslate (bug 9)
024ab5a3-b37a-4016-97c8-02d0e080b936,162.98,Punto ciego dayslate (bug 9)
98c5dbab-b791-492d-ac0d-6b21c82f8645,538.72,Punto ciego dayslate (bug 9)
cde2f1df-19fb-4d88-9a1f-b0170e9d2b06,2175.6,Punto ciego dayslate (bug 9)
513f2b79-7839-41f3-8631-ec30c2d3accf,1897.2,Punto ciego dayslate (bug 9)
ffccd2ac-9013-4166-9670-ac5f2f3714c5,1500.19,Punto ciego dayslate (bug 9)
8cb4faa6-328a-4e15-bb3a-64f090e9d124,767.71,Reenganche (excluido por flg_last_loan_in_chain)
b33a8bb0-0624-423d-8543-837ddf6d1198,952.25,Punto ciego dayslate (bug 9)
e99dfecb-3a4c-4445-8f81-dd0de890f652,819.27,Punto ciego dayslate (bug 9)
adc0357c-0512-48e0-b5c9-f2cd29060684,4414.84,Punto ciego dayslate (bug 9)
fa135d43-9e6a-4632-9963-9370d2987bd6,131.86,Punto ciego dayslate (bug 9)
8f8ddfe0-2f0f-4bc7-97f8-0759af199eb3,3458.83,Punto ciego dayslate (bug 9)
3ff6a36e-0385-4adb-8d43-186964d5b766,926.88,Punto ciego dayslate (bug 9)
5723d9c1-13d6-4bf5-8025-620db398f6b7,876.82,Punto ciego dayslate (bug 9)
7fd00fc8-e835-469d-8220-adc9aaa05bc6,605.19,Punto ciego dayslate (bug 9)
605ce93c-e9cf-481f-ac3a-940bba8c3b79,780.58,Punto ciego dayslate (bug 9)
80d388ea-df14-4470-8791-dd0e41b5c5ff,1545.0,Punto ciego dayslate (bug 9)
235faca1-551b-461b-a483-7ad80951c4d9,992.94,Punto ciego dayslate (bug 9)
201b4acd-c37c-4e46-b3e0-ea2140282fd3,524.95,Punto ciego dayslate (bug 9)
d8fc0e02-33c2-430f-a5dd-448d86070b1b,2808.48,Punto ciego dayslate (bug 9)
28a8d6f4-bb4a-40b2-be95-1edbee1f8dac,373.41,Reenganche (excluido por flg_last_loan_in_chain)
200e416e-6f32-4e9c-b000-dd130f4899fa,263.06,Punto ciego dayslate (bug 9)
72ee41fa-3a87-40df-9442-6c8c686fe1b4,1916.09,Punto ciego dayslate (bug 9)
f2db1be6-aaf4-4646-a012-5e60b74b98d5,3777.5,Punto ciego dayslate (bug 9)
0e9790f2-d585-4d01-9ad0-0376b31569ef,374.98,Punto ciego dayslate (bug 9)
df100e7d-ae95-4b94-9e12-65ad036fc4b8,915.08,Punto ciego dayslate (bug 9)
5c0bdd63-5bb9-4e7b-8cf1-4cc44a2b1e2d,358.2,Punto ciego dayslate (bug 9)
6124e315-b696-43dc-8941-7c454fb7fe85,1042.63,Punto ciego dayslate (bug 9)
d9d9e9ff-ac6a-49fb-b27e-69d29d32f0f6,275.76,Punto ciego dayslate (bug 9)
b5ad043e-3d11-447e-abec-969b242fd642,414.42,Punto ciego dayslate (bug 9)
ac56b684-4efe-4d0a-aceb-112867383aad,300.39,Punto ciego dayslate (bug 9)
d68bd11c-24f6-4d68-a301-9f182ae090d4,5498.3,Punto ciego dayslate (bug 9)
e1324c90-72e8-460e-8272-6e4dca6fce5a,1549.39,Punto ciego dayslate (bug 9)
ee29756b-2923-4324-a389-b3dee7056c8c,871.28,Punto ciego dayslate (bug 9)
ec14490c-674d-4e7b-a5b3-6b1d4c8b3c55,408.2,Punto ciego dayslate (bug 9)
72120982-9185-4760-ad71-a5e92670de75,1113.88,Punto ciego dayslate (bug 9)
2348b0c5-07d0-483f-81ae-e9c48686e0fc,1567.46,Punto ciego dayslate (bug 9)
78fd1808-f886-4a8d-8335-1553fb92fe92,446.7,Punto ciego dayslate (bug 9)
ffc331b7-586b-4346-be42-cb6b37a9a794,9653.48,Punto ciego dayslate (bug 9)
6995da1b-bf70-45b6-b019-9ddc30f0a6d2,4324.58,Punto ciego dayslate (bug 9)
d4565e77-89ff-4875-818a-c0873ae6e400,592.96,Punto ciego dayslate (bug 9)
e928cfc6-b54b-424d-ae18-5bda2a7a7959,379.88,Punto ciego dayslate (bug 9)
ea9c19b8-7564-48f0-b4a6-25cbbbb4ed01,4575.45,Punto ciego dayslate (bug 9)
dc0389be-5dff-474e-92f2-e976fc3115f9,2722.12,Punto ciego dayslate (bug 9)
2b59f5ee-16fb-4cfc-8b2c-6711bc047a98,1452.9,Punto ciego dayslate (bug 9)
7254ed2d-ceae-4248-a1cd-c9b243bb8fb3,1167.55,Punto ciego dayslate (bug 9)
151a698b-5f02-45c5-91bd-52575a3eb411,181.97,Punto ciego dayslate (bug 9)
a1d89df4-4b9b-42c8-a361-0c0cb0d65ca6,2238.95,Punto ciego dayslate (bug 9)
bd26e19d-3460-41b0-aade-06a505c8bd1f,899.75,Punto ciego dayslate (bug 9)
8a0cc6c9-6963-444d-9ebb-9ba1b89233e5,8368.54,Punto ciego dayslate (bug 9)
ed5612e5-8e70-4d21-ba46-39403681d87c,345.67,Punto ciego dayslate (bug 9)
1bc96066-94b9-44fe-9e8a-a6017d4fca99,502.9,Punto ciego dayslate (bug 9)
e78edef5-bd2e-474f-840c-06c10636fbc2,282.97,Punto ciego dayslate (bug 9)
8c80215a-aac3-4abf-bd0e-895157312836,543.85,Punto ciego dayslate (bug 9)
301737a9-28e0-4c9e-9200-c9ca271b3da5,10459.59,Punto ciego dayslate (bug 9)
30ec3c77-e86a-422e-ac89-83c74b4de840,1848.74,Punto ciego dayslate (bug 9)
44b3daee-6fbb-4abd-828a-0833381a1b06,1069.63,Punto ciego dayslate (bug 9)
b9c2ce97-3b9e-4aae-8bac-73825d1a987c,1461.65,Punto ciego dayslate (bug 9)
a8fedfb0-9234-40de-9a8f-aa8156c182c5,1237.19,Punto ciego dayslate (bug 9)
689e86a0-64a3-4aac-9881-599a36bbab0e,516.23,Punto ciego dayslate (bug 9)
254fc2b6-bc08-4f10-af32-3c1d09ad9249,682.47,Punto ciego dayslate (bug 9)
a45a6aed-5bd2-4e75-b762-9e106aaf04c3,1342.38,Punto ciego dayslate (bug 9)
9c528c5b-319b-40a2-81d9-364282f99b16,3790.01,Punto ciego dayslate (bug 9)
920164f2-2311-4f6e-b585-094c81bf8f1a,3049.19,Punto ciego dayslate (bug 9)
0344f9a8-64f4-4509-8a82-1cbfd9371949,838.78,Punto ciego dayslate (bug 9)
5af5efba-04fa-4754-8c8a-a86b989559ef,4228.27,Punto ciego dayslate (bug 9)
af565872-5ce5-45b7-bda0-a51df4bacae2,388.7,Punto ciego dayslate (bug 9)
1acc3f0c-7976-4ea7-96cf-3be5b8c7aa90,719.97,Punto ciego dayslate (bug 9)
7d1b48a3-a8e1-491d-b627-90bff926f55f,1442.74,Punto ciego dayslate (bug 9)
664c6d21-9b25-42f3-8e08-d1697948ec60,1166.31,Punto ciego dayslate (bug 9)
22b9e2f3-eb9c-42d4-a54f-08535f4e22f8,1488.85,Punto ciego dayslate (bug 9)
37af991f-0b7b-4ef2-8f0d-8fb15ead4359,1290.53,Punto ciego dayslate (bug 9)
d1c9c460-cce6-45b4-b369-1613a1858393,2266.0,Punto ciego dayslate (bug 9)
c73262be-5ec0-49b9-8408-90f4d3858a4c,120.61,Punto ciego dayslate (bug 9)
faf1c42d-b40b-4b8e-9f5b-8053e3562aa5,2530.15,Punto ciego dayslate (bug 9)
65f32227-ea11-4777-9447-e220e1d819e3,7421.05,Punto ciego dayslate (bug 9)
4ef9456e-3006-4a23-8549-cccb08c3e764,1274.6,Punto ciego dayslate (bug 9)
c39a0c45-2775-409e-a226-84ab89dbd938,508.83,Reenganche (excluido por flg_last_loan_in_chain)
d083b12a-c151-4d3b-a806-ca7457add608,844.73,Punto ciego dayslate (bug 9)
25450b66-7b4b-4638-8137-ee64db2e100d,1097.29,Punto ciego dayslate (bug 9)
70b2a164-7427-485c-bcf3-23b7e802b95c,767.82,Punto ciego dayslate (bug 9)
573c48a1-2cb5-42e5-838e-f8dda9a9098e,5919.9,Punto ciego dayslate (bug 9)
7886d990-8fec-4add-92f9-d0c2deb4c60d,1740.91,Reenganche (excluido por flg_last_loan_in_chain)
a498708a-ba81-4f0f-8961-8911e31e734b,2380.79,Punto ciego dayslate (bug 9)
2cad3797-6e9e-421f-b76b-98d7798eaad2,386.5,Punto ciego dayslate (bug 9)
c3285c38-cbf9-41f7-b304-d2182264f4b0,797.41,Punto ciego dayslate (bug 9)
b24f584e-a4fc-4c09-b2e6-740b1b406c24,1819.74,Punto ciego dayslate (bug 9)
7e7606bf-105d-485f-8320-4321817281a4,3006.59,Punto ciego dayslate (bug 9)
0df5ed14-f9d8-459f-b42a-58e76f5f6a12,461.06,Punto ciego dayslate (bug 9)
931a85e2-3d7d-4d73-88ae-3b67c8e7a6cb,685.0,Punto ciego dayslate (bug 9)
c538d055-ae99-4eb3-b61b-b1cf87429d10,5562.31,Punto ciego dayslate (bug 9)
ccf69508-f380-4334-949e-b7e6a9304cdb,1092.96,Punto ciego dayslate (bug 9)
699ec15b-4320-4740-b52c-794a5dca0fba,2556.47,Punto ciego dayslate (bug 9)
098c4edc-f262-466b-9029-4a6181b71047,1130.54,Punto ciego dayslate (bug 9)
fd9eef5e-5832-4040-8aec-4288cf73d950,6396.25,Punto ciego dayslate (bug 9)
62d9a0f1-b960-4ece-ad5b-9fbe9b6cb546,3088.97,Punto ciego dayslate (bug 9)
1a7fc5b1-a065-4a4a-aa44-306264f422d2,2275.6,Punto ciego dayslate (bug 9)
91ef55f8-ed42-4c30-bee5-b44ac12cd17b,1870.7,Punto ciego dayslate (bug 9)
22f4f12c-4192-4986-aada-612465245906,1850.03,Punto ciego dayslate (bug 9)
4aa35d29-2fdc-4802-ad4f-0b460982e564,599.97,Punto ciego dayslate (bug 9)
9cd8030d-09aa-4f41-a4ec-39c04eb4f7c0,88.85,Punto ciego dayslate (bug 9)
d4d8c9a8-5876-4473-9111-ffb1780eb359,599.55,Punto ciego dayslate (bug 9)
c8c40613-8c08-4e5d-8914-8c11ebb92f85,1106.31,Punto ciego dayslate (bug 9)
c5e4f384-a18e-457c-a77e-78b171f866b6,533.91,Punto ciego dayslate (bug 9)
87aaecff-5d7e-48e5-8cbe-58fb03ec5fd7,2018.0,Punto ciego dayslate (bug 9)
cbd074e8-ef08-4aaf-8000-8750faac4c73,996.54,Punto ciego dayslate (bug 9)
7f008913-efea-43d9-b644-197754f1b3a5,2163.0,Punto ciego dayslate (bug 9)
c83712bc-2774-4ec2-be98-80cf81ae16d8,2191.41,Punto ciego dayslate (bug 9)
0b895716-c213-497c-8da6-30f3e60d267c,5609.47,Punto ciego dayslate (bug 9)
14043cfe-fceb-42ae-934a-a816c54f8298,923.16,Punto ciego dayslate (bug 9)
019a1906-3d51-4023-89f1-1c1a9531efd1,164.72,Punto ciego dayslate (bug 9)
4762d8b1-9831-4a93-b4a1-1165ea2a38aa,2084.69,Punto ciego dayslate (bug 9)
617efba7-5900-4460-bef8-43a449aa6511,1256.55,Punto ciego dayslate (bug 9)
73405104-0892-4cb2-a09f-fce007e25a77,4384.69,Punto ciego dayslate (bug 9)
af21a160-5a97-4016-a2c6-0af0f48859cc,831.71,Punto ciego dayslate (bug 9)
ab5f5d15-f83e-4f3a-8f30-a1f9a4c5336f,1476.85,Punto ciego dayslate (bug 9)
c8bfd09d-8606-44ec-9d3c-b30720cfcdf6,1545.0,Punto ciego dayslate (bug 9)
790b1f25-97b4-4cae-af84-7e0f199105e4,257.44,Punto ciego dayslate (bug 9)
96351365-6e26-43ad-8ba2-f61088998959,1626.18,Punto ciego dayslate (bug 9)
c3a7a33a-8973-4579-8e6d-8489dec70160,308.14,Punto ciego dayslate (bug 9)
371a79c0-2497-496f-88b9-bbd5b8ab6a30,591.72,Punto ciego dayslate (bug 9)
3b9a4b48-dd52-4bd4-911b-d1e4d30ee6c6,254.34,Punto ciego dayslate (bug 9)
69042b21-b7c2-4dea-9019-46230be5c9ad,127.07,Punto ciego dayslate (bug 9)
187be404-09d7-4e2d-b67b-08d9d97c0e98,849.78,Punto ciego dayslate (bug 9)
f2d29187-6a49-43de-aaf6-5b648b51179a,1109.92,Reenganche (excluido por flg_last_loan_in_chain)
2bfb24ef-acb0-4d00-90ec-ca05262c9739,190.28,Punto ciego dayslate (bug 9)
15fbe7cb-25e8-44e7-9542-388934ca21d5,4624.93,Punto ciego dayslate (bug 9)
534d62a8-9ba1-4192-88f8-e68ae3e6e5a0,1624.45,Punto ciego dayslate (bug 9)
51054d76-27ec-468b-b220-cf54f2a20b4c,1171.03,Punto ciego dayslate (bug 9)
9f34982c-6a93-451a-9635-e610426b7f98,1221.71,Punto ciego dayslate (bug 9)
78a6dd25-2a88-4737-81e0-98528ff2f21c,953.35,Punto ciego dayslate (bug 9)
217011fa-0eb5-466b-b398-19d123caee11,2583.22,Punto ciego dayslate (bug 9)
81b2933a-0463-41a3-bf20-2fee8dd0f557,592.58,Punto ciego dayslate (bug 9)
e24cadf5-a3d4-4daf-93ba-2aa0b1dceed9,617.19,Punto ciego dayslate (bug 9)
0036c28f-441a-4f03-9261-c009c19ec48c,1865.64,Punto ciego dayslate (bug 9)
32e22328-4b11-45ba-b29f-1df1cfa7463f,3334.7,Punto ciego dayslate (bug 9)
a8737648-f323-44d8-a9ed-a9b3bebcfc5a,5812.89,Punto ciego dayslate (bug 9)
282b5757-8ac7-49f9-b689-1705c4b0caee,183.45,Punto ciego dayslate (bug 9)
184ff3f3-3c0b-42d5-b123-47a3ff102dce,1101.4,Punto ciego dayslate (bug 9)
4822cfb0-da5b-4069-b3d7-5faffe92cc60,2217.19,Punto ciego dayslate (bug 9)
b3138d33-c539-49bf-b2fd-fd943f808213,1664.35,Punto ciego dayslate (bug 9)
457fc11c-183d-405d-ad97-b1d77bf9bcd7,1243.98,Reenganche (excluido por flg_last_loan_in_chain)
3fa3def4-8db1-4384-9f8f-c888ebb0cae0,3406.45,Punto ciego dayslate (bug 9)
0159adb9-1ddb-47d6-b664-cae32eb8768a,1016.13,Punto ciego dayslate (bug 9)
50961ef2-3f94-4192-a007-7876abac7d12,4344.14,Punto ciego dayslate (bug 9)
d3c33d53-3ea9-46d9-a831-e984a39d9041,15487.56,Punto ciego dayslate (bug 9)
4a926ed4-005f-4406-b5c2-dc79915acf02,2948.24,Punto ciego dayslate (bug 9)
65834e4c-69bf-4bda-a04b-c84a90eee9c0,1018.0,Punto ciego dayslate (bug 9)
82490172-d1a7-48e2-a4e5-37d993c8ae56,789.15,Punto ciego dayslate (bug 9)
f1767eea-c504-4a3f-af20-bb7b303124a1,1607.59,Punto ciego dayslate (bug 9)
294fadb5-d8fe-42fc-9121-43f947976a98,172.9,Punto ciego dayslate (bug 9)
17798ed8-46f7-4d7a-ba38-670068c187db,2134.77,Punto ciego dayslate (bug 9)
7735ebfc-48df-4c0c-ba10-06dd1b859967,351.45,Punto ciego dayslate (bug 9)
1a387b14-5610-429c-bdd4-10a0f41f62e0,1057.34,Punto ciego dayslate (bug 9)
021f7242-da6f-4e43-a63f-ec73a5512320,224.0,Punto ciego dayslate (bug 9)
8611dd50-73ed-4f3e-9ab5-284ebd78abc5,301.49,Punto ciego dayslate (bug 9)
09e2582c-13e1-4c85-9585-9aa29da62f28,931.99,Punto ciego dayslate (bug 9)
9129461d-db2d-4417-8575-fed523793515,116.88,Punto ciego dayslate (bug 9)
efa8247f-041d-42a3-8e38-4accd579c8c2,3318.3,Punto ciego dayslate (bug 9)
e13b4134-2b07-429d-9cce-704132290fe4,980.72,Punto ciego dayslate (bug 9)
b9a70995-97fc-4aa5-a96e-4ce24da9496c,1926.59,Punto ciego dayslate (bug 9)
08cc9cc1-892e-4b39-afdf-ee007e62c8ea,850.84,Punto ciego dayslate (bug 9)
a791ef12-68ce-41b6-b7f8-e4ebe8f309f6,412.68,Punto ciego dayslate (bug 9)
2080b111-01a2-4546-81ff-7171b9f24f15,1568.2,Punto ciego dayslate (bug 9)
b3c7986d-ee8b-4897-91b9-3646378e77a2,1220.58,Punto ciego dayslate (bug 9)
e3d6cc0e-27f1-48d2-8a87-2add9002b812,3000.0,Punto ciego dayslate (bug 9)
5984cce5-6865-4c1f-afca-00a742819400,2175.66,Punto ciego dayslate (bug 9)
0da71c8b-7f0a-4eba-bae3-c69553c536f9,1461.28,Punto ciego dayslate (bug 9)
b1cfe96e-b8c3-41db-a9df-bce67d0802d0,1318.07,Punto ciego dayslate (bug 9)
900e6a45-48fb-430b-8911-e6a3dacf45e0,595.12,Punto ciego dayslate (bug 9)
a1bfd10c-d8e8-475c-a874-e1bc6eb08e86,14991.65,Punto ciego dayslate (bug 9)
503e5757-d968-415f-afae-84ddd5292650,132.9,Punto ciego dayslate (bug 9)
b1281714-66a7-41d6-8404-48fc582a002d,219.34,Punto ciego dayslate (bug 9)
177ceea8-08c8-4731-915d-2be7b21765d6,1423.16,Reenganche (excluido por flg_last_loan_in_chain)
0aa6db5c-50fb-4655-ab7e-048b7d1a29d9,614.77,Punto ciego dayslate (bug 9)
e12de7ec-733b-4c9f-8593-707a4538020d,3355.04,Punto ciego dayslate (bug 9)
a976fa25-a553-46ae-934b-548beb11f589,176.76,Punto ciego dayslate (bug 9)
7aa4a0d6-7973-42b2-b81b-9c542ba14aab,2594.99,Punto ciego dayslate (bug 9)
92b2d36b-6851-4771-88fb-4c6270370c1e,1455.68,Punto ciego dayslate (bug 9)
a6989559-974a-4f0f-950a-0fa84a65d055,1437.96,Punto ciego dayslate (bug 9)
8fe2224e-57e8-4cc9-b00d-5253815f571d,3429.9,Punto ciego dayslate (bug 9)
e2384fbc-3ce4-49a0-bbb8-234f6ce659f1,2728.47,Punto ciego dayslate (bug 9)
f5683ac0-6693-4427-a028-d790a77dbf24,1466.23,Punto ciego dayslate (bug 9)
7eb17eee-ea70-462d-9b31-33f01147c321,2072.0,Punto ciego dayslate (bug 9)
4da03229-f7b2-4582-8a18-23ddc6a71677,496.61,Punto ciego dayslate (bug 9)
09233d0d-d881-440f-8576-4532e3c7ff18,599.12,Punto ciego dayslate (bug 9)
b54c6df6-1197-4241-af6e-d4df22c52f3f,211.22,Punto ciego dayslate (bug 9)
b3271c2a-237e-46a0-89ba-b29438b82ccf,1583.56,Punto ciego dayslate (bug 9)
9bebf747-1a58-43ed-b4c1-342533a69bd7,3902.4,Punto ciego dayslate (bug 9)
5ae1ffe1-4d02-4d0c-8a3c-4b1d46e6169b,262.8,Punto ciego dayslate (bug 9)
1812fc81-c648-41d8-b12e-ea2ebc192c54,936.45,Punto ciego dayslate (bug 9)
ab2f6516-87b3-4816-96f9-ef06e9fbd8de,805.18,Punto ciego dayslate (bug 9)
134054aa-691a-4d21-80aa-e2ad85eaa71c,3210.11,Punto ciego dayslate (bug 9)
ab8803cd-5640-4a85-98b2-8526ef62b8d7,1864.8,Punto ciego dayslate (bug 9)
87e833b2-f182-4e2b-8986-67f779030fe4,1211.32,Punto ciego dayslate (bug 9)
7ab2e3b6-4d54-41e3-bbfe-bb7172c50fb4,408.19,Punto ciego dayslate (bug 9)
03a6cfbf-2467-4456-9e5a-5b128d206669,3986.15,Punto ciego dayslate (bug 9)
b56e0950-50ac-4d35-b162-7f7f9deb0709,1539.5,Punto ciego dayslate (bug 9)
f3660b48-0ade-416e-91e4-6985f94417b6,122.9,Punto ciego dayslate (bug 9)
919a6b3e-5eb0-4ba5-ae71-8f48007509eb,1773.2,Punto ciego dayslate (bug 9)
98df2c0e-6931-4188-96cf-5c494b8c9a68,135.42,Punto ciego dayslate (bug 9)
1a7056a8-6880-4859-9df5-7885d9b90008,1477.32,Punto ciego dayslate (bug 9)
0e3cf858-02db-4062-989c-fd1a17e436d1,608.57,Punto ciego dayslate (bug 9)
25e3a942-9998-4e88-ae3b-2d9418a73a28,302.57,Punto ciego dayslate (bug 9)
9d84508d-d507-49b6-8bde-af0a6a992eb6,1162.42,Punto ciego dayslate (bug 9)
80ca1a2c-ad2d-49fa-80d2-81f4d643e3e0,1567.5,Punto ciego dayslate (bug 9)
3fbe8333-328e-4389-9766-efacf319951c,2211.41,Punto ciego dayslate (bug 9)
77c10f04-cb77-4602-980c-9041a5efb52e,683.27,Punto ciego dayslate (bug 9)
4538af1f-c7df-4c63-8a75-31e3489efdd9,936.83,Punto ciego dayslate (bug 9)
2c2b829c-022e-45ee-8f34-f56d333fdb1d,679.58,Punto ciego dayslate (bug 9)
f4bdad03-4cc8-4f82-9a9d-5f79afa11d2c,1035.09,Punto ciego dayslate (bug 9)
8603645f-bb80-4238-a576-179b6ccdc9a4,2806.33,Punto ciego dayslate (bug 9)
119a5070-f645-4064-8b90-2ae2528ac0cd,1700.09,Punto ciego dayslate (bug 9)
7761aa73-7e2f-41e2-860f-9ab432e32ee4,118.8,Punto ciego dayslate (bug 9)
fa51d815-781f-4aad-b424-53619481cd8e,805.47,Punto ciego dayslate (bug 9)
c863f51c-a65d-45c8-a296-c70712a46c67,540.98,Punto ciego dayslate (bug 9)
467d7f7d-042e-4ced-a9db-1dfc84b363d8,3771.82,Punto ciego dayslate (bug 9)
1fc7df62-c537-45a9-8169-86087abbcd34,2420.59,Punto ciego dayslate (bug 9)
0e1de50d-b649-4b6e-82af-4b4a41aa7c43,287.09,Punto ciego dayslate (bug 9)
dee58798-fc92-49a4-92eb-27ecd1a93e75,1797.92,Punto ciego dayslate (bug 9)
0c725b52-9a2b-42d9-9cfa-11c64f9660ad,1415.32,Punto ciego dayslate (bug 9)
9ad92b3f-98e8-4280-964e-719e5cea95f5,132.19,Punto ciego dayslate (bug 9)
9a4585dc-96c2-47bc-9b31-a90c957c9529,1146.13,Punto ciego dayslate (bug 9)
0fa25c85-425c-4fae-9ff8-da64c1b99354,818.97,Punto ciego dayslate (bug 9)
8554d399-a5e3-444f-923a-c577b5735a5d,570.95,Punto ciego dayslate (bug 9)
565fa920-a8e1-4d71-9a98-22be333f4627,212.8,Punto ciego dayslate (bug 9)
635297d6-dac9-4ae2-a904-0da62df9da74,2250.57,Punto ciego dayslate (bug 9)
49ef268c-0d72-49f0-8175-478dfd707839,597.33,Punto ciego dayslate (bug 9)
54dfe9c0-5f4d-485c-926a-95d95eccf1e5,934.98,Punto ciego dayslate (bug 9)
81c7f58a-52e2-4684-a2da-8a314e800a09,664.44,Punto ciego dayslate (bug 9)
36014752-1918-4250-8ef6-ac2fce784e32,1096.8,Reenganche (excluido por flg_last_loan_in_chain)
7c7cd485-81cc-4fab-a4fb-3d4812aceaca,1588.94,Punto ciego dayslate (bug 9)
72ba34ec-79b3-48cf-92da-16ca191f8983,2250.88,Punto ciego dayslate (bug 9)
c19163d8-7641-4b74-884a-39f3399961c8,196.51,Punto ciego dayslate (bug 9)
525065f7-b682-4d06-a2df-58d9ab09dd41,1311.18,Punto ciego dayslate (bug 9)
e07e0a5c-a6a8-4c43-9473-f55fc4b06c2d,809.91,Punto ciego dayslate (bug 9)
d2cf50fb-fa24-415a-9249-6f3f44ab3634,1482.44,Punto ciego dayslate (bug 9)
3aac9236-6725-41e0-998c-41a2308aae19,850.25,Punto ciego dayslate (bug 9)
6cd3d3f0-c301-435e-b84b-ebcce82ee04d,596.74,Punto ciego dayslate (bug 9)
0208b894-9a71-4600-bcfa-10b45275e9f6,1008.3,Punto ciego dayslate (bug 9)
ff1aa493-eb57-41e9-948a-b118952c63f8,262.37,Punto ciego dayslate (bug 9)
19b4d301-6005-411f-a9ef-57a2d6545d5c,2726.9,Punto ciego dayslate (bug 9)
3a89fd99-e613-4e54-91e6-ce1274a594ff,1328.8,Punto ciego dayslate (bug 9)
85a72ed7-66d9-48ee-8548-2391aadee1a6,719.7,Punto ciego dayslate (bug 9)
92896908-23e4-408c-b317-fb928cc20838,303.9,Punto ciego dayslate (bug 9)
9566f38e-642a-4032-9b0d-39b9bd5f2cda,517.82,Punto ciego dayslate (bug 9)
474e0f1e-6558-4ce1-9e58-0e555be2ed3a,216.59,Punto ciego dayslate (bug 9)
c9f0dc4d-bd6e-4915-8d9b-a72d1c10af14,7112.13,Punto ciego dayslate (bug 9)
14d87716-9dae-41e5-b671-acf75383793a,713.04,Punto ciego dayslate (bug 9)
e98d4016-cb3a-4a17-81eb-fc96223722a6,814.4,Punto ciego dayslate (bug 9)
973fdc76-6b74-4760-88eb-cf9c305bc23a,1350.51,Punto ciego dayslate (bug 9)
c9dec344-462b-459b-b361-f57f3525fdbc,53.94,Punto ciego dayslate (bug 9)
b88eecb3-3f99-436b-bcf2-06f0383778e6,738.24,Punto ciego dayslate (bug 9)
b4f1c675-f679-46cd-bf84-a904ecadddc3,1424.18,Punto ciego dayslate (bug 9)
faddd009-a798-4be9-a45d-84fc92f2a5fd,2912.21,Punto ciego dayslate (bug 9)
bf9b3b70-0b96-4d05-9ccd-cebb57b926e0,141.66,Punto ciego dayslate (bug 9)
9f3ef03e-44b8-4a10-a818-a35a1b2ec575,1684.24,Punto ciego dayslate (bug 9)
4db9f0cb-022f-4658-ad91-fb4b0bc4833e,522.06,Punto ciego dayslate (bug 9)
5d502fb6-9a1d-48d4-a910-19ed925a3941,78.06,Punto ciego dayslate (bug 9)
98b9c888-d6ef-427f-ae80-0e55d2a987a3,854.62,Punto ciego dayslate (bug 9)
f3d23c34-a075-4a33-828d-41ad27a5390a,4297.82,Punto ciego dayslate (bug 9)
90ed2a4d-f9f0-4758-b6e3-e966763c8dfd,2951.2,Punto ciego dayslate (bug 9)
12dbcad9-b74f-4ecb-b2de-ffda9f1203da,713.22,Punto ciego dayslate (bug 9)
e33894fb-c715-4a9d-9d8f-94f5ba3f1e81,2320.89,Punto ciego dayslate (bug 9)
3a7c8635-06d7-485c-89e1-02e4cd9c4eec,562.87,Punto ciego dayslate (bug 9)
f9de731e-a282-4374-a7c1-e2d7722e2bb7,288.42,Punto ciego dayslate (bug 9)
1f3fe49e-dd2e-49b7-9a9d-46b90e4881ff,1109.09,Punto ciego dayslate (bug 9)
0bc06930-842f-49ce-8772-f353ad4b6b21,232.75,Punto ciego dayslate (bug 9)
6c574a96-7cc7-48fc-9ca1-426c44fdf88c,452.82,Punto ciego dayslate (bug 9)
6f3a0cc0-62a1-4afe-a982-7399adbedeaa,849.02,Punto ciego dayslate (bug 9)
baa9f75f-7580-4c84-846c-2de28c25c744,1037.24,Punto ciego dayslate (bug 9)
b3a48a08-e964-48be-92b5-29c9ddd93eea,53.35,Punto ciego dayslate (bug 9)
3377c463-bd68-4c55-ae6e-6c2c014d2172,624.85,Punto ciego dayslate (bug 9)
98d61fef-803d-4700-be42-1c21c68d91e0,3130.51,Punto ciego dayslate (bug 9)
53b37c4c-b236-4846-bb63-bf0eea23128f,953.2,Punto ciego dayslate (bug 9)
c519712f-419f-426f-a0de-194a68f95782,1046.06,Punto ciego dayslate (bug 9)
4851d09c-7d9f-43d6-b258-eb567226f98d,2051.77,Punto ciego dayslate (bug 9)
6bc64835-9fb1-420d-982a-6345bb555690,2952.2,Punto ciego dayslate (bug 9)
985e7cbf-6093-4a7e-a251-00bc1d1121b8,856.05,Reenganche (excluido por flg_last_loan_in_chain)
cde9c79f-d43c-4bcc-813f-74fcd13d1226,3788.25,Punto ciego dayslate (bug 9)
fb2d50dc-e0cd-4572-87b3-267a8ef1745e,898.86,Punto ciego dayslate (bug 9)
4067ad5f-76b2-46d9-97ff-74b36cca498f,359.21,Punto ciego dayslate (bug 9)
88e4992e-e3fc-45f6-a919-409aa6a2789e,609.67,Punto ciego dayslate (bug 9)
02c045f5-2f34-4a0f-8f67-63e4f5f148d7,420.44,Punto ciego dayslate (bug 9)
a15615b8-d6e3-4fff-a198-bdc9d707671b,1282.44,Punto ciego dayslate (bug 9)
4ffc1a4e-2586-4831-85ee-a8aa47b477c0,39.18,Punto ciego dayslate (bug 9)
3a1afd7e-8b42-43f3-b41c-c4db711bb710,176.69,Punto ciego dayslate (bug 9)
656536b1-9ed6-4952-bd05-75e5ab2f6bfc,621.27,Punto ciego dayslate (bug 9)
9d1fa31c-9ecb-4ef0-8548-64e3bb8ad5e0,475.68,Punto ciego dayslate (bug 9)
a84e52a0-e549-4bbf-80a2-8a98f20316a5,3054.0,Punto ciego dayslate (bug 9)
d31e422e-2bd3-452a-8db9-1cd08bc599cf,712.52,Punto ciego dayslate (bug 9)
ff832e4e-be07-41a7-848c-4bdc7b47e96a,956.59,Punto ciego dayslate (bug 9)
facb9c81-67cf-487c-bb86-03f0d9bfe07b,14535.97,Punto ciego dayslate (bug 9)
51080218-9f38-47fd-bc41-d01a5fc5fc8a,2780.7,Punto ciego dayslate (bug 9)
0a7305a9-e1c9-441f-b45c-d13a25c66d6a,1462.83,Punto ciego dayslate (bug 9)
208e1196-6b47-42d6-a55f-d52c2a56c2a5,1075.34,Punto ciego dayslate (bug 9)
eb9b207e-7647-471e-b2c5-5f510c5c129f,1234.97,Punto ciego dayslate (bug 9)
3d7b379c-c892-47d3-9e95-e4dd09036d5a,1914.27,Punto ciego dayslate (bug 9)
14c47650-d302-4791-b417-e9cba462aab3,1279.64,Reenganche (excluido por flg_last_loan_in_chain)
0af1285f-7627-404d-9da0-0095f4e59f5a,849.26,Punto ciego dayslate (bug 9)
3a7619b5-fce4-475c-a64a-522e8ae683d2,263.35,Punto ciego dayslate (bug 9)
bd0a7366-41c6-489d-b720-7f8155499d45,1036.0,Punto ciego dayslate (bug 9)
21ab4c77-4c20-469d-a780-f26037d7fea9,1613.39,Punto ciego dayslate (bug 9)
0b6cb222-6a7c-4b5e-a1ad-017ffdb94e07,777.5,Reenganche (excluido por flg_last_loan_in_chain)
326d45f6-c17d-45f2-bbaf-b5f4dab45f3f,8639.33,Punto ciego dayslate (bug 9)
29b6aa84-78ce-47b6-b43f-1feb62d894d4,741.68,Reenganche (excluido por flg_last_loan_in_chain)
6ed41b31-7b68-4edd-9576-4fff6251b5c8,2423.2,Punto ciego dayslate (bug 9)
65b7ce79-9db5-451f-a659-20fa57c3615d,2427.58,Punto ciego dayslate (bug 9)
0a3f68e4-9a42-453a-9593-3eb8e1ad329d,357.5,Punto ciego dayslate (bug 9)
2fbe54aa-f32c-469a-b9df-25d31a9bd189,1082.99,Punto ciego dayslate (bug 9)
27a56177-4cf5-4bfe-8a58-a051e5f66508,2488.74,Punto ciego dayslate (bug 9)
32eca1d2-9824-4f5d-9492-eb1914be17ad,523.74,Punto ciego dayslate (bug 9)
73994494-aa10-4dd1-825c-083e1449e6a8,6230.7,Punto ciego dayslate (bug 9)
4386f404-1ac9-4f89-ab68-609929d7a094,348.17,Punto ciego dayslate (bug 9)
c63efb79-31d3-497f-98ae-789f4e8562c6,2885.03,Punto ciego dayslate (bug 9)
d633d60a-d7ce-4fb3-8ad9-af8cd93f89c9,2159.39,Punto ciego dayslate (bug 9)
7dc92565-e434-4460-bc73-af7f508aacff,1790.06,Punto ciego dayslate (bug 9)
f210cce5-7dbb-4e0d-89c1-05b6f56bdbaa,62.28,Punto ciego dayslate (bug 9)
5a505f46-90bb-4ca6-a111-db1a687f911a,1067.65,Punto ciego dayslate (bug 9)
8c56e944-418e-4a41-b81e-48b860c22921,718.94,Punto ciego dayslate (bug 9)
fb3f1520-418e-4b72-b8bd-3e2769b96d1c,3729.6,Punto ciego dayslate (bug 9)
5341ed61-ffb4-424c-9da0-eb9b1e789acf,2650.82,Punto ciego dayslate (bug 9)
c26b2f3a-3d02-44ac-8641-4b5d50d65363,1244.02,Punto ciego dayslate (bug 9)
ec1c79c2-24ed-4a26-83ff-eb3e8511b261,862.58,Reenganche (excluido por flg_last_loan_in_chain)
7341ce70-5acb-435d-b93c-0207b276e608,814.29,Punto ciego dayslate (bug 9)
331137c4-663f-4eab-8745-8c2da9c448e4,1604.76,Punto ciego dayslate (bug 9)
1d82e97e-0b2c-4d21-9749-685e64d3ac62,475.41,Punto ciego dayslate (bug 9)
33f54576-1898-4e00-9ab2-c1751bd8406c,554.53,Punto ciego dayslate (bug 9)
61e2bbf7-36f3-481a-a6e6-814e0d60ca4e,870.35,Punto ciego dayslate (bug 9)
2bed86e7-3236-4d14-9f68-311f4fe72829,3497.54,Punto ciego dayslate (bug 9)
071f4b22-a622-437c-b039-f279a4f37eea,953.87,Punto ciego dayslate (bug 9)
86144038-444c-4278-b5d6-b3119f06598d,3329.7,Punto ciego dayslate (bug 9)
f2be2928-36ae-4949-91a1-47aa13d8d6eb,818.14,Punto ciego dayslate (bug 9)
3139ff7f-3705-48f9-ac9a-3678e4eb4717,924.46,Punto ciego dayslate (bug 9)
130f61fa-d3d7-486f-9c13-144c05a04143,4210.7,Punto ciego dayslate (bug 9)
80bf1abc-f1b9-48d4-ac95-81a41081c652,1577.91,Punto ciego dayslate (bug 9)
bfcc8d5b-1b3c-4a72-905a-e56be560def5,128.69,Punto ciego dayslate (bug 9)
9294be5a-3c64-4f28-a0af-745402e6df53,1035.39,Punto ciego dayslate (bug 9)
830d32ac-8df5-4ea3-8811-9cfa4217e328,311.37,Punto ciego dayslate (bug 9)
2a1caa4d-813d-4735-b445-d13778f391bd,3039.2,Punto ciego dayslate (bug 9)
34f0954e-3991-4bbe-b2bb-b19c17031a28,1389.47,Punto ciego dayslate (bug 9)
6bc93f96-4db8-4615-8011-aca585d9c2e9,546.47,Punto ciego dayslate (bug 9)
5f6198c4-db41-467e-b96b-d77e74567856,293.92,Punto ciego dayslate (bug 9)
be1f068f-e26d-4f76-a539-5e1856b9161b,1119.8,Punto ciego dayslate (bug 9)
84ceeb07-0d72-4a00-a9d5-5841e6f2c5f3,476.28,Punto ciego dayslate (bug 9)
118b6748-5cb6-413c-a959-ffc7ddd27e1f,1213.14,Punto ciego dayslate (bug 9)
2414268f-dce2-48fb-b401-88c9a3b6d241,1753.19,Punto ciego dayslate (bug 9)
ec4597d0-bfe4-4403-90c5-e7c9dc478419,2577.84,Punto ciego dayslate (bug 9)
1f292bfc-360b-48e7-9651-e81679f21a89,1161.05,Punto ciego dayslate (bug 9)
3582763a-227b-4051-b9db-6fb809c62ceb,1417.5,Punto ciego dayslate (bug 9)
921cfdc3-2d0c-42e9-9009-06fdbd729add,2286.43,Punto ciego dayslate (bug 9)
0000d6e2-4a98-4b94-8fd7-c15fc0c4f709,611.9,Punto ciego dayslate (bug 9)
46ed0c2f-d9a7-4b80-b206-0293856e3ea0,1409.03,Reenganche (excluido por flg_last_loan_in_chain)
b8444718-0a60-477b-9bfa-2d2e2748064f,1511.03,Punto ciego dayslate (bug 9)
61cf5856-34ae-4559-af44-cfb7ec79be7f,1045.88,Punto ciego dayslate (bug 9)
55c7bd9a-7373-4e8d-822c-3781d641c878,221.9,Punto ciego dayslate (bug 9)
5c83e1c7-f3f4-40d2-baad-df73cc1c1deb,890.19,Punto ciego dayslate (bug 9)
0730905c-d8fb-40c7-86a5-bef909a5dcc2,620.71,Punto ciego dayslate (bug 9)
3e429dc1-e0bc-4206-8076-9a781cdb9651,6995.31,Punto ciego dayslate (bug 9)
7e1a3005-fdc2-4e54-bbc9-886f61653953,1655.86,Punto ciego dayslate (bug 9)
dde5d1ad-5047-4484-a8ef-4f6f228b3803,711.58,Punto ciego dayslate (bug 9)
45f591cd-2e10-4fbc-b3fd-f925a6d1e7d5,481.12,Reenganche (excluido por flg_last_loan_in_chain)
ef87d408-a481-4cf8-b362-5381fcaabe7a,1535.01,Punto ciego dayslate (bug 9)
da138c38-69e7-4a59-b73d-ec1e9e219c3f,1214.91,Reenganche (excluido por flg_last_loan_in_chain)
1804f806-6628-4e94-8f63-6b8ad9b662b3,1242.2,Punto ciego dayslate (bug 9)
39d956a1-7bc4-41ea-9d95-658c7f037319,237.7,Punto ciego dayslate (bug 9)
6fb0b839-ac32-4efd-a2d1-57e9c5146703,198.94,Punto ciego dayslate (bug 9)
45ca9894-1dc1-4906-8797-dfadb3f74850,313.56,Punto ciego dayslate (bug 9)
773a432f-213d-4e96-8853-ceabffedbeb6,106.33,Punto ciego dayslate (bug 9)
86456492-c276-4b57-b2aa-a7e78a344d9c,3314.16,Punto ciego dayslate (bug 9)
9d7173e3-c8dd-4ff5-933c-15d8121a7694,1798.42,Punto ciego dayslate (bug 9)
86ea4650-5305-401e-b035-97222506471c,1025.36,Punto ciego dayslate (bug 9)
d95a4de9-1542-4dd2-a9b5-026b07c57637,1352.61,Punto ciego dayslate (bug 9)
ec2e25b8-238f-44d5-a2cc-52343ea1a1c0,709.55,Punto ciego dayslate (bug 9)
f89fcea9-5905-4a72-a5ae-3b65400f187b,247.84,Punto ciego dayslate (bug 9)
148283fb-5cde-4959-93fd-5d58808c7080,1830.45,Punto ciego dayslate (bug 9)
956c79e0-42fc-435c-b78a-384dcda0a9b7,1128.14,Punto ciego dayslate (bug 9)
218cb704-f127-4518-be04-327267b18b66,966.08,Punto ciego dayslate (bug 9)
ed911489-0f6a-4ddf-8cff-136adb817003,913.54,Punto ciego dayslate (bug 9)
9ce0af72-0a6b-46d0-8768-fdf3513fcf31,352.24,Reenganche (excluido por flg_last_loan_in_chain)
20b0828a-abfd-47de-80fe-74385bdbb661,1228.17,Punto ciego dayslate (bug 9)
08162940-05e7-4bbd-afdb-8037c27509f9,1162.26,Punto ciego dayslate (bug 9)
52405d26-1821-428f-9584-82abb0bb95a8,1072.54,Punto ciego dayslate (bug 9)
bcec6922-74c7-4474-8ab4-bc38fbcabf79,1432.66,Punto ciego dayslate (bug 9)
503db4ad-773c-4625-8e45-11ddc820a7b7,1804.89,Punto ciego dayslate (bug 9)
80fb21be-44ac-41aa-afff-5dbc3047ab92,616.23,Punto ciego dayslate (bug 9)
75382419-574d-4b6f-b7a8-0865289bb73d,1633.48,Punto ciego dayslate (bug 9)
cca22e64-b2fe-4ba7-ae05-584c8ed234d9,523.72,Punto ciego dayslate (bug 9)
f01dd539-25c6-41c0-ae9b-f59648752915,838.67,Punto ciego dayslate (bug 9)
f5d00116-8b73-4b2c-9ce0-7c8e436f0644,531.45,Punto ciego dayslate (bug 9)
3e9a5640-d30f-4732-8ea3-51b38eb6140b,822.97,Punto ciego dayslate (bug 9)
7880a79a-477f-432c-a6b6-ded7fb07da50,353.2,Punto ciego dayslate (bug 9)
2586c13a-b9f6-4b2f-8193-8ffa4ebf9240,1408.81,Punto ciego dayslate (bug 9)
af557c87-0dff-4102-8397-37555181322a,2392.71,Punto ciego dayslate (bug 9)
c886d7e3-1557-4f5d-b98d-15a4c0776d61,663.86,Punto ciego dayslate (bug 9)
7c5777c6-56dc-44f7-a686-f3bbf07a09a3,112.55,Punto ciego dayslate (bug 9)
e43afed4-589e-4f58-a27f-e03743c6c847,581.48,Punto ciego dayslate (bug 9)
15f56e20-b495-488a-a549-91370b88fca7,5092.12,Punto ciego dayslate (bug 9)
dc15d371-d6b2-40e3-8a38-68d618b47c76,284.76,Punto ciego dayslate (bug 9)
56fadd9d-c9bc-445f-b354-5dbd2173e62d,217.32,Punto ciego dayslate (bug 9)
6b3e5663-feaa-428d-8289-2ca5cc1af980,679.5,Punto ciego dayslate (bug 9)
92f0f080-2f91-4eaf-95b5-9e804e894852,686.15,Punto ciego dayslate (bug 9)
8bbc1ee4-1c2a-4f5b-9655-d7a3f3d25835,553.61,Punto ciego dayslate (bug 9)
f58c04b6-6765-4bac-8ccb-ccaf7b7fecb8,854.99,Punto ciego dayslate (bug 9)
77f18443-a35b-4915-aca0-0b5da0b1d081,356.38,Punto ciego dayslate (bug 9)
1ee8f076-713a-4272-9b48-d17014bc55d8,694.17,Punto ciego dayslate (bug 9)
85d05e98-ea12-4220-a64c-c62aadd98cdf,412.61,Punto ciego dayslate (bug 9)
edc17d8d-4b9c-4c04-8e27-f40e8ccda92d,351.9,Punto ciego dayslate (bug 9)
3b8128b5-68e8-4ba5-8bf9-3698ec437973,134.47,Punto ciego dayslate (bug 9)
325b6156-9c78-48cd-8f45-5d202ccf72e1,840.11,Punto ciego dayslate (bug 9)
0a1c251c-f464-484c-b31e-b94e30e78e23,2081.34,Punto ciego dayslate (bug 9)
638ecaab-513e-4471-a338-e24fcb65da67,2640.49,Punto ciego dayslate (bug 9)
6dbc2427-fdd9-42dd-99df-e96698befa54,378.77,Punto ciego dayslate (bug 9)
e46c57cb-40b1-44f5-8735-8c9f8c8e42cb,834.41,Punto ciego dayslate (bug 9)
9c6ff6ed-e7bb-4fbe-ad31-684fb292b27f,743.89,Reenganche (excluido por flg_last_loan_in_chain)
26550964-9d94-4770-9797-4d20b8cd461d,2391.18,Punto ciego dayslate (bug 9)
59796643-39db-4169-a62d-eb112839ff66,225.43,Punto ciego dayslate (bug 9)
19c50bb5-80a6-412f-8fcd-66617e37ff7b,1350.89,Punto ciego dayslate (bug 9)
c4454288-288b-4813-891c-b6d87705f805,1649.27,Punto ciego dayslate (bug 9)
29a90520-c0ba-4a33-bc68-3eced1e69501,1582.72,Punto ciego dayslate (bug 9)
10d24dd4-e895-4ed4-b990-ae543e85fb7c,222.9,Punto ciego dayslate (bug 9)
d026e323-705a-40d4-8ea2-1fb3fd768246,1227.51,Punto ciego dayslate (bug 9)
27a77c06-9c21-469d-9348-4e9ceeb8de55,1749.72,Punto ciego dayslate (bug 9)
a8b43171-02a5-4608-ab25-9e94a620685a,2254.26,Punto ciego dayslate (bug 9)
7b807fc6-af3a-4950-bad9-ddfdf0403f10,1370.2,Punto ciego dayslate (bug 9)
95f58f55-adeb-43d6-a2d9-2701bf9d479c,1304.83,Punto ciego dayslate (bug 9)
8933a180-a16d-4b75-842e-1d1cc77f476b,2647.71,Punto ciego dayslate (bug 9)
4fb0cb0c-bbff-4489-956c-4290d27130d0,1067.47,Punto ciego dayslate (bug 9)
6488e3b9-286a-4557-986f-76374efedd0d,704.03,Punto ciego dayslate (bug 9)
2776cc52-1110-4d96-bc96-d47f9e6cb605,1260.73,Punto ciego dayslate (bug 9)
d1bca4fe-528e-4bc9-8c84-d891f7c0713a,1315.59,Punto ciego dayslate (bug 9)
c1ee1b44-8ec4-4385-b242-a3b2c36a1434,2436.44,Punto ciego dayslate (bug 9)
2be6549c-8207-44f8-8a51-2542c97f52b0,1557.74,Punto ciego dayslate (bug 9)
6e3dfd2a-22ce-4691-bbdf-a3e64345729a,670.18,Punto ciego dayslate (bug 9)
34e3aef8-9d34-4869-8de6-888743a9ce0e,341.9,Punto ciego dayslate (bug 9)
8d870429-687e-4954-9005-800c68ffc00c,2115.87,Punto ciego dayslate (bug 9)
d88790f1-dcb1-4217-8251-498b67765bc3,1285.53,Punto ciego dayslate (bug 9)
7c2b08ed-2707-47e7-80f0-41f9e215b2f5,555.07,Punto ciego dayslate (bug 9)
2c937423-da14-423e-9715-a9a491408c4a,1208.78,Punto ciego dayslate (bug 9)
18899f5b-fb8a-49d6-81cc-f84b44854ff8,1907.38,Punto ciego dayslate (bug 9)
92b1eeb2-8e59-4953-99b0-3f2e17b02029,2065.77,Punto ciego dayslate (bug 9)
f3548151-52df-4832-aae4-02add17e352f,119.31,Punto ciego dayslate (bug 9)
ae6ef72b-c3c2-405d-a788-cc58cce9be6d,2197.6,Punto ciego dayslate (bug 9)
e0fb2ed2-9286-4bd7-904f-fd147d14425c,873.59,Punto ciego dayslate (bug 9)
1c056de2-57dd-4f6a-a6f9-3800acbb693d,2298.4,Punto ciego dayslate (bug 9)
968b2fe1-f93e-4df4-90aa-dbac4360fe92,1215.96,Punto ciego dayslate (bug 9)
63ac0ec7-a484-44c3-accb-01a962b917da,1513.5,Punto ciego dayslate (bug 9)
587ce330-e9e6-4365-b3a8-e411fa0988ae,1604.58,Punto ciego dayslate (bug 9)
408b6ba7-ba98-44fd-944f-9b9cf36887a7,882.07,Punto ciego dayslate (bug 9)
28bd0998-d99d-425a-b1ff-e18811e2ad87,1325.61,Punto ciego dayslate (bug 9)
cd6f19a7-6d06-447a-960c-c1dc6a91a02a,622.31,Punto ciego dayslate (bug 9)
d2145a0f-28a3-42da-84c8-2ec036047a14,1196.42,Punto ciego dayslate (bug 9)
fccff60b-f03d-4f3a-99ca-483fc9467a64,6710.31,Punto ciego dayslate (bug 9)
332c9bf9-e5c6-45c6-8ad2-d2e2de557e5f,515.96,Punto ciego dayslate (bug 9)
c7150a06-82bf-4bbb-bce8-5c92ee40a657,838.39,Punto ciego dayslate (bug 9)
a3981e56-3f47-4dd1-880e-9205cbf7ba1b,1569.06,Punto ciego dayslate (bug 9)
21a8466f-e757-4c81-9189-a2d94367759b,994.09,Punto ciego dayslate (bug 9)
80f0ce94-a342-46a2-a4af-7ece85ce3e8c,2138.07,Punto ciego dayslate (bug 9)
46dab58a-f773-4eab-83ca-79380f85fc31,1551.39,Punto ciego dayslate (bug 9)
b7204933-aaca-4720-b920-21030b8cf11f,811.69,Punto ciego dayslate (bug 9)
40e43864-6387-4697-8fe0-c3cb6807597f,846.4,Punto ciego dayslate (bug 9)
455b5fb0-d63e-4b67-82fc-68e25327373d,3182.33,Punto ciego dayslate (bug 9)
3b3891a7-d0c8-4c20-926a-b0de3656a3b3,665.91,Punto ciego dayslate (bug 9)
c07879ce-ff8f-4b3b-ab5b-4507e2a8abaf,10900.0,Punto ciego dayslate (bug 9)
68976485-6e2e-4647-82a0-6d92160a4bd4,10152.8,Punto ciego dayslate (bug 9)
603b4871-11b7-44fe-ae2d-f760008c9883,6304.0,Punto ciego dayslate (bug 9)
5f5c89d6-3b3f-4e13-bfe6-a6a5d7534133,1124.43,Punto ciego dayslate (bug 9)
75d9942b-bca7-4cb5-af72-102f474cf3a5,1173.29,Punto ciego dayslate (bug 9)
a2d8c695-7e37-4f7a-b228-a7fbecab4916,300.17,Reenganche (excluido por flg_last_loan_in_chain)
05790786-0849-4bf3-8133-393cbbec21de,779.17,Punto ciego dayslate (bug 9)
6faf0b60-09c3-4ae1-ad39-9477200f18b9,928.96,Punto ciego dayslate (bug 9)
479d0ee4-e3d4-4919-8dee-13c1ea4d382e,372.9,Punto ciego dayslate (bug 9)
ee2e1ee1-2e10-4739-8893-bf2ae938fb19,2731.67,Punto ciego dayslate (bug 9)
f2b198b2-7d8b-44ef-b8a2-2b63f088cde5,1291.52,Punto ciego dayslate (bug 9)
5e9c8bff-76ef-49b0-bdbb-3fc9dcdb691c,673.57,Punto ciego dayslate (bug 9)
c61dd88a-7404-4dde-9bc3-5f53a2695aa1,138.89,Punto ciego dayslate (bug 9)
5bd75fd8-e48a-4e82-8938-7626207277da,623.37,Punto ciego dayslate (bug 9)
5346db14-7f5e-4508-8eae-d993f02a10f1,4362.56,Punto ciego dayslate (bug 9)
6f0e512c-e973-4e77-97b2-cac19052d91c,367.7,Punto ciego dayslate (bug 9)
b5fcdb1d-05fd-48f8-b9dd-aa1805738f8f,2327.65,Punto ciego dayslate (bug 9)
d5b717e1-731d-4507-84b7-559921336642,2578.4,Punto ciego dayslate (bug 9)
9e155cb0-9c7e-4e8b-a3f2-cc12f52c67a0,736.24,Punto ciego dayslate (bug 9)
ea77a1d9-ad7e-4e48-b044-ec41cbec75a7,5548.49,Punto ciego dayslate (bug 9)
53e13b7e-1a29-4934-b876-04953c0500b5,1322.03,Punto ciego dayslate (bug 9)
1615454f-e269-4e15-9c2d-511e4d898b49,766.02,Punto ciego dayslate (bug 9)
7ba83f3d-3cdf-422c-a4bc-1cc386332343,173.26,Punto ciego dayslate (bug 9)
ce359f52-6335-45b3-bd4c-04ed851dd9a6,2693.79,Punto ciego dayslate (bug 9)
7006c084-7f0a-485c-8fa3-66b3fc68cbb4,986.01,Punto ciego dayslate (bug 9)
84501ed0-6d7a-4119-97d5-a2d0e4f4cf86,1075.03,Punto ciego dayslate (bug 9)
c01b1069-ecbf-42dd-a100-369c49f0d4b4,2797.54,Punto ciego dayslate (bug 9)
210ae723-45d8-4855-896f-1554f348f9dd,1329.7,Punto ciego dayslate (bug 9)
771c5516-4d17-4613-9093-fbf2d3bfadb0,2201.58,Punto ciego dayslate (bug 9)
15aa3235-120e-4673-87c9-0e07adfbcf1a,386.9,Punto ciego dayslate (bug 9)
2197e79d-94b4-429e-bf05-10aea262fd6d,107.94,Punto ciego dayslate (bug 9)
b25619c0-7b9d-4be1-b311-f1c58c9c0ead,294.64,Punto ciego dayslate (bug 9)
996a14fb-07ef-420a-9bde-ee4ae3f4f8b2,132.9,Punto ciego dayslate (bug 9)
a0d2baf7-5418-4a73-9488-6a65500846a1,2539.97,Punto ciego dayslate (bug 9)
2992553d-67de-495b-82e8-1cb2abdc8edd,148.58,Punto ciego dayslate (bug 9)
edef7119-a934-4502-af67-9fdf8bf829a3,424.35,Punto ciego dayslate (bug 9)
a90e6570-46ac-4267-aa31-4147a258610f,805.64,Punto ciego dayslate (bug 9)
3ad38943-fd23-401d-a82d-016e8a4a0ea0,392.88,Punto ciego dayslate (bug 9)
dd0db930-84a4-42a2-9192-b300b60c5bc8,1158.49,Punto ciego dayslate (bug 9)
e02bf91c-9eb8-4a9d-b50d-5c454cd89045,1494.42,Punto ciego dayslate (bug 9)
537b51cf-3697-44f9-84c3-76d4416599ac,1443.34,Punto ciego dayslate (bug 9)
9e8e306c-a4bb-4dc6-8752-4362d665ff16,1339.35,Punto ciego dayslate (bug 9)
6bc2b32d-5840-44e3-8bfb-77b267518de5,2633.86,Punto ciego dayslate (bug 9)
c5c8a7ea-9b07-44bf-bd96-8feca792af12,363.79,Punto ciego dayslate (bug 9)
8cd34c12-9df6-42fc-a2b2-3e8682e4eba2,997.63,Punto ciego dayslate (bug 9)
1d322e99-5ea4-46af-8ddf-443a39779a02,467.92,Punto ciego dayslate (bug 9)
e2bdfc87-be26-475e-a778-4251a8adf030,907.09,Punto ciego dayslate (bug 9)
3d2a671d-7c9a-4bff-acba-f729873e9d8c,1686.03,Punto ciego dayslate (bug 9)
b62b0294-c308-4bf1-9c7c-d74e3526d154,570.57,Punto ciego dayslate (bug 9)
c308472c-570c-42d1-9286-363993801e09,5464.56,Punto ciego dayslate (bug 9)
0192c4ce-b56e-41e9-ab9d-128469472182,746.27,Punto ciego dayslate (bug 9)
92008b97-3e7c-4e7d-85d5-6f30f56abbf1,461.35,Reenganche (excluido por flg_last_loan_in_chain)
8da741fd-02bf-48bc-a3f7-20cb693a494d,311.9,Punto ciego dayslate (bug 9)
1a9b2293-ad18-4834-9cec-2715a0c0d4f1,5658.73,Punto ciego dayslate (bug 9)
27fba14e-021e-4a5f-ab89-2420e6730d2a,2626.86,Punto ciego dayslate (bug 9)
1e65ae2b-ddaf-4407-be66-739e44ef9485,418.2,Punto ciego dayslate (bug 9)
2d1b6ba1-58c8-4bfe-a9e4-a7852f29c6bc,4663.01,Punto ciego dayslate (bug 9)
83534411-0c4c-458b-93dc-9e9fccd7dd11,12879.97,Punto ciego dayslate (bug 9)
1a46edbe-8e0c-4844-bf23-00f61bfa6375,2318.8,Punto ciego dayslate (bug 9)
94028fa7-ce7e-4193-b8bf-d58abee40307,3058.2,Punto ciego dayslate (bug 9)
208eda6f-6258-4357-8719-b4905a8f9b1e,223.37,Punto ciego dayslate (bug 9)
eea80dea-a415-4c13-a5ff-78616c1c6789,1448.58,Punto ciego dayslate (bug 9)
80207dd5-7671-4df2-b401-90018cf48ec1,1968.4,Punto ciego dayslate (bug 9)
7b850dcd-87fb-40fa-aea4-7f6fb1646908,1414.2,Punto ciego dayslate (bug 9)
a86de689-790d-4fcd-bd57-7399725af1f9,606.83,Punto ciego dayslate (bug 9)
71918215-c41e-4169-866b-92a9844cd95b,581.5,Punto ciego dayslate (bug 9)
84d47e33-f01d-4d7e-85d0-affe254c82a4,71.83,Punto ciego dayslate (bug 9)
5f2ac4b8-3121-47ff-9993-11b3acfb8076,4443.95,Punto ciego dayslate (bug 9)
27f3ec7d-9681-428c-829f-250db5064b0c,1272.58,Punto ciego dayslate (bug 9)
c857fbad-56d7-400b-870c-8ac5ce4a4d5d,710.46,Punto ciego dayslate (bug 9)
897c8fb6-1063-4147-82c2-84f95894967b,1449.21,Punto ciego dayslate (bug 9)
791ed0c2-dfe6-49b7-b493-abbf4e8e1274,604.39,Punto ciego dayslate (bug 9)
79c63aac-99a6-4181-a6ab-93422020c9b6,180.61,Punto ciego dayslate (bug 9)
77764cb2-168e-4268-b993-d3cfbca77aa0,237.1,Punto ciego dayslate (bug 9)
3a42adee-6661-4ed9-a68f-c21bd53bfad1,1354.27,Punto ciego dayslate (bug 9)
ca4f88da-89d1-4edf-8447-a086f608fdb3,2755.13,Punto ciego dayslate (bug 9)
06626ece-99c5-486d-b247-6fa62a1d5a54,152.9,Punto ciego dayslate (bug 9)
48885bac-1cc5-4335-a48d-5db49413d534,593.08,Punto ciego dayslate (bug 9)
bab84698-cd1a-420a-99c0-0f48f3c56474,1170.05,Punto ciego dayslate (bug 9)
caae0a46-f845-4e81-a851-6443fc607512,0.0,Reenganche (excluido por flg_last_loan_in_chain)
5b6c55ed-3c8e-454c-93b5-890bbbf56a61,1368.39,Punto ciego dayslate (bug 9)
98d16150-13b0-42f7-96c2-1720001778b2,941.39,Punto ciego dayslate (bug 9)
5e98c0c9-0f4d-46dd-85b2-3f6310d01cbb,2368.73,Punto ciego dayslate (bug 9)
79a90095-2e80-4866-a518-2275066368f6,1076.86,Punto ciego dayslate (bug 9)
abfb852a-82ed-4cbd-beb6-8f29ab1a69fc,1650.29,Punto ciego dayslate (bug 9)
379cea4f-65bb-4f79-a268-92e124e67af9,884.64,Punto ciego dayslate (bug 9)
b5b13e41-ac99-4d9a-8afd-43b49f5b10a9,4595.47,Punto ciego dayslate (bug 9)
a6a51f89-473e-4cfe-9605-2fe460462eb4,1625.15,Punto ciego dayslate (bug 9)
6e12589f-2526-45e8-a294-9f977aef0879,2748.6,Punto ciego dayslate (bug 9)
9b410d43-1ba5-4ebd-96a6-e0096671087c,1192.49,Punto ciego dayslate (bug 9)
53b9a50c-8ef5-4afe-9c34-53ae4e23c2ee,2850.4,Punto ciego dayslate (bug 9)
110d4a0b-0ade-4be9-bc09-ab0fa9c81c91,8735.62,Punto ciego dayslate (bug 9)
38eb3247-96db-4d5c-9dd8-bbd167dc3581,480.75,Punto ciego dayslate (bug 9)
b383748f-a3c6-4c23-b3bf-36cce156878c,258.4,Punto ciego dayslate (bug 9)
a98a7be5-49d0-41e3-bf06-45bf48af4255,1833.32,Punto ciego dayslate (bug 9)
aeae063d-0588-401e-9e3f-2d2c0959e00e,4878.84,Punto ciego dayslate (bug 9)
8ada3898-31c5-4d46-afef-4541faac90ad,4658.15,Punto ciego dayslate (bug 9)
19da031c-8e17-445c-8cec-a5366159c189,402.9,Punto ciego dayslate (bug 9)
96ba12c6-06a1-4231-aa17-53d06032b999,2468.7,Punto ciego dayslate (bug 9)
a9d25795-c338-48f3-95bf-9efc9d866244,896.43,Punto ciego dayslate (bug 9)
a2980686-f40f-4e41-9681-aae9cb17f3be,1827.66,Punto ciego dayslate (bug 9)
3c69f83d-e70b-468c-bbe9-abab29f9715a,611.18,Punto ciego dayslate (bug 9)
4680e45c-a970-4699-8962-a5ab7cf6fb7a,338.75,Punto ciego dayslate (bug 9)
d462f66b-49cc-4b33-8264-0181d9907220,1576.88,Punto ciego dayslate (bug 9)
45e6dff8-508d-4132-8068-f5430c891f25,2486.4,Punto ciego dayslate (bug 9)
b95e67c9-b68b-4522-831b-80a0f0217ec5,184.58,Punto ciego dayslate (bug 9)
3f7e1232-d1c7-4a04-abc1-f6031cdc5a3c,3570.21,Punto ciego dayslate (bug 9)
c6ba7e17-f525-4773-9607-5835fe4ed2d5,3451.66,Punto ciego dayslate (bug 9)
004a2848-09df-4beb-852c-e1ee4416b009,837.25,Punto ciego dayslate (bug 9)
8e364b1e-2210-49f9-9d8d-69d1709dfe4d,1749.97,Punto ciego dayslate (bug 9)
74c7b570-b008-47a1-914f-714d2ed068d8,1652.3,Punto ciego dayslate (bug 9)
8f933a6b-5cd8-48a5-8a09-63c73790ea7e,1147.7,Punto ciego dayslate (bug 9)
ffb41a4d-8c61-4871-823c-ae8a40f303d2,4098.39,Punto ciego dayslate (bug 9)
ea27c38b-a036-42de-a51a-752e3d7948fe,740.55,Punto ciego dayslate (bug 9)
a30ddcde-2d1f-4ffc-81e2-44f80197a496,1513.5,Punto ciego dayslate (bug 9)
52159921-45f3-41eb-9438-35aa889aae29,169.63,Punto ciego dayslate (bug 9)
5db44769-eef2-4cb1-83d7-dd5df1e48f7c,1725.65,Punto ciego dayslate (bug 9)
c7633f79-bf32-4e98-a181-1e52649a5fd6,262.33,Punto ciego dayslate (bug 9)
ed3a8970-00ec-42ab-ad4c-52441078dd1c,751.77,Punto ciego dayslate (bug 9)
49dae58c-17c0-4aec-a907-e5782364460c,501.94,Punto ciego dayslate (bug 9)
668fbe58-378c-4a38-8f06-87aec1aaed21,1111.12,Punto ciego dayslate (bug 9)
1e1ddce5-d509-49be-aeab-6829b90896dd,329.66,Punto ciego dayslate (bug 9)
e4299100-2297-4346-9789-6dcd4c693df2,3501.75,Punto ciego dayslate (bug 9)
80ef4b4d-0cdf-4964-9c7c-e2214a7637cf,1018.0,Punto ciego dayslate (bug 9)
0f29e0b3-a496-40a8-a5b2-9da1e39000e9,840.49,Punto ciego dayslate (bug 9)
2871ec1d-48e0-4036-a1e4-1be44d5cdfe0,5450.0,Punto ciego dayslate (bug 9)
efc59fd5-488c-471e-983c-f3f84e28fca1,3805.2,Punto ciego dayslate (bug 9)
947f4705-14c6-4ec5-a3f6-327cc741aeee,1881.47,Punto ciego dayslate (bug 9)
b43ff9e1-76e7-4e77-bb33-21e54fa4659d,1796.58,Punto ciego dayslate (bug 9)
fda31629-5c53-42b0-a8ad-2553826452ae,351.32,Punto ciego dayslate (bug 9)
d708ba20-808e-4f4b-b3fa-c5931536ec60,1053.0,Punto ciego dayslate (bug 9)
c1ce3055-912d-4800-99c8-e528d0869f85,9566.5,Reenganche (excluido por flg_last_loan_in_chain)
b12a8dab-de75-461c-a453-121cdcb2c3ec,401.1,Punto ciego dayslate (bug 9)
1414b838-3751-4cd4-a95a-6c542663cfe4,1567.5,Punto ciego dayslate (bug 9)
cc2aa2d5-861b-4ed4-a56c-da826d140f70,126.32,Punto ciego dayslate (bug 9)
5fbfa7db-55b8-4e04-9cfe-c4c9701b9fc4,855.12,Punto ciego dayslate (bug 9)
ad2bb82d-aa16-4e6d-8ab4-4228db868876,2915.14,Punto ciego dayslate (bug 9)
32c44e6a-16a9-46ac-9139-63ad69ee1062,1744.43,Punto ciego dayslate (bug 9)
0ce8e0f0-5e96-4964-9206-ece5c74f9089,479.25,Punto ciego dayslate (bug 9)
b29c7600-70e0-4db5-83ca-a1c766107fe6,613.0,Punto ciego dayslate (bug 9)
220b8dc8-ad80-4c7f-b31e-29ce787212d1,1515.3,Punto ciego dayslate (bug 9)
fea3b1cd-7306-4624-b404-8a879087cd2c,2817.51,Reenganche (excluido por flg_last_loan_in_chain)
cc432840-266b-4e4f-9a7a-602f99475395,1670.72,Punto ciego dayslate (bug 9)
db9f9768-6a68-42ff-80e9-1f2ddd830773,1425.2,Punto ciego dayslate (bug 9)
1f620c31-d08d-4dc7-8e89-8abb216c14b6,135.68,Punto ciego dayslate (bug 9)
c149381c-2f0f-414c-b885-12ae6c0d87cf,839.19,Punto ciego dayslate (bug 9)
372bb191-e278-4a0b-99c3-76f63c11483d,594.78,Punto ciego dayslate (bug 9)
0abf36a5-39fa-4014-b56a-5efc833e0746,2529.42,Punto ciego dayslate (bug 9)
d5b2b16d-2ce4-40c7-bd9f-c2ebbc470665,1586.66,Punto ciego dayslate (bug 9)
4cca9fc5-6598-4723-b9d4-7a738d39c50a,553.94,Punto ciego dayslate (bug 9)
21f132af-4f5b-403a-817d-7a09a34e6c86,262.0,Punto ciego dayslate (bug 9)
af03d98a-9fa8-4d11-8d8b-5d25fcacc74e,1417.48,Punto ciego dayslate (bug 9)
e3589ac4-cb00-470b-bcc4-6db44c4e1b0a,798.11,Punto ciego dayslate (bug 9)
802837ad-1b1b-4f73-ba99-deb86ef8dcf7,2291.48,Punto ciego dayslate (bug 9)
9315805e-894e-4360-9b01-a5cb92133f42,10360.0,Punto ciego dayslate (bug 9)
5eec41df-aa30-4852-a3a2-698f368c41e8,4116.24,Punto ciego dayslate (bug 9)
5e3d838b-77c5-46c2-9bec-5017540504f1,1150.59,Punto ciego dayslate (bug 9)
b2c534d8-40b1-47c4-aca9-b0710944014d,351.33,Punto ciego dayslate (bug 9)
7ebf1660-d78f-440b-b41a-6e12a8b2dbf7,914.49,Punto ciego dayslate (bug 9)
6d640c16-2881-450c-84f2-5a90250a06be,314.35,Punto ciego dayslate (bug 9)
acb2a47c-3a5f-4671-98c4-9e5707ea419c,2247.04,Punto ciego dayslate (bug 9)
5a870f48-252e-4b2d-bdb4-989bbe48b904,8292.4,Punto ciego dayslate (bug 9)
e68bfb53-a9fc-4d21-906b-ef5cc628b009,1882.28,Punto ciego dayslate (bug 9)
9c4c636f-4a91-4a19-bd70-de8ae0d49384,1984.07,Punto ciego dayslate (bug 9)
d043a172-9a83-46ed-97ee-a04224d3705b,1558.75,Punto ciego dayslate (bug 9)
98acc5bf-5d68-4e8f-8e8b-e231368c73cc,980.49,Punto ciego dayslate (bug 9)
e7b1d13f-3dab-4eba-879d-6bc685f613be,137.61,Punto ciego dayslate (bug 9)
7ca468b1-323e-4b21-8108-92897dd7a26d,5261.86,Punto ciego dayslate (bug 9)
bce8d9e9-ac5f-4554-aec1-e4bf98d23d58,288.22,Punto ciego dayslate (bug 9)
83ed9fd0-c65d-498e-bf96-2fde63f77461,994.88,Punto ciego dayslate (bug 9)
5145a695-23d4-439f-934f-6c9d7b27b3ee,1501.6,Punto ciego dayslate (bug 9)
e73fdc0d-3942-4701-84c4-408a90fe62e0,283.19,Reenganche (excluido por flg_last_loan_in_chain)
c74b0c79-c558-41be-a36c-e03633114314,791.46,Punto ciego dayslate (bug 9)
382862a9-54c7-4980-8b5e-79658bb42761,2288.43,Punto ciego dayslate (bug 9)
4a84d5ba-9ea4-4376-9d91-3f319f07b798,1369.11,Punto ciego dayslate (bug 9)
2167b238-b398-4d5b-8db3-308fb65247e4,2803.11,Punto ciego dayslate (bug 9)
af0ea8fb-3f7f-4bed-86c9-48a41772f964,437.27,Punto ciego dayslate (bug 9)
de9ad3c3-d61b-48bf-93a0-602b081fbb9a,511.83,Punto ciego dayslate (bug 9)
23116ebd-8f35-45c5-991a-19a92ff59398,754.02,Punto ciego dayslate (bug 9)
2e47fae3-9dba-45a9-af2d-0598c99689b4,1899.44,Punto ciego dayslate (bug 9)
ac9523dd-b0bb-4f9d-aca0-06c0368296c0,1567.5,Punto ciego dayslate (bug 9)
945558c7-b0a5-4dad-b4b7-9ca438b48ea3,292.72,Punto ciego dayslate (bug 9)
d00962dd-2311-4ef0-8d8c-f29c1e5624a4,481.9,Punto ciego dayslate (bug 9)
0a1c227c-536f-488d-b902-61ae3f9c46db,813.38,Punto ciego dayslate (bug 9)
d1287a9a-f44e-4001-a233-4636fb40f996,179.27,Punto ciego dayslate (bug 9)
c6836a2d-8099-4e24-b6c5-253e90488352,1794.55,Punto ciego dayslate (bug 9)
62b16b92-bd35-439f-9475-6b05e68e492d,1567.5,Punto ciego dayslate (bug 9)
07229130-05f6-4634-bfa3-38569d43c4d2,260.69,Punto ciego dayslate (bug 9)
f23cf959-0546-499c-b3a9-c98fe6fdb5d5,1311.6,Punto ciego dayslate (bug 9)
15973dfa-5bc0-43db-92d3-c2f7ae632e61,1012.48,Punto ciego dayslate (bug 9)
956776b2-bbec-49ac-ab3b-36841e6e73fe,3895.02,Punto ciego dayslate (bug 9)
7595b3df-c555-4e6c-aed3-5206796cc07c,3300.58,Punto ciego dayslate (bug 9)
92888849-6462-4b33-ade7-faaea572a65e,150.9,Punto ciego dayslate (bug 9)
8a2f9734-44fe-4cf1-abe9-39a2ab9462d5,547.48,Punto ciego dayslate (bug 9)
b1bfb13e-3a96-4d53-85ba-d7e6b917bc0e,85.66,Punto ciego dayslate (bug 9)
08fc82f0-fa49-4263-a026-001af014df88,1448.33,Punto ciego dayslate (bug 9)
881af447-517f-426c-bbff-c50725b78b7e,2565.14,Punto ciego dayslate (bug 9)
67ce23b1-2ce2-4c5d-99ce-18e807075a00,2235.68,Punto ciego dayslate (bug 9)
3f63af12-d59f-4f3b-ad46-25b13fa2fcd5,1524.74,Punto ciego dayslate (bug 9)
cb08ff71-9f5d-4daa-ac8a-760c2034cb88,544.87,Punto ciego dayslate (bug 9)
2472e5ba-75de-4b1f-8d04-46552b6e7e00,940.03,Punto ciego dayslate (bug 9)
ffdd4cc4-5477-475a-b2f1-db313d3970be,684.1,Punto ciego dayslate (bug 9)
ef2f23e5-d9ef-459c-b2b3-273fb94effa8,108.08,Punto ciego dayslate (bug 9)
46bc14f8-47a8-4139-9770-bbf6a775723a,566.61,Punto ciego dayslate (bug 9)
53b5af5b-a714-4a57-9909-d9ee85750a09,6280.09,Punto ciego dayslate (bug 9)
0fe88b13-b5f8-4995-8723-a6aa247ed666,640.73,Punto ciego dayslate (bug 9)
1e8242b5-a49b-4353-9b11-1a948745f44f,990.64,Punto ciego dayslate (bug 9)
53347054-0891-4722-8ec6-e1fc3dba2e94,871.35,Punto ciego dayslate (bug 9)
4d64557f-3b54-492a-8619-da3ccca3e045,4228.38,Punto ciego dayslate (bug 9)
f4cdfd2c-49ef-4426-b625-70341ac8944c,2835.06,Punto ciego dayslate (bug 9)
ff032144-eeef-4a43-b966-4477124cc494,263.21,Punto ciego dayslate (bug 9)
5bd29cfa-d98a-4838-b848-11233531b5e3,1398.57,Punto ciego dayslate (bug 9)
d7cf27ec-03a2-4042-b469-0bdc3164df47,251.19,Punto ciego dayslate (bug 9)
6e442436-063e-48cb-9600-ec95d0390af6,1232.94,Punto ciego dayslate (bug 9)
d80e7f46-e389-40c8-8ee1-4be7606cc0bb,1687.4,Reenganche (excluido por flg_last_loan_in_chain)
17492994-86e4-462f-a132-6de9aafb3436,2137.8,Punto ciego dayslate (bug 9)
1352e69f-28b5-4fcf-9721-a7d183595574,1784.49,Punto ciego dayslate (bug 9)
da3029de-1b33-4c7d-b29a-9085624eb8b9,170.43,Punto ciego dayslate (bug 9)
59701612-d3c6-4585-9fad-f337ea3693b7,371.98,Punto ciego dayslate (bug 9)
c13d98e0-79b5-4299-b1b1-7c744f4662c1,399.69,Punto ciego dayslate (bug 9)
8d691f8d-2bd2-45ac-be58-54741e26dd3b,764.58,Punto ciego dayslate (bug 9)
7161b9f1-4efa-4b2a-9fc4-0056f836effc,853.25,Punto ciego dayslate (bug 9)
4ea3500e-5df0-4a05-be51-07bd303b818e,1147.87,Punto ciego dayslate (bug 9)
55f232d3-ac43-4cd3-93e5-491c0ab8c164,1188.01,Punto ciego dayslate (bug 9)
a3c1a5e3-a805-45ca-a3b0-cd73ec3276b8,2614.86,Punto ciego dayslate (bug 9)
37241f92-80b7-4637-be3c-d58778b17517,2090.0,Punto ciego dayslate (bug 9)
bd4bb987-4ba7-48a4-9c4d-41cdc3ddb9a6,1968.4,Punto ciego dayslate (bug 9)
53e07dab-248e-407f-98b1-96c66bed025e,2341.4,Punto ciego dayslate (bug 9)
0e009688-e381-4ffe-b105-1889a9c19109,4882.69,Punto ciego dayslate (bug 9)
60a1b643-5f18-4958-bd3b-d98ab89d16af,301.9,Punto ciego dayslate (bug 9)
3c51f1cf-792f-442f-83fa-ca780b00bc08,2660.08,Punto ciego dayslate (bug 9)
2be910eb-35bb-428b-a9fa-22cf3f093a65,771.27,Punto ciego dayslate (bug 9)
852b3ffb-5e81-46b2-bb0a-ba0048d30e2d,1453.61,Punto ciego dayslate (bug 9)
8326d878-ac64-4d9f-ae95-1ee50d469f66,1855.97,Punto ciego dayslate (bug 9)
9000fd2f-8afd-489a-8cb8-47e89be2e9e5,13635.07,Punto ciego dayslate (bug 9)
b1d2d496-5c84-4f0f-a7c3-b67c0adfb0ba,422.9,Reenganche (excluido por flg_last_loan_in_chain)
1c5b43a5-5333-4315-889c-d491838935d6,2266.21,Punto ciego dayslate (bug 9)
cce7c45f-6adb-46ac-905d-c57d73d18d49,355.72,Reenganche (excluido por flg_last_loan_in_chain)
9c02572a-3248-4210-a144-af0c644fd929,518.39,Punto ciego dayslate (bug 9)
a2f0d814-912f-45b4-8d0d-33aa6ea5cde1,1050.6,Punto ciego dayslate (bug 9)
391ddbc5-d4ce-4dd1-ac9c-7700b15ec055,640.7,Punto ciego dayslate (bug 9)
7f118b84-b739-4ad2-b772-fcc80f3a9e3b,456.29,Punto ciego dayslate (bug 9)
d8f715ad-8230-4012-975c-1bf949c0c821,719.81,Punto ciego dayslate (bug 9)
3e808b3f-a641-48bb-afef-0841adc02bd2,2149.72,Punto ciego dayslate (bug 9)
c8ad479f-1665-47d3-b71d-71af4852cf4c,2078.9,Punto ciego dayslate (bug 9)
80916aff-63fc-4b45-a75a-ddbe98fad91c,2013.2,Punto ciego dayslate (bug 9)
be3e8807-71c6-4c1e-9d9d-a12ea969a15b,4203.63,Punto ciego dayslate (bug 9)
17d3073c-a242-4083-ad6e-dc6df121d28f,1558.49,Punto ciego dayslate (bug 9)
8a96d390-ff42-4b7c-88a8-11ad407e6ee1,0.0,Reenganche (excluido por flg_last_loan_in_chain)
cfad613f-53e6-4932-8bc1-6af628956aba,1682.56,Punto ciego dayslate (bug 9)
c1605960-2fb1-4569-9b94-7460bc5dac2b,739.1,Punto ciego dayslate (bug 9)
86040b76-bd1b-48f4-b064-d946d3153096,391.3,Punto ciego dayslate (bug 9)
59c14935-96da-4540-b51d-6186d46f8aa0,212.86,Punto ciego dayslate (bug 9)
9e5daf2a-e9e4-41dc-a3eb-b702e9afa40d,1782.87,Punto ciego dayslate (bug 9)
31118b28-340f-4c5f-bf63-fe570c1cf9ac,1244.61,Punto ciego dayslate (bug 9)
3e084295-2681-4ae6-8390-c954155ac36d,3106.93,Punto ciego dayslate (bug 9)
a08d3970-47ea-4eb8-a6b7-8fbf2742e5f2,1000.14,Punto ciego dayslate (bug 9)
51fc6f4e-bdf3-4ff0-8ef9-616dcff8e0cd,90.11,Punto ciego dayslate (bug 9)
4e06c729-5701-492a-a1a9-f82e396de839,5231.39,Punto ciego dayslate (bug 9)
1718edd1-664f-4307-abb0-aee7205899a7,789.53,Punto ciego dayslate (bug 9)
a775897a-8aeb-4f1e-bca7-e2db58a8c031,562.16,Punto ciego dayslate (bug 9)
d652be5c-05a9-44c9-8ab2-104ea37a5682,344.47,Punto ciego dayslate (bug 9)
1e77d9e6-5e17-4658-a93c-f2f2f3647141,3436.04,Punto ciego dayslate (bug 9)
a8e3b5b9-7839-4ae9-ad1d-9f728bd7151b,1628.04,Punto ciego dayslate (bug 9)
586ca98c-0e18-41cd-96fa-ea5b80838824,421.34,Punto ciego dayslate (bug 9)
0863f06d-f17f-4aad-b1e9-eac70e3a250c,152.9,Punto ciego dayslate (bug 9)
2fa92527-2963-4c78-b6e9-08a1a81c2d66,2072.0,Punto ciego dayslate (bug 9)
d73f8717-640b-4b67-92ac-bcacc9ce15f0,936.03,Punto ciego dayslate (bug 9)
1c5cbca5-0a83-45a2-b5be-18184949a3c8,70.48,Punto ciego dayslate (bug 9)
d9d527b4-e0bf-4d46-a9ae-5e5bca180d2e,936.35,Punto ciego dayslate (bug 9)
ec83fc9f-f305-42c0-8b97-1710186dd084,522.68,Punto ciego dayslate (bug 9)
efb815fe-e91d-41dc-8c78-7222fbe9d9a7,1367.87,Punto ciego dayslate (bug 9)
92374d62-3b21-4965-a066-0f6889a1bf3d,6082.54,Punto ciego dayslate (bug 9)
135f3b3b-e4bf-4a63-b1c6-a618ac525520,2136.62,Punto ciego dayslate (bug 9)
016ae6ba-4b75-47b5-a9e5-07c8519d62ce,609.79,Punto ciego dayslate (bug 9)
7a7fdb52-4f43-454a-b692-84ec274052a9,834.51,Punto ciego dayslate (bug 9)
c437777b-dcad-4b63-8d32-bd07f8460fdf,1582.0,Punto ciego dayslate (bug 9)
1d32d626-29d4-47f4-9862-79d86401b485,367.87,Punto ciego dayslate (bug 9)
3fefb028-6299-48f9-8386-81e2d3d1b641,1668.89,Punto ciego dayslate (bug 9)
a0ff0945-a5f9-440a-a16a-f3aba9c32168,731.36,Punto ciego dayslate (bug 9)
586e804b-3bc4-4ef5-b31c-2e8112b97f6c,286.59,Punto ciego dayslate (bug 9)
69c7a253-c9cf-4fed-a3bd-7b358245af2b,534.52,Punto ciego dayslate (bug 9)
3a0a6900-1539-413b-9be8-1bb72d309656,684.16,Punto ciego dayslate (bug 9)
6c5420aa-1751-435a-b302-5e9d94f92cf0,984.49,Punto ciego dayslate (bug 9)
aafea2db-0add-4850-857d-f5ab3ad398c3,1218.55,Punto ciego dayslate (bug 9)
d15dbb40-4875-4ea1-b718-b514aa9b1dc3,4747.02,Punto ciego dayslate (bug 9)
14a259f6-2e01-4264-9d8b-5e8cd0e639be,1230.68,Punto ciego dayslate (bug 9)
2e8fa5a3-e114-4294-9785-17e7efdaa1e7,1658.93,Punto ciego dayslate (bug 9)
3a1f4646-6e44-42db-bfb5-737600da5383,1868.08,Punto ciego dayslate (bug 9)
3ff4195e-d467-4943-819a-5d685c18907b,300.38,Punto ciego dayslate (bug 9)
9054c9ae-7d05-4e23-a1f2-124b047043ae,645.33,Punto ciego dayslate (bug 9)
8e529f7c-63b5-4e41-803b-54a8956eda21,1069.77,Punto ciego dayslate (bug 9)
1ab03514-c37c-4b60-8a7f-881e0db78239,1653.78,Punto ciego dayslate (bug 9)
2fcdcadd-9ea3-4fa6-825a-8edfc064295f,1003.73,Punto ciego dayslate (bug 9)
b99ddc06-b74e-4288-80d7-7d134f6b2798,255.49,Punto ciego dayslate (bug 9)
cb446e7a-ae2b-4b6d-b2f3-1fa8aa6c56f2,609.78,Punto ciego dayslate (bug 9)
a58c5232-4cea-44a5-b334-b9db1a5cdb77,1414.28,Punto ciego dayslate (bug 9)
8c641021-d76f-4184-80f9-321a40d42df6,566.22,Punto ciego dayslate (bug 9)
71f6e4d2-148e-49a3-9f35-7bac6c62c0fc,939.73,Punto ciego dayslate (bug 9)
431a066f-f9b6-4436-854f-8b21e4c83992,378.77,Punto ciego dayslate (bug 9)
6edebb6f-3e33-465c-b3f4-c5ba4b9ff4f4,745.31,Punto ciego dayslate (bug 9)
0c44cf3a-7f70-45e7-88a8-9cc72a5735a1,1847.99,Punto ciego dayslate (bug 9)
4a01a453-0663-49c9-9c69-d169a2986a7e,943.63,Punto ciego dayslate (bug 9)
9169de84-0750-4a03-9fc1-5d2ae392c667,890.02,Punto ciego dayslate (bug 9)
99b9e91c-c12c-400c-b7a7-54eb6c196857,1457.23,Punto ciego dayslate (bug 9)
218bc81f-b9b7-40a5-9b16-05f801e25287,1713.03,Punto ciego dayslate (bug 9)
51f47646-44bd-4ef6-8841-c7e1fea2b22f,842.9,Punto ciego dayslate (bug 9)
1a0447ff-0f4a-4752-8df2-f8830ff9144e,1695.12,Punto ciego dayslate (bug 9)
d0c6d9a8-5100-4e8c-bbb3-7862b0720dee,1411.17,Punto ciego dayslate (bug 9)
1217565b-b1d9-4c14-ad60-30317cd6ef88,519.29,Punto ciego dayslate (bug 9)
d4af0284-4e7b-4d05-9f44-0147d9721b5f,1959.2,Punto ciego dayslate (bug 9)
957897b3-6300-417f-a675-5e4c84a5539e,1354.17,Punto ciego dayslate (bug 9)
7228fea1-6238-4a1e-af9e-4ad70236f748,1197.74,Punto ciego dayslate (bug 9)
fa764a8d-7187-4a85-b9ca-7f4db22066ee,593.76,Punto ciego dayslate (bug 9)
ab125cd7-6066-4128-964f-d123ec5f8f48,1041.51,Punto ciego dayslate (bug 9)
8b9f6621-95b0-49b8-95f3-dee96ade7da6,2811.12,Punto ciego dayslate (bug 9)
a50f5a4a-f503-4770-b9f1-7307b5efa118,789.81,Punto ciego dayslate (bug 9)
cf14f2c0-e621-4115-ad51-492bbb42b500,929.31,Punto ciego dayslate (bug 9)
57f41b3b-c2ab-47f6-a3a7-d7477a438fd5,417.73,Punto ciego dayslate (bug 9)
fee40224-7e85-42ca-8eee-17915504e24b,661.9,Punto ciego dayslate (bug 9)
a0c9bcde-3a05-44b7-a528-d7539dd8c58b,1430.27,Reenganche (excluido por flg_last_loan_in_chain)
380b1228-8760-41e8-bd7d-1a09ab67f87e,576.46,Punto ciego dayslate (bug 9)
7da89394-3909-4448-8c17-594e011206d8,859.27,Punto ciego dayslate (bug 9)
1e1b7a41-0673-4888-a153-294fc506f969,123.27,Punto ciego dayslate (bug 9)
0b9f4adc-df21-4cc2-bd67-612d86e63d89,2239.6,Punto ciego dayslate (bug 9)
0215ca9f-0473-4530-a3a7-04c7e903048b,1417.5,Punto ciego dayslate (bug 9)
9be0ce4f-eecf-4edd-9895-79dadbaf3d91,622.21,Punto ciego dayslate (bug 9)
faedea33-33be-4a20-9431-a5a802cef09f,563.2,Punto ciego dayslate (bug 9)
57a1bc5a-2fa7-4f8b-847e-d25cb2c6a411,1215.21,Punto ciego dayslate (bug 9)
44d144f5-a56a-4372-993b-63923b4eeeb4,1193.46,Punto ciego dayslate (bug 9)
392c0971-7e14-4031-9052-7306e478dfeb,1517.14,Punto ciego dayslate (bug 9)
360bf189-dd3f-4d5b-90a0-1646e257ab68,1864.8,Punto ciego dayslate (bug 9)
e43b076f-9e7a-4a1b-9012-e354a83bfbad,912.4,Punto ciego dayslate (bug 9)
b411d39c-1182-4928-98b3-666f3db21af9,3509.07,Punto ciego dayslate (bug 9)
76cad82f-8f4b-4af6-9c9f-ec5b793297bc,1718.04,Punto ciego dayslate (bug 9)
3e243c05-ff3d-4df9-bb2c-15f3af54648e,964.0,Punto ciego dayslate (bug 9)
4f855b18-c5ce-4a86-a802-4067d939a65e,3160.42,Punto ciego dayslate (bug 9)
de8e5018-cc05-4d41-b977-949559309029,3174.5,Punto ciego dayslate (bug 9)
f7905bb1-abd2-479a-b154-4a951b13e42c,1647.38,Punto ciego dayslate (bug 9)
fd6cd035-4480-4565-8066-6a810d4828b2,144.18,Punto ciego dayslate (bug 9)
785d6bfc-7ebe-495c-b150-87455765d552,607.03,Punto ciego dayslate (bug 9)
84edc4cc-42b6-4700-8db0-fd41413b2f8b,633.21,Punto ciego dayslate (bug 9)
84ee1572-fe6f-460e-ac49-a37b57fde6aa,1087.86,Punto ciego dayslate (bug 9)
c40f8c7d-a43c-406e-b79f-410e3446dc5c,407.53,Punto ciego dayslate (bug 9)
afaeccff-e056-4e59-8df4-a3ce1fc9de14,3322.15,Punto ciego dayslate (bug 9)
f70c3e25-9f8b-45c9-bdf2-e891a598b751,7191.85,Punto ciego dayslate (bug 9)
d172de7e-8db1-415e-aa32-b93ed50aaa45,3388.63,Punto ciego dayslate (bug 9)
3b71fa15-5942-43b8-8077-cf91d4b8f5f2,4994.33,Punto ciego dayslate (bug 9)
e8064f14-2419-4ecd-9375-1a8ea4b24141,346.76,Punto ciego dayslate (bug 9)
0761be45-e2e1-4f50-a7cb-e2129a3afc7a,3135.0,Punto ciego dayslate (bug 9)
7757813a-bb78-4140-be88-b411db0046a0,1758.36,Punto ciego dayslate (bug 9)
77e3e3c4-4007-4a8a-a293-6b618689e551,1554.83,Punto ciego dayslate (bug 9)
b2a9ad83-5a36-4ac9-b5c3-fefcdc855f3f,3069.82,Punto ciego dayslate (bug 9)
3b3447a3-8b09-4fe3-9fbc-062a14ac2442,49.11,Punto ciego dayslate (bug 9)
c015ca96-efe8-45fd-85fd-295ef616a459,4198.52,Reenganche (excluido por flg_last_loan_in_chain)
39ab7e1c-78c0-4909-9959-2c03bc273f4b,604.7,Punto ciego dayslate (bug 9)
c445255f-cd39-470b-a39c-7edf8baa3e7e,368.6,Punto ciego dayslate (bug 9)
6086df15-0c40-4305-99d4-ec273c724d9e,6032.88,Punto ciego dayslate (bug 9)
0c2216f8-fcba-40d7-8bda-ad56111f3afc,495.78,Punto ciego dayslate (bug 9)
bf47cbbc-b19d-44ab-b261-7774ba27ef09,140.2,Punto ciego dayslate (bug 9)
374b4355-a6e5-4e78-8293-05776cc32873,2273.89,Punto ciego dayslate (bug 9)
0b44005c-95de-4bf5-8c36-ab15d1a61343,1584.33,Punto ciego dayslate (bug 9)
0fc88d4b-9a6e-40c3-b41d-5a791595b0af,316.82,Punto ciego dayslate (bug 9)
666bb0af-45bc-4170-aafb-be45a83e97cb,740.08,Punto ciego dayslate (bug 9)
eaa28b5f-1890-4907-ab15-5969133417b9,1614.94,Punto ciego dayslate (bug 9)
bfac336e-60b0-4f9e-8951-10f9fdae404c,1093.32,Punto ciego dayslate (bug 9)
ed174a10-0ce7-491e-af22-b660799564e3,350.39,Punto ciego dayslate (bug 9)
7e7f658b-9521-47f5-a380-363bd74bed41,2614.41,Punto ciego dayslate (bug 9)
dd0e108e-56c8-49a5-8499-1f4e6a97c1eb,1189.34,Reenganche (excluido por flg_last_loan_in_chain)
76d70f11-1929-45d3-b7b3-1dead1f959a1,724.93,Punto ciego dayslate (bug 9)
ac07d63e-a084-4614-891a-caf948a691c2,976.21,Punto ciego dayslate (bug 9)
4318b4c3-1b1a-4dbf-a691-b6f6ac1f917f,374.02,Punto ciego dayslate (bug 9)
177d94a3-9e2a-4d65-a43b-c06ce3f89a51,1540.78,Punto ciego dayslate (bug 9)
65b58b47-a987-4df7-bf51-16adbcef478f,133.61,Punto ciego dayslate (bug 9)
fa5aa65c-6b40-43f7-92fd-fc9a06cb2d40,1586.58,Punto ciego dayslate (bug 9)
4129d740-47de-4861-95f8-0e1eb266d37d,912.74,Punto ciego dayslate (bug 9)
be9526a2-fa28-45b3-83e7-59a33fa069ed,254.75,Punto ciego dayslate (bug 9)
b9e16663-7453-49f9-a95b-c86a98e04fc7,522.66,Punto ciego dayslate (bug 9)
112756a5-08a4-4381-92ce-0e397e03dab2,3065.61,Punto ciego dayslate (bug 9)
fb7bfe88-5bfc-4e23-82df-2abc0fde0f7f,1478.73,Punto ciego dayslate (bug 9)
f99161eb-4a46-46a0-ab8c-f70dca7e561b,728.55,Reenganche (excluido por flg_last_loan_in_chain)
4d53dc30-ee3c-40d7-8fb5-df79deb5ad5e,874.91,Punto ciego dayslate (bug 9)
fac19c85-0ea1-448e-81f8-5fe4beba4115,639.69,Punto ciego dayslate (bug 9)
ccdb4318-500b-414d-bde5-18c6a64a56a3,685.22,Punto ciego dayslate (bug 9)
75877c9b-fd19-4832-bd25-bdbf23ecf3f4,1897.2,Punto ciego dayslate (bug 9)
7ffafff7-f557-4ae0-b3fd-110062435398,2099.42,Punto ciego dayslate (bug 9)
7d6db066-7010-4f74-853d-9f5100cbf492,806.19,Reenganche (excluido por flg_last_loan_in_chain)
a47ee49f-3d5a-43d8-8763-8e21dea95877,704.55,Punto ciego dayslate (bug 9)
6e672a33-6850-46b6-a4bf-57838f9192cf,8582.79,Punto ciego dayslate (bug 9)
502daccf-f068-456e-9979-46de528bddd0,296.09,Punto ciego dayslate (bug 9)
cc61c2ac-7cab-476d-9a1a-6e1b95006a5e,377.39,Punto ciego dayslate (bug 9)
cc0204c1-5779-4dc3-9d9f-d2971e892a92,2369.0,Punto ciego dayslate (bug 9)
442a6625-848c-4a14-b56c-5451c3f197a6,1864.8,Punto ciego dayslate (bug 9)
0fe6104f-b27d-4904-8e5d-a0f000b8eb77,1014.45,Punto ciego dayslate (bug 9)
65f8bb68-8ece-49dd-a78c-3f8d41f9aef6,119.02,Punto ciego dayslate (bug 9)
bc7852c4-0ab4-4615-8ad0-169b7a4e2ca2,329.0,Punto ciego dayslate (bug 9)
f2254473-fc5c-4ded-a228-c6720e41c3ab,1217.62,Punto ciego dayslate (bug 9)
fa48e7fa-17a6-4d23-be3b-47fca65d09fd,564.27,Punto ciego dayslate (bug 9)
345cd021-314d-4c92-9eaf-14c4a40908ab,8721.4,Punto ciego dayslate (bug 9)
461b8b29-dfd1-45b7-8b32-35e2d29b7a71,584.21,Punto ciego dayslate (bug 9)
a9d255fe-25fd-4ac9-a2b8-41e4e787c81d,1804.56,Punto ciego dayslate (bug 9)
b0ab6d6f-c204-4b8b-ab7a-f3cdf82d6d53,683.26,Punto ciego dayslate (bug 9)
19c5ab8c-9650-481b-a6bd-7fdfd360b8b5,4690.3,Reenganche (excluido por flg_last_loan_in_chain)
a2eb3695-eebb-4ca7-88c5-008a275f150d,604.39,Reenganche (excluido por flg_last_loan_in_chain)
72b19891-310b-4e7c-a94b-b9dd12f37f0f,898.69,Punto ciego dayslate (bug 9)
b3fa08c2-ee01-4105-8281-9acd3b3f5b4a,1285.7,Punto ciego dayslate (bug 9)
cf9bcd10-ada8-4a98-97ab-9cffbbb6a455,1982.74,Punto ciego dayslate (bug 9)
2195fecc-d967-46ba-8e39-7a8583b80eda,1626.59,Punto ciego dayslate (bug 9)
897dae30-e90d-4baf-845e-1241fc5732c9,219.37,Punto ciego dayslate (bug 9)
7624843d-ce4f-46ac-ab4d-7f2dd4f78b6d,1710.87,Punto ciego dayslate (bug 9)
4b6919dd-0760-4f5b-82c0-622f7590a47f,438.31,Punto ciego dayslate (bug 9)
88f3e23b-1ac1-472e-bc07-381c7b37af77,2094.29,Punto ciego dayslate (bug 9)
56186d59-6274-4284-b36b-50783cefe47c,2693.21,Punto ciego dayslate (bug 9)
10f8eeca-9d1c-43b6-b408-0f3b6a4633bd,4460.85,Punto ciego dayslate (bug 9)
8de1924b-9738-4529-9a3a-c4088f447302,1628.8,Punto ciego dayslate (bug 9)
a59eee28-f932-43df-a9a0-6bf330474762,305.05,Punto ciego dayslate (bug 9)
73ceefcc-d38c-463f-87b3-5dac0837ed14,1328.57,Punto ciego dayslate (bug 9)
3918b961-8d26-42fa-b911-ca84f330c31f,1427.03,Punto ciego dayslate (bug 9)
c69a215c-fa15-48de-ac4a-6896e87bdeac,3837.16,Punto ciego dayslate (bug 9)
df2fd0fb-cfc5-45ae-9a61-879d62fb1613,547.68,Punto ciego dayslate (bug 9)
369b9794-6bdf-4b1a-a3a9-e508f35f2e23,6976.81,Punto ciego dayslate (bug 9)
79001000-a1f2-499f-8c8a-f578fce60d3e,424.73,Punto ciego dayslate (bug 9)
bce94836-7127-4077-814f-3564071ac4c5,2834.86,Punto ciego dayslate (bug 9)
717a0801-607e-47cd-ba3f-a30b3218935a,1067.14,Punto ciego dayslate (bug 9)
eac685c8-7b11-4feb-8741-95571c39fa8a,6432.0,Punto ciego dayslate (bug 9)
f6e70c3b-a2a0-4226-aa11-15335807e5c1,347.27,Punto ciego dayslate (bug 9)
f05a7c26-6276-43c3-a518-4a2d17ba7495,823.98,Punto ciego dayslate (bug 9)
8c39d0dc-35da-4e06-8e40-8bf8f86092a5,407.57,Punto ciego dayslate (bug 9)
17d55df3-8016-428a-8e5a-3ae027e9f54e,163.9,Punto ciego dayslate (bug 9)
88929a2f-08d4-4cc2-b072-3f68262f002a,1376.12,Punto ciego dayslate (bug 9)
2d9d8dfc-0a45-433e-97f4-4d71568af766,1311.07,Punto ciego dayslate (bug 9)
28f7b430-b012-436a-9217-630f2035b1f5,1101.84,Punto ciego dayslate (bug 9)
e647ef2b-4e72-4cbc-9a01-3ad37bd803f7,1108.38,Punto ciego dayslate (bug 9)
0e980285-c4b4-4c8f-bcbf-eb4109ecfa10,191.14,Punto ciego dayslate (bug 9)
6d7647ac-2335-4723-b95a-504248b4296f,693.42,Punto ciego dayslate (bug 9)
5b6854f2-75e5-4c32-a9cd-6254a80bbc68,146.59,Punto ciego dayslate (bug 9)
14131b26-3638-4e6d-b58f-582230505960,1527.0,Punto ciego dayslate (bug 9)
cca8845a-3e61-421e-b306-fae4e3e47a1c,4266.28,Punto ciego dayslate (bug 9)
48286445-17cf-4951-8791-58fbcced1aaf,1476.44,Punto ciego dayslate (bug 9)
1b9d3fe0-2760-410e-a133-3364eebd5c7b,202.9,Punto ciego dayslate (bug 9)
4f6a8b47-5ef3-4f14-a294-06334dd344b0,1036.0,Punto ciego dayslate (bug 9)
ac70c120-bbfa-47f3-ab9d-f9a07320f2c0,2940.05,Punto ciego dayslate (bug 9)
d9ca3113-8608-448b-bf28-4a86a9ad1c2e,1983.52,Punto ciego dayslate (bug 9)
693af54a-854f-4751-a293-d05b4d99dba2,196.8,Punto ciego dayslate (bug 9)
3007f336-312c-4c91-aabd-8aa7a3bc0754,1118.51,Punto ciego dayslate (bug 9)
29e89f7a-588d-4992-95c8-4fce087d9a9a,614.83,Punto ciego dayslate (bug 9)
f33d7085-67b2-4a88-b8fc-d0ecf5103391,670.49,Punto ciego dayslate (bug 9)
b7d5fffb-1d1c-438e-9ab7-e0b2d5ae6dce,756.48,Punto ciego dayslate (bug 9)
1f29a7dc-3df9-4940-bb3b-ba4792e3b0f3,788.75,Punto ciego dayslate (bug 9)
cd7f8dcc-4f7c-4b3f-a2ea-108b605abf93,1140.39,Punto ciego dayslate (bug 9)
74e1f740-de47-47bd-84fe-48dd008d267f,1603.73,Punto ciego dayslate (bug 9)
64728d7a-ecda-4def-aa55-93cdff1ae2e6,529.33,Punto ciego dayslate (bug 9)
fe35e9c6-5b67-4b43-add0-482517f043b2,457.33,Punto ciego dayslate (bug 9)
0e3ba80a-4031-4a50-8b5f-89d1995e8055,2858.84,Punto ciego dayslate (bug 9)
3fcd689a-2033-47f9-94c8-76be1a7ea517,1438.23,Punto ciego dayslate (bug 9)
36c836f0-0edb-471b-9c56-8a3fae1ff8d4,2322.34,Punto ciego dayslate (bug 9)
1c24a6cc-d8cf-4c44-95c8-a6e9897567be,590.84,Punto ciego dayslate (bug 9)
e2658f6a-cb68-458e-87f0-d2cba96281bd,553.8,Reenganche (excluido por flg_last_loan_in_chain)
10ff3bf2-35e6-435d-8ffc-7a9ed04265a1,370.71,Punto ciego dayslate (bug 9)
6192d3a5-2c54-4795-abe2-ca61a417093e,101.57,Punto ciego dayslate (bug 9)
fa1089f5-4583-428d-895a-c830a10a10ae,944.96,Punto ciego dayslate (bug 9)
66bddd12-2c12-474c-9030-5807e250cf33,452.38,Punto ciego dayslate (bug 9)
7ebd6f1f-c432-48e3-a461-948a545e6453,697.99,Punto ciego dayslate (bug 9)
51a51310-c018-45b6-9604-15bc7e74486b,705.29,Punto ciego dayslate (bug 9)
7a9c4eaf-146d-4449-9772-81f98c3c1567,6077.06,Punto ciego dayslate (bug 9)
35185651-d9af-4d5d-a595-f7d1aa8f01ce,2034.12,Punto ciego dayslate (bug 9)
d24ad10e-f94f-4974-a8a5-af8863cfb6f0,73.53,Punto ciego dayslate (bug 9)
a1ad4ede-b141-4060-ab3e-5df9a19f30d3,1052.03,Punto ciego dayslate (bug 9)
d3f6fa71-f6c2-4598-86de-e255a282658d,959.24,Punto ciego dayslate (bug 9)
3ec8a32b-d7c6-45cb-ae34-0ded13767e79,814.78,Punto ciego dayslate (bug 9)
4d9d9e9d-cdb3-45d8-a437-db46176b52be,190.16,Punto ciego dayslate (bug 9)
bb9ce6b6-b5cb-4cfe-9bd9-7c990a5d5f55,899.63,Punto ciego dayslate (bug 9)
3de0cbcf-1afb-4de9-bae2-5173165dcb69,1280.68,Punto ciego dayslate (bug 9)
c0054ffc-bae6-4357-8f9b-590ba66b5983,823.31,Punto ciego dayslate (bug 9)
9d117c49-ea38-441e-8f52-0bc200000414,4882.69,Punto ciego dayslate (bug 9)
28d81a8e-2037-471e-8075-f05ceadc6995,1783.84,Punto ciego dayslate (bug 9)
be9cc3b1-040f-48d3-ba23-358268924eb6,437.06,Punto ciego dayslate (bug 9)
cee905dd-d0c7-431f-83c6-7234b825116d,1108.89,Punto ciego dayslate (bug 9)
078073da-c0bf-488b-a95f-fc9d498ce85f,556.09,Punto ciego dayslate (bug 9)
36d52f8b-babf-40a4-86cc-92bda6834875,1039.39,Reenganche (excluido por flg_last_loan_in_chain)
57c95cf9-625d-4152-bc28-84292a135739,3036.69,Punto ciego dayslate (bug 9)
92d937d2-a664-4d0a-ab12-0a2a34012620,566.04,Punto ciego dayslate (bug 9)
a420b936-1914-4950-8ee0-774540af687c,957.9,Punto ciego dayslate (bug 9)
7205f0cd-c763-4a1d-bdcc-a53e5be54127,1457.65,Punto ciego dayslate (bug 9)
3b82d08a-6d6c-4d5e-8556-03ab82ace4a7,177.51,Punto ciego dayslate (bug 9)
8e2f16fb-8cbb-4df1-a561-1b6eda7f1e9b,3332.02,Punto ciego dayslate (bug 9)
128b7940-c477-4c7e-9229-89f895f8025f,838.21,Punto ciego dayslate (bug 9)
36693ac5-3703-4392-8c99-483603addc3f,307.78,Punto ciego dayslate (bug 9)
abdaf278-4f59-4f95-9ead-571cdc63872b,2043.13,Punto ciego dayslate (bug 9)
d1900d4a-626e-4cc1-bf23-a8a2f94e014f,953.01,Punto ciego dayslate (bug 9)
0b7426ed-1e6b-4f38-bf19-88aa3ec2b2fc,398.71,Punto ciego dayslate (bug 9)
ec7314b9-4611-4380-a6d7-2ef0ffa7e6a0,532.87,Punto ciego dayslate (bug 9)
21782e8f-c40a-430a-b9df-6c7be6e0e734,10097.78,Punto ciego dayslate (bug 9)
030e73f2-7b2e-4f9a-8c4c-9d7d44bbe8e2,100.74,Punto ciego dayslate (bug 9)
74615982-c9a5-43f4-9e13-a311b3334c8a,278.48,Punto ciego dayslate (bug 9)
a41f0307-9e12-4840-ac77-2c50fbb5327d,1321.18,Punto ciego dayslate (bug 9)
33633b05-a37e-4e11-bc24-55d2649b7279,603.72,Punto ciego dayslate (bug 9)
44baa1d8-02f6-4d8f-9cfc-253cf7f23fee,2566.03,Punto ciego dayslate (bug 9)
3fe94a8d-1d84-46b2-a7bc-492b411e8da5,344.98,Punto ciego dayslate (bug 9)
58362b62-ab21-42d3-8ed1-1b4039ded725,1383.25,Punto ciego dayslate (bug 9)
51fef22f-5e42-4382-85bf-c37856f4ff1e,4157.1,Punto ciego dayslate (bug 9)
fdbf1d6b-41a6-4911-a10f-1f83cc3493c9,2040.0,Punto ciego dayslate (bug 9)
692fafeb-9dfe-44d9-bb2b-63321686dba9,283.68,Punto ciego dayslate (bug 9)
40852daa-8292-4036-8406-890fd6ac2ebd,950.38,Punto ciego dayslate (bug 9)
9bd1052b-8cc8-4128-9346-b34d96ac8359,1058.44,Punto ciego dayslate (bug 9)
95553642-6acf-4471-8412-f2ee70f5036f,1986.39,Punto ciego dayslate (bug 9)
2525472f-f33d-4385-b7ea-5e09d8496eba,694.36,Punto ciego dayslate (bug 9)
e836e18b-b014-49c7-ae73-bd5d4f26d752,2806.99,Punto ciego dayslate (bug 9)
ca111a61-3a76-487e-be95-a4dfd6246a47,324.2,Punto ciego dayslate (bug 9)
e0aa6a9c-4deb-4cc6-86df-ba3c5b772581,815.09,Punto ciego dayslate (bug 9)
98b9a488-f600-4c3d-8820-681e1535c599,228.71,Punto ciego dayslate (bug 9)
5907d8cb-6c19-44e7-bcda-9e7c8b2107c5,10118.4,Punto ciego dayslate (bug 9)
4be8b085-7fbd-4c96-90ec-aa4244fde8dd,968.16,Reenganche (excluido por flg_last_loan_in_chain)
e0886957-19af-4117-9d52-47a3fe1880d9,2672.84,Punto ciego dayslate (bug 9)
858d44dd-fc09-4c78-9725-71b4465f1f23,732.66,Punto ciego dayslate (bug 9)
2f66a92c-f840-4843-bbae-6544354d2997,561.44,Punto ciego dayslate (bug 9)
6da91a2c-793b-4f12-b261-84b8615a088a,1933.72,Punto ciego dayslate (bug 9)
623a283a-cfe3-47de-b905-fbd577c1112b,637.64,Punto ciego dayslate (bug 9)
9a0c78cc-6852-4563-a046-90fd88090072,801.32,Punto ciego dayslate (bug 9)
6fc7d3a2-55bd-4e4c-bf51-e6a1cb1801d1,2635.68,Punto ciego dayslate (bug 9)
a777f48a-1e64-47cf-a90e-b52cacfbb668,633.2,Punto ciego dayslate (bug 9)
cd16dc2d-59f3-4093-868a-2f6175a135fc,5827.5,Reenganche (excluido por flg_last_loan_in_chain)
fdf5d174-732b-4ef6-80cc-5dc5890f1bb3,1789.57,Punto ciego dayslate (bug 9)
a14c5f87-f260-4948-85a1-eeab236796e9,960.61,Punto ciego dayslate (bug 9)
bf9646c2-9dee-42e7-ac18-741b153270cd,539.93,Punto ciego dayslate (bug 9)
adf5aeb1-c669-4a37-bb2f-d3454b84dc8d,372.9,Punto ciego dayslate (bug 9)
3158098a-88c9-4214-b041-410ba6c62f31,530.96,Punto ciego dayslate (bug 9)
1a400098-7a3a-4a8f-a4d8-bc8eeb40e9ce,1364.91,Punto ciego dayslate (bug 9)
0c155a3a-8065-4e62-8424-7f3a2a9069d9,1154.94,Punto ciego dayslate (bug 9)
7754e21e-e117-498c-9280-ea599f713567,7783.59,Punto ciego dayslate (bug 9)
86c65a5b-617c-49e9-ab94-354e3ae3dc9f,2092.5,Punto ciego dayslate (bug 9)
a8513ab7-f874-4704-b231-e372a6e3c222,571.8,Punto ciego dayslate (bug 9)
f6ade46a-fcd5-4381-81ae-5a61bb4c2329,403.9,Punto ciego dayslate (bug 9)
bbec43a8-24cd-4ac9-882c-29e90031b10e,2423.52,Reenganche (excluido por flg_last_loan_in_chain)
9675bc1b-2eb0-4c46-8a18-bd248f5e74c0,74.01,Reenganche (excluido por flg_last_loan_in_chain)
dac967c5-014f-4fe0-9e55-637feac70152,2078.9,Punto ciego dayslate (bug 9)
0d83881c-1639-4788-a598-79e3023fd7e5,1215.48,Punto ciego dayslate (bug 9)
649721df-68b1-4e0e-9ef4-8382e1cd7b61,446.9,Punto ciego dayslate (bug 9)
10994405-cce6-4a7d-8472-3af352f4c822,3312.26,Punto ciego dayslate (bug 9)
8fdcf0e5-e3b0-455d-81d2-cedbf62db88a,1179.86,Punto ciego dayslate (bug 9)
6a7bcf94-819b-4b0d-b291-7f58902453b1,259.99,Punto ciego dayslate (bug 9)
2acb4fec-79b5-4c08-80fe-d8b086b4a4ce,2009.16,Punto ciego dayslate (bug 9)
221db25a-e3db-444b-b02d-8f2b2022378f,928.51,Punto ciego dayslate (bug 9)
ae6c71c6-aae4-4f4f-a6b8-b2798fdd693e,3129.49,Punto ciego dayslate (bug 9)
bb0aa914-398d-4008-9ae0-e5d510b9272e,1105.17,Punto ciego dayslate (bug 9)
642840e8-3d74-4190-8692-dc53789cec13,5494.91,Punto ciego dayslate (bug 9)
1f9ad44b-b991-426b-a2ab-1e85ad12df69,1410.58,Punto ciego dayslate (bug 9)
26cbc072-c93e-462e-aedd-c5cbe7f582e8,539.45,Punto ciego dayslate (bug 9)
f6867756-588d-4e4f-b6f2-63c570b559a6,685.97,Punto ciego dayslate (bug 9)
866dcf24-dbd3-4ffc-b927-7ec88558ddc1,1133.0,Punto ciego dayslate (bug 9)
b120961d-8ba1-4387-924e-c283357867a3,723.49,Punto ciego dayslate (bug 9)
43f493c5-0945-49c3-bd37-7ae21e6986a4,610.57,Punto ciego dayslate (bug 9)
39ef1bb5-523d-4409-89f2-1fd92b460dc4,240.21,Punto ciego dayslate (bug 9)
aff031e3-c8b4-462a-bd2e-ff4599b63048,2179.8,Punto ciego dayslate (bug 9)
3671af2f-0713-42a4-8750-3b48cd896403,1319.5,Punto ciego dayslate (bug 9)
810f0ba8-58f3-4716-ae27-6a749da29dad,12506.2,Punto ciego dayslate (bug 9)
03d447a5-b206-4702-869d-ff174a6b7fd7,672.54,Punto ciego dayslate (bug 9)
da759c10-4548-46d6-b494-7fdb04fa00dd,1010.93,Punto ciego dayslate (bug 9)
22cab464-6f6c-4c90-8660-bb9f508ad21c,1105.52,Punto ciego dayslate (bug 9)
9170fb26-0c0f-45ce-a5c5-7c70aebe991d,452.9,Punto ciego dayslate (bug 9)
0da11d3e-01a1-48bb-a912-6d3f1d3f9f39,908.26,Punto ciego dayslate (bug 9)
3856d8e5-c0fa-4482-bdf3-8a6e98d7e83e,1370.92,Punto ciego dayslate (bug 9)
efdcf446-a6b2-41eb-833e-f8f28e29db0a,205.33,Punto ciego dayslate (bug 9)
a1614833-21a9-4e6f-a899-56bd5da7204f,103.9,Punto ciego dayslate (bug 9)
71b54f07-f8c9-47ce-b96f-1e5a2b7335e2,11741.73,Punto ciego dayslate (bug 9)
0fa815eb-5e12-4f49-a67a-8d345a170800,2318.8,Punto ciego dayslate (bug 9)
733a6984-487f-442f-b9e4-c046feceaaf8,677.72,Punto ciego dayslate (bug 9)
cb289abb-4b7e-43af-9528-b4fc4133fce6,685.39,Reenganche (excluido por flg_last_loan_in_chain)
4afefcf0-94cb-4a66-848b-c2521355d42a,1680.84,Punto ciego dayslate (bug 9)
21768978-2b27-4102-89bd-aa0a84c5e695,231.99,Punto ciego dayslate (bug 9)
834e381d-03d6-400d-9c75-ed91d6d02aa5,130.23,Punto ciego dayslate (bug 9)
5b91f4e5-ea1b-4fd8-90c2-ba813a0e8874,169.3,Punto ciego dayslate (bug 9)
dc79bd78-4300-481a-a9b1-8a570ed86183,963.03,Punto ciego dayslate (bug 9)
33fbe226-e48a-49dd-91f2-60913cd0c2a3,969.73,Punto ciego dayslate (bug 9)
2203077c-8d2f-42f0-bb9a-0904d071c885,861.59,Punto ciego dayslate (bug 9)
02b6aa93-5999-4d9e-894c-13dc73e88d7a,180.89,Punto ciego dayslate (bug 9)
83485e44-851d-4800-b437-aa5d233ca78b,590.23,Punto ciego dayslate (bug 9)
ba197765-9b48-4279-8754-2f2ec47b300d,5343.42,Punto ciego dayslate (bug 9)
e4e2d1b0-4e24-4c9a-bef5-0c86b47ead81,3989.88,Punto ciego dayslate (bug 9)
65105f38-ee87-493c-87df-69dddb36ddf8,3936.8,Punto ciego dayslate (bug 9)
b348e8c0-247b-4666-b9a7-989cd193564b,3399.22,Punto ciego dayslate (bug 9)
ac14c63d-41aa-42ba-a8c5-e86cd48b0a2a,4950.73,Reenganche (excluido por flg_last_loan_in_chain)
c23efa07-a240-4b53-a5f2-529282809748,1526.51,Punto ciego dayslate (bug 9)
6ddbc429-cd81-4a01-9194-d86023cc9af4,716.29,Punto ciego dayslate (bug 9)
71e4d07c-1ffc-4a5e-97ce-8505e6736697,4079.77,Punto ciego dayslate (bug 9)
631bd33e-17c4-42ec-9d87-f36a27912c6c,1172.62,Punto ciego dayslate (bug 9)
34fd152e-e87b-4787-a31d-f0ce620c0272,1226.57,Punto ciego dayslate (bug 9)
902d5a3d-443a-4935-8c76-e4dcced14dbf,1142.85,Punto ciego dayslate (bug 9)
a56576e5-0df4-4b59-9f1d-a643d0da8a10,155.92,Punto ciego dayslate (bug 9)
dca9306d-c01b-4ba0-af9e-c6ee0a82858c,1675.4,Punto ciego dayslate (bug 9)
d08d1283-df8a-4490-846f-16842a0986d5,993.04,Punto ciego dayslate (bug 9)
3541484a-d01c-4344-b6c9-0e9daa7783de,1783.55,Punto ciego dayslate (bug 9)
11994bd3-0eb2-403b-847a-9d4d113b2262,557.19,Punto ciego dayslate (bug 9)
d564e6f0-b398-46cc-8ce3-a5fa2c2e593e,832.66,Punto ciego dayslate (bug 9)
777d6d22-41e1-4bf4-8edd-154e5722cac4,2063.37,Punto ciego dayslate (bug 9)
a0b87fd1-3b79-48c9-a39e-2ec6257fe558,654.88,Punto ciego dayslate (bug 9)
3005843a-91f8-4f51-893d-c08362801cb9,1224.0,Punto ciego dayslate (bug 9)
38a3b6ec-a0c5-4876-afe6-cc5fa3d6d7d4,7911.93,Punto ciego dayslate (bug 9)
6f8d1000-a659-4afa-851b-d27937d5d435,377.06,Punto ciego dayslate (bug 9)
4e6cadf2-dbb1-4962-b83b-e8351736134c,83.28,Punto ciego dayslate (bug 9)
b1d22f4d-b640-47b1-9bc3-b04faf49588f,1471.51,Punto ciego dayslate (bug 9)
2978c9fd-f155-4b0a-8d61-0d81d0beebfc,3364.93,Punto ciego dayslate (bug 9)
948daf7c-5ad5-4e50-bcce-92f66e20860f,4659.93,Punto ciego dayslate (bug 9)
1b0c618a-a8aa-48e5-abf4-d3d0ed885351,2258.61,Punto ciego dayslate (bug 9)
c20c1e45-0eec-484f-9024-01c13201eeae,8332.26,Punto ciego dayslate (bug 9)
fa92b98b-f9e7-4c68-a456-30bf77a6356e,900.39,Punto ciego dayslate (bug 9)
21001430-1447-466b-a43e-03bd853a84bd,764.49,Punto ciego dayslate (bug 9)
ddd3d07e-d8de-4282-83af-751efeb55929,1337.89,Punto ciego dayslate (bug 9)
9095566b-0439-4bab-bbae-aac875b4609a,1666.37,Punto ciego dayslate (bug 9)
328c99cf-20e3-4f42-8df0-097c2530b9b3,251.24,Punto ciego dayslate (bug 9)
cddc4cb7-7847-44be-993c-dc41836a8691,649.26,Punto ciego dayslate (bug 9)
3e63a296-48cc-479a-8780-bbf899fe78e1,320.26,Punto ciego dayslate (bug 9)
cebec083-f576-4666-a9af-1a9cbb4bd19a,749.23,Punto ciego dayslate (bug 9)
cd1109b4-81f5-44dc-ae0c-b5a94fa17afd,1282.31,Reenganche (excluido por flg_last_loan_in_chain)
4ef0fa38-b8c3-4578-a0a9-4a078f7930cf,767.76,Punto ciego dayslate (bug 9)
cb2149d8-3eec-47c4-9e03-0cb2128eeda7,1282.84,Punto ciego dayslate (bug 9)
db2105ce-d110-402d-8877-10bd4afabbff,742.12,Punto ciego dayslate (bug 9)
fcff2f3a-1086-492b-a319-abec4b4eb9b8,675.64,Punto ciego dayslate (bug 9)
12464f0a-fd19-4d37-8e64-a9ee60bbe75f,1250.5,Reenganche (excluido por flg_last_loan_in_chain)
c34f4b60-4078-4726-8606-7d814a2b4ebd,577.69,Punto ciego dayslate (bug 9)
31312b5c-f5e6-4660-8ff0-017b95cf2d6d,688.66,Punto ciego dayslate (bug 9)
224e6a62-ffce-42d2-9c1d-60aebab1fa87,3106.73,Punto ciego dayslate (bug 9)
6a3b3b31-67d0-46d6-8a58-a32336b2aa88,1023.18,Punto ciego dayslate (bug 9)
71deac35-1aaf-4a40-a908-9995d2eb0ace,3842.77,Punto ciego dayslate (bug 9)
3bfd004a-073d-4e0d-b299-63dc60dda9b1,1092.86,Punto ciego dayslate (bug 9)
b174ecbf-05da-49dd-aae7-f4261ebb9260,3674.93,Punto ciego dayslate (bug 9)
493147c4-84ef-42ec-8ba4-251f6f733ac7,2318.8,Punto ciego dayslate (bug 9)
32445357-1b13-4eaf-9d24-a1545fae02c2,1497.31,Punto ciego dayslate (bug 9)
e05661c1-3299-442d-b021-39c5583fa992,115.44,Punto ciego dayslate (bug 9)
4d12caed-42fe-43f9-bb02-6e11e038187a,603.62,Punto ciego dayslate (bug 9)
a8def094-7244-43f9-8227-00ae7fad3f2e,4430.97,Punto ciego dayslate (bug 9)
027ee2de-bce8-4291-b0eb-6c3b7830a286,304.92,Punto ciego dayslate (bug 9)
74958b13-94e3-4407-9083-364327dcb6f0,1897.56,Punto ciego dayslate (bug 9)
0fa59652-a007-4fd9-be51-9d44b9af4fcb,3470.19,Punto ciego dayslate (bug 9)
347db230-58cf-4d02-a85d-86137835283d,423.87,Punto ciego dayslate (bug 9)
3fc30eb9-de63-4e9f-a7a7-440c29966190,169.12,Punto ciego dayslate (bug 9)
5090176a-a6cd-42d4-8ea9-d9f11fdc28cf,1417.48,Punto ciego dayslate (bug 9)
3bc4c97d-e664-4781-a6dc-c807ef42e837,282.9,Punto ciego dayslate (bug 9)
266b1a6a-6697-429f-89df-14570a7f3767,1296.07,Punto ciego dayslate (bug 9)
9cff6ebb-89e0-446d-a05f-cab0e79dfb67,1061.64,Punto ciego dayslate (bug 9)
34e6e539-b873-4f24-a890-1bdfed3e6b91,1886.68,Punto ciego dayslate (bug 9)
93241f25-3927-4971-a452-959e4bd1789d,1130.12,Punto ciego dayslate (bug 9)
715ea1b6-64c8-4581-8f3b-e8fe5b09de27,248.37,Punto ciego dayslate (bug 9)
13c2397b-3347-4689-b9c1-e2bbd5f34abc,1622.25,Punto ciego dayslate (bug 9)
3eb24242-5e66-4cf6-81e9-e7fbabc13918,1900.94,Punto ciego dayslate (bug 9)
031637d0-f307-4455-a38c-8daa499c0014,873.06,Punto ciego dayslate (bug 9)
336f0a01-5053-4924-9cab-6041c7ef3c38,385.28,Punto ciego dayslate (bug 9)
e070a97a-9ab4-4d17-b954-8ae254699cf5,388.48,Punto ciego dayslate (bug 9)
b1f724e1-82d4-4496-bae7-418a721a682e,299.72,Punto ciego dayslate (bug 9)
1fbe9842-98a6-4e65-aeec-0a8b694bfc30,1499.26,Punto ciego dayslate (bug 9)
18195a94-3988-4dbc-8512-50c8e8835df0,782.15,Punto ciego dayslate (bug 9)
e2f0c205-047e-4b8f-8d77-c25abc92f1b9,1588.32,Punto ciego dayslate (bug 9)
5a8e5e57-c011-4a24-ac80-f2b0c75c8e5d,1522.24,Punto ciego dayslate (bug 9)
19411361-c833-47f2-9888-2b8d79fe3c13,132.61,Punto ciego dayslate (bug 9)
f094bd24-751b-4266-bbf8-78956fb412af,1302.56,Punto ciego dayslate (bug 9)
95e05264-8401-454e-9d00-9b909e6bc6d0,1460.61,Punto ciego dayslate (bug 9)
36432c32-8cce-4308-8e51-c14185ae326b,1532.11,Punto ciego dayslate (bug 9)
42451b92-1bd4-42ed-8a3a-7b46a0770c0e,672.72,Punto ciego dayslate (bug 9)
9de9e2e9-2b51-4062-ad75-4be9164633bc,1567.5,Punto ciego dayslate (bug 9)
52a70590-2df0-47b8-ae7a-2ca4159bfd72,741.35,Punto ciego dayslate (bug 9)
f8a81b3e-807c-4122-a730-233581ba8528,1876.54,Punto ciego dayslate (bug 9)
72653c38-5c58-45f2-914f-0104e2aa3a01,146.89,Punto ciego dayslate (bug 9)
dbb2b6c7-11a1-4149-a15e-60f165d80f6e,200.9,Reenganche (excluido por flg_last_loan_in_chain)
46359516-3b9c-40ab-bdc8-97d1e0d901f2,1023.34,Punto ciego dayslate (bug 9)
3a98273f-e07e-44ac-b206-6e125b5155d5,1227.54,Punto ciego dayslate (bug 9)
55c6d665-4574-4069-9061-227d8b1cc172,418.72,Punto ciego dayslate (bug 9)
7968500c-1402-4565-8039-af67ad0bfa23,875.32,Punto ciego dayslate (bug 9)
f87e601f-d3c7-45ce-9736-826a37cee705,133.95,Punto ciego dayslate (bug 9)
0b515870-3624-4f73-bc88-4af8b2673f05,2025.35,Punto ciego dayslate (bug 9)
886f28c7-0a87-44ff-bada-e0558f658c36,1729.34,Punto ciego dayslate (bug 9)
2a690540-8208-4f44-816d-43506c7f6269,593.29,Punto ciego dayslate (bug 9)
546f4379-052d-470e-b449-ac92476ccd95,49.45,Punto ciego dayslate (bug 9)
85cef622-ad2c-4106-8476-09ca09292c86,273.05,Punto ciego dayslate (bug 9)
340b4f81-abb9-485c-b73b-d8c6c4413eb8,962.96,Punto ciego dayslate (bug 9)
dd03b5e8-5024-4147-a57a-d67b305c8728,489.16,Reenganche (excluido por flg_last_loan_in_chain)
ea35da64-cd01-449c-abb6-4da1771fae98,161.9,Punto ciego dayslate (bug 9)
8358aad6-578d-4f03-905f-f96685f094f5,1180.37,Punto ciego dayslate (bug 9)
aaacf1ab-9791-4089-a54e-1c45648c49eb,934.79,Punto ciego dayslate (bug 9)
4b8c9349-3520-40a3-8d60-1679ae807b1c,3738.51,Reenganche (excluido por flg_last_loan_in_chain)
6a72583b-a52b-4b69-8aa0-f2c853a94e0e,1375.85,Punto ciego dayslate (bug 9)
400d8f92-5210-40ed-8631-d909e8cd5aae,3278.43,Punto ciego dayslate (bug 9)
38d8a690-85c9-4650-a194-8f96eaa8528c,4293.25,Punto ciego dayslate (bug 9)
1c8e5b47-591e-4573-9b78-469443880ee1,4144.0,Punto ciego dayslate (bug 9)
566a38be-3f89-489f-83ea-28c554e69020,1091.79,Punto ciego dayslate (bug 9)
6de29114-ce26-4230-8fc6-7c3830416d5e,347.64,Punto ciego dayslate (bug 9)
122b470c-536a-4206-95e4-79720860be69,2796.39,Punto ciego dayslate (bug 9)
8fb38cea-a2ba-4f9b-8b4b-ccfb4852c640,1719.19,Punto ciego dayslate (bug 9)
154b72d8-ac4d-4515-a8c8-0e27b4c50464,495.98,Punto ciego dayslate (bug 9)
2b863bee-5849-4bb7-b798-83e54619f341,1068.16,Punto ciego dayslate (bug 9)
d13eda07-5efe-4ce3-818e-3cd4c3ba0d5d,653.83,Punto ciego dayslate (bug 9)
e1085b51-bd88-4178-835b-058784fc2a5c,4581.0,Punto ciego dayslate (bug 9)
ec932734-bad5-4c48-ba32-30644e67ae1e,3291.03,Punto ciego dayslate (bug 9)
316af256-80db-45c3-9f59-57cb14976464,1204.65,Punto ciego dayslate (bug 9)
414228d0-3a08-4b68-9967-7a113d0feabb,1391.94,Punto ciego dayslate (bug 9)
a59e4f2e-edc7-4dac-821d-32b767a5a6d4,245.14,Punto ciego dayslate (bug 9)
ed0d9b96-881f-4e17-9ee6-d8e96d42b640,1043.86,Reenganche (excluido por flg_last_loan_in_chain)
ec5d8359-1e6e-413a-89a2-c53ef7d97089,331.76,Punto ciego dayslate (bug 9)
106c730b-2ea8-46c2-987a-2b5435351248,912.09,Punto ciego dayslate (bug 9)
3a9d7b0e-87a9-40b7-9fc1-c861cffb4727,719.43,Punto ciego dayslate (bug 9)
eef909a7-e504-43f8-9857-d1a236a58141,594.14,Punto ciego dayslate (bug 9)
5fad32e9-259e-4a7c-92f8-4668a9b9220b,1355.3,Reenganche (excluido por flg_last_loan_in_chain)
6d6f0dc4-0805-4fa4-b8c6-921577d913fe,1109.95,Punto ciego dayslate (bug 9)
d7a4f2bb-a0b4-442e-95b9-f6a3c11d4d9b,1079.37,Punto ciego dayslate (bug 9)
8c740e60-fc4d-4d30-a9cd-68c3afd4cacd,1469.2,Punto ciego dayslate (bug 9)
98d2d391-8483-48d1-b782-ee8ab9f29479,319.21,Punto ciego dayslate (bug 9)
0ff0a4d2-3bbc-4dd1-82f0-74fecccbc565,1304.66,Punto ciego dayslate (bug 9)
2e5b9baa-c347-46af-993d-1c8409828c93,1132.13,Punto ciego dayslate (bug 9)
c14a633a-6d02-48c8-ac52-b164635783ef,962.61,Reenganche (excluido por flg_last_loan_in_chain)
777e1cfd-adf5-43f9-a25d-29f68a0b76e2,453.9,Punto ciego dayslate (bug 9)
3ca29d6c-0d81-4eec-be6a-a51a4c385169,1545.0,Punto ciego dayslate (bug 9)
b99224ed-5ab2-4e6f-91d3-cdd82de49d54,420.69,Punto ciego dayslate (bug 9)
1bb835fa-9c85-4134-a65e-7de11db73a49,5852.34,Punto ciego dayslate (bug 9)
f3f5a10f-3c64-4c5d-a30b-5d6474315573,663.69,Punto ciego dayslate (bug 9)
85b999b4-8545-4ca8-b5c9-cf07d0a049ae,16023.27,Punto ciego dayslate (bug 9)
1bb2b86f-ac34-44ab-beee-c380d5524f69,1553.24,Reenganche (excluido por flg_last_loan_in_chain)
e06afb37-ac1d-4e4a-b5f8-a9b23f4bc6c4,8040.0,Punto ciego dayslate (bug 9)
a105b976-0234-4633-9c5e-2c3ee4a541b3,162.9,Punto ciego dayslate (bug 9)
8875497d-4069-4eca-abbd-e58409368b56,686.77,Punto ciego dayslate (bug 9)
d8d9bfe8-a4b7-4a91-8c9f-b108e5471e9b,278.96,Punto ciego dayslate (bug 9)
2d95dcaa-25db-4f1a-8cfb-4d8437bbac53,310.2,Punto ciego dayslate (bug 9)
1e1962d9-1254-4f51-bb2e-93a386f0d8b9,406.18,Punto ciego dayslate (bug 9)
d18f3ac1-a812-42d1-8632-e1c36939142d,2296.51,Punto ciego dayslate (bug 9)
79d4d03f-b483-4ebe-a9a7-86a2e761e266,278.48,Punto ciego dayslate (bug 9)
a8ebdd16-e0d8-4161-b00d-191089450726,219.28,Punto ciego dayslate (bug 9)
c8dc9928-5bd0-4438-8792-d98f7fc8324f,1189.99,Punto ciego dayslate (bug 9)
dde519d6-303b-4b94-857c-98fb3f7c873e,1846.82,Punto ciego dayslate (bug 9)
58fb33b0-32d1-4139-a072-6dc934519305,1410.15,Punto ciego dayslate (bug 9)
35e4ce79-e893-48bf-a8d7-8e0384c51540,733.03,Punto ciego dayslate (bug 9)
8ad0ecaf-5b62-40ec-81db-ea7af980e3aa,733.41,Punto ciego dayslate (bug 9)
78461ade-f0a2-4659-bc30-47746a594d28,957.6,Punto ciego dayslate (bug 9)
1098b7ff-e2e7-4979-b136-b933b85cd9b7,756.75,Punto ciego dayslate (bug 9)
b31a1a5c-111b-4d1a-b09a-88a2392856ac,514.9,Punto ciego dayslate (bug 9)
0de339ad-2c7b-4419-b602-1cfa6fb638a6,462.5,Reenganche (excluido por flg_last_loan_in_chain)
8f84fd99-0678-4675-a9f7-8af1fcb0a6fd,849.35,Punto ciego dayslate (bug 9)
9719f824-ae20-4878-8dfb-3dc20c90440b,828.36,Punto ciego dayslate (bug 9)
e2ec20f0-c68f-4997-9a59-75370ba0281c,502.68,Punto ciego dayslate (bug 9)
272bceea-d4bd-4251-87fd-08cc949f3f5f,502.08,Punto ciego dayslate (bug 9)
576e0097-f10f-43fc-89c3-1de560febbe9,801.13,Punto ciego dayslate (bug 9)
ee74fe84-414f-4ef3-a069-795ed62f4945,980.28,Punto ciego dayslate (bug 9)
15f627fc-624d-4a21-9bcf-b023dc80312e,641.05,Punto ciego dayslate (bug 9)
ef7755d9-1cd0-471b-9b53-abeb9a10c616,732.82,Punto ciego dayslate (bug 9)
a9f0124f-4188-47e3-ae98-e27fab8fa072,738.67,Punto ciego dayslate (bug 9)
c9c23e93-2981-4347-95a4-f8947d26bc35,1083.34,Punto ciego dayslate (bug 9)
16673468-0b9d-4fde-9449-ab07a440813f,1425.2,Punto ciego dayslate (bug 9)
634a1498-f916-40e4-a4ff-3e51d8ed4e2c,140.97,Punto ciego dayslate (bug 9)
dde7b2df-20a2-4b01-8ec8-734d32f6a7d6,553.17,Punto ciego dayslate (bug 9)
a3f11fd0-6111-4576-a670-00546f823500,558.49,Punto ciego dayslate (bug 9)
25c10faa-0587-409f-8fbc-629e7c437e6e,665.74,Punto ciego dayslate (bug 9)
0f69b461-3b3b-4e0a-8abd-dda6f6b277fb,874.21,Punto ciego dayslate (bug 9)
98c5a8d5-6eea-4f86-91b3-3ae62d866ec4,592.52,Punto ciego dayslate (bug 9)
10c4de3c-afab-445e-a900-9ca77d532da2,3024.05,Punto ciego dayslate (bug 9)
07e77214-36ff-4f8e-8753-efe8c3bccef0,3078.58,Punto ciego dayslate (bug 9)
863d06ee-2f7a-48e7-8486-c64330e29b59,2042.0,Punto ciego dayslate (bug 9)
3dac4047-2f04-4393-a44b-7f356451abb8,1672.87,Punto ciego dayslate (bug 9)
a4d25a84-6f8f-43d4-bd4f-8613dd9fefcb,138.74,Punto ciego dayslate (bug 9)
2a6c22c8-f054-4f7c-824d-cc4d85de6754,2052.35,Punto ciego dayslate (bug 9)
149418ad-37b8-4adb-96ed-8709a954afa5,1961.71,Punto ciego dayslate (bug 9)
4fba1785-78af-44f1-a062-7930a95eb525,518.26,Punto ciego dayslate (bug 9)
98490de6-a3ac-407e-a74a-3c8759a74362,1620.28,Punto ciego dayslate (bug 9)
dc6114c6-254d-4632-8834-ab051a83e71e,1519.81,Punto ciego dayslate (bug 9)
77bc4e3f-839f-4fa8-b20b-9bf802ddd8c0,2159.8,Punto ciego dayslate (bug 9)
eb2423bb-ac7b-4cfb-a9a7-b4025023802f,658.07,Punto ciego dayslate (bug 9)
98695483-69c6-46e2-b565-3181eab769a6,1970.81,Punto ciego dayslate (bug 9)
e4a7e516-3387-4b82-841d-4b3f5479b2c0,418.43,Punto ciego dayslate (bug 9)
6096602c-4c56-4d25-8853-b3fae7e69751,2481.81,Punto ciego dayslate (bug 9)
e9e37229-6fe5-4d74-bccd-71f31f04e3e0,834.48,Punto ciego dayslate (bug 9)
ac197945-a7b2-4538-ae49-5b19bd09a59f,1686.24,Punto ciego dayslate (bug 9)
ddaea76a-ad2d-49dc-a68a-af6504567185,1003.3,Punto ciego dayslate (bug 9)
9d240742-6483-4908-bd2e-418f8eb6c52b,1934.2,Punto ciego dayslate (bug 9)
f61fd853-7baa-4140-ae8e-89af723ed4dc,1222.44,Punto ciego dayslate (bug 9)
8f5972fd-7347-4ef5-b8c8-f767dbd27e73,1916.6,Punto ciego dayslate (bug 9)
48593f40-2f8a-4f54-b677-c24bac2f32a8,1018.0,Punto ciego dayslate (bug 9)
fee05865-e3d0-40dc-97ca-828e9aea2689,911.45,Punto ciego dayslate (bug 9)
4058e3ae-391d-4e24-aa42-43bb34463fce,1094.3,Punto ciego dayslate (bug 9)
3e131c7b-0f4b-4531-94af-2835ee3a4fb6,563.17,Punto ciego dayslate (bug 9)
dbfa236c-1842-4f11-bffe-01fcf9ebc6ba,3712.87,Punto ciego dayslate (bug 9)
8cf038e8-260f-4651-9182-414eb9fcb12a,1783.83,Punto ciego dayslate (bug 9)
fad80d56-8089-4927-bb42-cff23c819893,482.3,Punto ciego dayslate (bug 9)
96e0f953-4dd0-44d3-9bd8-f9f00de4aa0d,2951.32,Punto ciego dayslate (bug 9)
c59e1682-b901-4dc1-a0d1-86c636855a34,1128.71,Punto ciego dayslate (bug 9)
d16fb9d3-bb80-4c9f-b680-18a76e64de78,991.08,Punto ciego dayslate (bug 9)
483e3da4-161f-44e4-a190-533071a89ab3,1818.24,Punto ciego dayslate (bug 9)
579293aa-3b39-4622-8062-9b617101fde7,3951.93,Punto ciego dayslate (bug 9)
31feb781-1e8d-4b7d-891f-2baea1d77e33,5375.4,Punto ciego dayslate (bug 9)
a76bdfcf-d390-4217-a461-03d84f583f52,4301.87,Punto ciego dayslate (bug 9)
b3309fb8-623d-4e13-b951-e63afff17195,3049.54,Punto ciego dayslate (bug 9)
65318ccc-9b5e-4504-8fbe-a67914bd4ed7,1024.08,Punto ciego dayslate (bug 9)
196a7264-0daf-4559-b394-12918de51fb7,528.6,Punto ciego dayslate (bug 9)
e5aed70d-73ef-4202-93dd-d0037d5b39a9,540.66,Reenganche (excluido por flg_last_loan_in_chain)
f6e17f3b-32fa-4166-89bc-f490e58abaa4,1645.76,Punto ciego dayslate (bug 9)
78b28135-b9d2-4d45-ab06-4fc0c91eb0c8,1656.08,Punto ciego dayslate (bug 9)
e322282e-d758-4714-a85c-921d4a2dc8e4,2464.27,Punto ciego dayslate (bug 9)
ae60e1e4-4d2c-4cdf-9d3e-82055a230e6b,1664.0,Punto ciego dayslate (bug 9)
ec1036f7-c075-4185-ab44-abb53c026da0,483.2,Punto ciego dayslate (bug 9)
ff82d74d-92fd-421f-b1cb-fef0b1cfacde,491.89,Punto ciego dayslate (bug 9)
8dca0371-51fd-43f5-a75e-338043264ee3,2420.59,Punto ciego dayslate (bug 9)
76fc24a9-1cc5-426f-a780-49d48d14015f,505.97,Punto ciego dayslate (bug 9)
8f432f94-5b31-48b1-811b-779a65efe8d8,6851.0,Punto ciego dayslate (bug 9)
44af716b-e484-4a93-986d-2ddec8c9d676,601.82,Punto ciego dayslate (bug 9)
9d109e8c-e5e5-45c5-a386-6b3fc46ee07d,728.67,Punto ciego dayslate (bug 9)
847400df-8150-4785-869e-d245b0e657ad,1552.44,Punto ciego dayslate (bug 9)
d0a09487-1d2b-4818-b8c6-eb2558545ab8,1510.24,Punto ciego dayslate (bug 9)
afae0782-4b02-44e9-9eb2-d77c72d4d36e,1816.99,Punto ciego dayslate (bug 9)
7ca006d7-9063-4d72-bdc3-da69596d668c,1764.52,Punto ciego dayslate (bug 9)
9f021499-42e4-4527-83cf-17fa733227c0,1398.68,Punto ciego dayslate (bug 9)
dcd37a18-3875-475d-b375-427d8f8b7090,559.68,Punto ciego dayslate (bug 9)
55de2359-dde7-44f2-97b6-6e83c274af07,1308.71,Punto ciego dayslate (bug 9)
ea1de22e-92e8-49f7-afe1-1d3486b5a7b5,272.9,Punto ciego dayslate (bug 9)
4825c782-9f58-4db2-87cb-80a7972ee94e,3861.13,Punto ciego dayslate (bug 9)
f32024e3-d782-478c-b8c1-5cb1da1ec2e5,15865.6,Punto ciego dayslate (bug 9)
d539811b-bd15-4bd5-9caf-9fdab8ad448e,1046.37,Punto ciego dayslate (bug 9)
37f38030-c025-4b98-8c1d-27bf43e5a251,1050.04,Punto ciego dayslate (bug 9)
5d3c7922-41fb-4192-b7f7-3b3aeb1734a7,1984.01,Punto ciego dayslate (bug 9)
e9d0ab37-64c6-435f-8d7c-270323d786d1,255.71,Punto ciego dayslate (bug 9)
c0b817d6-7e68-4322-ac29-21964a1f792d,813.38,Punto ciego dayslate (bug 9)
2cc2394a-5fa3-49c9-abc7-a115867a0f0e,1914.0,Punto ciego dayslate (bug 9)
83624973-0c0d-4f7a-885e-4d0df93ca14e,3078.42,Punto ciego dayslate (bug 9)
531797ff-af49-404d-9d08-f24816eaaf1c,1527.0,Punto ciego dayslate (bug 9)
e325f1e2-c1c0-4ef5-af17-576676b405f6,4793.17,Reenganche (excluido por flg_last_loan_in_chain)
97ecb2ba-ed96-414e-a490-f6f5b3d93784,1440.97,Punto ciego dayslate (bug 9)
81147df4-2f58-49c7-ae5c-b3af4d5967a1,2254.48,Punto ciego dayslate (bug 9)
df5287c9-3688-4e7a-bf45-b51452cdd305,3299.26,Punto ciego dayslate (bug 9)
68ac716c-b291-4f2d-a291-2cd97f495686,712.27,Punto ciego dayslate (bug 9)
2f6f53aa-2a23-4fc7-8224-155e391f6c11,3095.01,Punto ciego dayslate (bug 9)
f40d9469-4bb3-41ea-8857-9eb293323a17,890.79,Punto ciego dayslate (bug 9)
251a659c-9f3c-4e6f-b622-91e7b6d8f5e7,1554.0,Punto ciego dayslate (bug 9)
ad279149-47de-4c1c-ae06-e40f6f9f4fcc,458.68,Punto ciego dayslate (bug 9)
fb7d635a-c20c-4806-a0f0-8e94fa019086,1151.86,Punto ciego dayslate (bug 9)
496daf95-cc70-43d4-a314-e0ec89c5b08d,590.67,Punto ciego dayslate (bug 9)
81e547d4-5783-4bca-9463-353207d4987d,301.37,Punto ciego dayslate (bug 9)
add6ded4-80aa-4694-9418-c808249f838a,1600.75,Punto ciego dayslate (bug 9)
fc17badd-0f18-4d05-b207-c51635b58df8,762.68,Punto ciego dayslate (bug 9)
35ab8e40-c9d7-4336-8c53-e8c019612016,1542.93,Punto ciego dayslate (bug 9)
d2a12d96-25c2-4c3f-af12-930a218a394f,629.7,Punto ciego dayslate (bug 9)
fc596654-5c23-421d-84bd-c82f73514e3e,638.73,Punto ciego dayslate (bug 9)
af7403bd-3a6b-4778-be5d-6ae3ab2c5ba0,1254.41,Punto ciego dayslate (bug 9)
03ee8e5c-97fc-4478-88f5-b43701cb8e23,1571.92,Punto ciego dayslate (bug 9)
45b81bac-675d-49a1-b5db-3cc607640785,1056.32,Punto ciego dayslate (bug 9)
e54cc0c4-c2f3-4848-8c95-50f66a52b501,1008.58,Punto ciego dayslate (bug 9)
95ee5152-772c-417d-9f2a-ae76e84fa12c,351.8,Punto ciego dayslate (bug 9)
c5861d8f-ce2a-49f1-91a9-617a09f86339,2940.65,Punto ciego dayslate (bug 9)
1f169045-61ef-43ba-b23a-8988edd480b1,523.45,Punto ciego dayslate (bug 9)
87f58299-6c20-441b-a9d9-1cc8c76c64df,1229.21,Punto ciego dayslate (bug 9)
9484c81f-ab15-4bf2-a1ab-1791c144acd4,1553.73,Punto ciego dayslate (bug 9)
d836b7d0-d310-478a-b62d-08d41757483a,799.71,Punto ciego dayslate (bug 9)
a769377b-e6be-417a-96cb-9901a5536784,69.53,Punto ciego dayslate (bug 9)
78e162a8-0bf8-4d60-9962-77bac83c3d11,7627.46,Punto ciego dayslate (bug 9)
f899415c-7d33-4b56-84f2-a60e111161d1,993.85,Punto ciego dayslate (bug 9)
a83ca09f-cd74-4132-a05d-638547121a93,470.23,Reenganche (excluido por flg_last_loan_in_chain)
cd97b40c-2e40-4e49-afb6-75a109920559,1632.66,Punto ciego dayslate (bug 9)
3624e0cb-7f3e-4284-ad75-f69c545a4e80,893.48,Punto ciego dayslate (bug 9)
87ce5bf2-3590-4297-874c-039b171041a1,789.78,Punto ciego dayslate (bug 9)
c3fea84e-270c-4131-9ed3-8ee288c3cb75,192.01,Punto ciego dayslate (bug 9)
aee870cd-1d3d-4f0f-9bac-8d459c95c5ff,987.81,Punto ciego dayslate (bug 9)
a10e0fe4-173c-4149-9630-a2b0bfbae723,5088.98,Punto ciego dayslate (bug 9)
4c396518-5503-4e97-83a1-1801d461f741,1322.07,Punto ciego dayslate (bug 9)
5d460d31-a623-41b5-8cc7-968a23f968c9,1148.24,Punto ciego dayslate (bug 9)
ba22b34b-b28c-45ba-80d8-ca4dd63d98ad,1145.52,Punto ciego dayslate (bug 9)
f7859adf-b919-4780-8314-b407c83fa3d0,2910.28,Punto ciego dayslate (bug 9)
5250a10a-aa1d-44f0-90ff-6ed565c725c0,1781.02,Punto ciego dayslate (bug 9)
fba7028f-d0ec-42ae-9a70-57a27e26ed34,5179.63,Punto ciego dayslate (bug 9)
716953c4-70fe-48e3-80df-c7e3502175b8,355.57,Punto ciego dayslate (bug 9)
57a788b2-4488-4cc2-a528-de042eafece2,2647.63,Punto ciego dayslate (bug 9)
c8aca3f4-b373-4020-9a16-f9377c74378f,690.46,Punto ciego dayslate (bug 9)
afddb332-f15f-4132-b7e7-46e41bf918a6,856.82,Punto ciego dayslate (bug 9)
05779a7c-17b6-4158-80bc-7cfa34d15417,292.27,Punto ciego dayslate (bug 9)
6a2a5a4b-982e-44b0-9cb1-b38cd15560df,378.87,Reenganche (excluido por flg_last_loan_in_chain)
fe67295d-8fcb-4e6e-b7a4-e4a7bd5989f3,1155.42,Punto ciego dayslate (bug 9)
58475881-356d-4e24-a8e7-73490b94450f,1442.51,Punto ciego dayslate (bug 9)
adc3836d-2507-4cc2-ad02-3fcd80b63df5,1609.75,Punto ciego dayslate (bug 9)
50658569-1693-4b8a-8398-6673e0730e40,2485.86,Punto ciego dayslate (bug 9)
33e8f5e9-6039-41ac-bcfc-e3a269899597,756.66,Punto ciego dayslate (bug 9)
90b8fcd3-332f-412c-b971-579ab58e6def,1171.31,Punto ciego dayslate (bug 9)
0de91dc3-0760-4a8e-86cf-d42e799c2463,3424.65,Punto ciego dayslate (bug 9)
69c5180c-972c-45d5-acd7-9fe5ce44af80,14740.41,Punto ciego dayslate (bug 9)
bb9b6dac-4075-4d2a-b684-8825051b7bde,1926.49,Punto ciego dayslate (bug 9)
5e451f7f-855d-416f-8a8a-34d1a80464a9,1542.69,Punto ciego dayslate (bug 9)
2ba9c15c-cbc4-4ad3-ba5f-f21716361788,2900.8,Punto ciego dayslate (bug 9)
429e62db-7b47-452e-9b18-2ec3e0eebf59,12207.91,Punto ciego dayslate (bug 9)
03ec10ea-8bd8-4518-85a4-a94edca63587,369.8,Punto ciego dayslate (bug 9)
6efec473-59a1-49f3-b34c-d599f217d381,942.54,Punto ciego dayslate (bug 9)
cf1b0e07-c983-45d2-9604-6b4969e9ab07,480.83,Punto ciego dayslate (bug 9)
c3d102c2-ed7a-482f-9820-5cf0bdb2975e,301.88,Punto ciego dayslate (bug 9)
126bdb63-4ef9-4ed3-8bcf-e4d6f4f0a9d1,180.44,Punto ciego dayslate (bug 9)
de293357-66d2-4364-9569-5e6838880ee4,6799.35,Punto ciego dayslate (bug 9)
d9e08549-7440-4ffd-af78-f0cc32f66a55,3358.13,Punto ciego dayslate (bug 9)
d26fbdcc-059b-4fe4-9b88-14e4deffa8fe,573.59,Punto ciego dayslate (bug 9)
ec954381-5c30-415a-b71e-b17655c72138,5437.95,Punto ciego dayslate (bug 9)
797e99f3-fb72-48bf-b064-c41564f49a2f,1543.97,Punto ciego dayslate (bug 9)
23fa9c9a-5c88-419a-babc-f20e288b6d3d,331.26,Punto ciego dayslate (bug 9)
dc85e08f-efc9-4e25-82f6-669f55e6d4cf,464.99,Punto ciego dayslate (bug 9)
45d5debf-1192-4bb5-b081-4afc7709f5ce,3771.37,Punto ciego dayslate (bug 9)
8a5edc52-c1ee-4495-b9ae-a40520060a48,823.79,Punto ciego dayslate (bug 9)
c2d5e478-1b33-4da4-8f3d-e7eb20e93ff3,406.18,Punto ciego dayslate (bug 9)
d51d979e-ad7b-4896-b7e3-80743e44c757,3287.35,Punto ciego dayslate (bug 9)
91e463c1-3060-4e9f-8e16-adae84586352,210.89,Punto ciego dayslate (bug 9)
87dda8c4-d94a-4a2e-a87f-c890a0774286,1492.15,Punto ciego dayslate (bug 9)
c7f38d25-b410-44c9-916e-2145e1611551,984.43,Punto ciego dayslate (bug 9)
7fbd8377-3014-4eb4-9162-c69b609fc48d,526.34,Punto ciego dayslate (bug 9)
06c22e24-16b4-4255-a40a-5dcf0e17ef49,799.81,Punto ciego dayslate (bug 9)
2dbd4f0d-e3da-4c9b-82ec-6179c4fe8c85,480.07,Punto ciego dayslate (bug 9)
99e5c5d4-6bf6-4734-8a84-baf3b04afb86,1136.87,Punto ciego dayslate (bug 9)
5235ce1b-eb47-4946-aa9a-f1bf58e4500d,184.24,Punto ciego dayslate (bug 9)
4e95747b-4688-47c5-8b1a-abde90d5ba91,558.88,Punto ciego dayslate (bug 9)
a52db661-3ff3-4f56-8941-1aef57d99b22,122.9,Punto ciego dayslate (bug 9)
7b3aa963-a42a-4aab-a0a8-056fa9759cb4,383.61,Punto ciego dayslate (bug 9)
bd7963ba-5d83-4699-bed3-9f3335805307,220.89,Punto ciego dayslate (bug 9)
fb5d148e-6f48-439c-91b5-84d67cb0a1e5,276.83,Punto ciego dayslate (bug 9)
ecf45386-0d2a-4c9b-9245-1dd9674d04d7,2090.0,Punto ciego dayslate (bug 9)
36e39f38-ad51-447f-9acf-5464cf91e939,2232.01,Punto ciego dayslate (bug 9)
f475edf3-4482-43ea-b693-273bb29a8c01,461.85,Punto ciego dayslate (bug 9)
cae60b73-4fc9-4233-b5d2-4f8488ec9960,1268.7,Punto ciego dayslate (bug 9)
8b131b9b-3b31-4715-b5f4-265ab2f86f84,3336.88,Punto ciego dayslate (bug 9)
81107f93-3abb-4b29-9d4a-d5890af69ca0,5133.58,Punto ciego dayslate (bug 9)
aee8f44a-898a-489c-a870-d4aa3bafed4b,1241.45,Punto ciego dayslate (bug 9)
79f68157-68f8-4323-99f0-6cdb2d287f4e,2416.29,Punto ciego dayslate (bug 9)
2c04dd91-3750-47e5-a10c-2c2ea65d1218,533.32,Punto ciego dayslate (bug 9)
459b39dd-9bf3-4b0c-926d-f072325615c1,2243.26,Punto ciego dayslate (bug 9)
de1a936d-9caa-4a9e-8afe-0c739223df01,2245.11,Punto ciego dayslate (bug 9)
db4a28e6-5bc8-4098-b6b3-45b00f9cd20d,3038.12,Punto ciego dayslate (bug 9)
40f3ec42-8e04-464e-a986-dc95a5c4c7b1,702.07,Punto ciego dayslate (bug 9)
7d6b6921-2e6d-48c2-b8a1-0dce2247097b,212.8,Punto ciego dayslate (bug 9)
3ebf6320-e3d2-4032-bdf6-9bca3d748e0f,1551.82,Punto ciego dayslate (bug 9)
22c3af2e-05c1-4f43-a5e1-a04e0533d8b6,661.84,Punto ciego dayslate (bug 9)
7a2832e3-1ba0-49a4-8733-da3702ecb319,2382.8,Punto ciego dayslate (bug 9)
4a98cfd9-a3d9-4c48-ad94-0f1b34cf44ba,302.71,Punto ciego dayslate (bug 9)
90edb6ed-62b0-4e18-a178-264111458181,695.81,Punto ciego dayslate (bug 9)
dfeaacdd-3be6-4819-b5e8-a76c2f7ed8f6,806.19,Reenganche (excluido por flg_last_loan_in_chain)
4e423f3d-18f7-48b1-b61d-a6f4767d160e,986.3,Punto ciego dayslate (bug 9)
16bc3ef1-888a-484b-b257-c7ec5b37c8f0,10315.75,Reenganche (excluido por flg_last_loan_in_chain)
f694af67-f4e8-4770-af2e-3c5c1e589378,517.0,Punto ciego dayslate (bug 9)
e27dec72-bdd7-4318-b8aa-3dd21bbb9a41,140.57,Punto ciego dayslate (bug 9)
37b6ab9d-889c-4582-bbba-37fca11d7d5d,1100.56,Punto ciego dayslate (bug 9)
46d99868-a273-4dd7-a69a-9c6efcec6711,175.98,Punto ciego dayslate (bug 9)
4d9db3b3-d4a4-4860-bd71-c38844edb3c3,493.79,Punto ciego dayslate (bug 9)
7c389fa4-d54e-452f-81e3-568fbd4b29ea,738.86,Punto ciego dayslate (bug 9)
b2e3da8d-faa3-450b-a89d-ab2689c84053,1153.8,Punto ciego dayslate (bug 9)
b588cd5d-f416-4e31-bcfe-cbc6dc13c39e,1217.4,Punto ciego dayslate (bug 9)
383ae16d-47ee-448b-b6dd-6202c91b0a19,185.64,Punto ciego dayslate (bug 9)
c2dfab72-8204-4ab3-8f3e-31e3c38ea15c,107.58,Punto ciego dayslate (bug 9)
65aea1b6-ad15-42b5-b00e-f901973df7df,4049.6,Punto ciego dayslate (bug 9)
22a58f2a-3f7b-4db3-a47a-92976e3fd47b,1423.16,Punto ciego dayslate (bug 9)
50975af6-8747-44ff-92e3-01a6a9096dc6,897.13,Punto ciego dayslate (bug 9)
6101cd3f-f296-4550-a632-b3669175d0c3,719.2,Punto ciego dayslate (bug 9)
b43f7dd6-fa1a-43c3-a431-14125c535f40,3123.79,Punto ciego dayslate (bug 9)
08e3b5ee-566c-45b2-943c-182f32cca6c0,95.36,Punto ciego dayslate (bug 9)
a864115e-8197-4970-a011-61637df00708,238.53,Punto ciego dayslate (bug 9)
a3243abe-d00f-494f-a58a-1cb5116a85d7,648.75,Punto ciego dayslate (bug 9)
f855fbc5-d5d8-4f28-b47c-b3fcdd0d20a6,321.68,Punto ciego dayslate (bug 9)
a5aa61a2-b032-45e6-8bbf-5d64fee65023,2630.49,Punto ciego dayslate (bug 9)
26fd72bb-c903-4124-beea-7ec59657ff76,196.11,Reenganche (excluido por flg_last_loan_in_chain)
e9d152be-8cf1-4ff4-af88-97a309a9f4c6,538.04,Punto ciego dayslate (bug 9)
e17298f8-8feb-440e-9cc1-d7ed9c92547a,1353.42,Punto ciego dayslate (bug 9)
18a0cba7-b89d-4346-8cb2-70b984a4c2ca,6614.98,Punto ciego dayslate (bug 9)
b96159ac-6041-4ecf-bf30-8071a037c8a7,449.19,Punto ciego dayslate (bug 9)
a96698ed-9548-47f2-8c28-35f68230af1b,936.06,Punto ciego dayslate (bug 9)
44cedf5e-50f6-4ef9-90ff-74916df544d7,1532.09,Punto ciego dayslate (bug 9)
f803f553-ee5a-4e46-b078-becde04348cf,276.41,Punto ciego dayslate (bug 9)
64eeae2a-aacd-4eb1-8fa8-6e3c0ae71ddf,6222.34,Punto ciego dayslate (bug 9)
f1a74aea-177d-4d0d-bb14-7c89be029aca,2279.2,Punto ciego dayslate (bug 9)
2bc824f6-2b47-4bb4-bc28-c436ee679272,328.55,Punto ciego dayslate (bug 9)
2a9f191b-750c-4e79-96c8-19635ca8c5a6,251.9,Punto ciego dayslate (bug 9)
76ddccf2-c053-43a4-b727-e333397b2f89,806.19,Punto ciego dayslate (bug 9)
59077374-78fa-4e27-b1b0-f04d0258e724,879.24,Punto ciego dayslate (bug 9)
2edeed8c-c442-4404-a7fb-07cd4bd61829,195.01,Punto ciego dayslate (bug 9)
5a6ff9c0-4499-4b1d-bc31-e827f6e444e4,780.11,Punto ciego dayslate (bug 9)
33017052-6ebd-4afa-9b64-0a4977ed657c,175.01,Punto ciego dayslate (bug 9)
4b905838-cd8d-4f3e-9499-a8400ae58860,225.55,Punto ciego dayslate (bug 9)
ab07dc9e-1583-4b38-9c65-7ffd9cea2ca0,652.73,Punto ciego dayslate (bug 9)
4f8835bc-03b5-4a36-8bd3-b9d2923f5599,654.25,Reenganche (excluido por flg_last_loan_in_chain)
3d7c2fa9-febc-4925-bc5e-477d93438b9d,1265.55,Punto ciego dayslate (bug 9)
e045bc17-ab4a-43af-9a14-7260dc7214d0,1590.82,Punto ciego dayslate (bug 9)
f56cfecf-706a-4b4e-8f9e-91ac99f94856,2072.0,Punto ciego dayslate (bug 9)
57edff64-b572-4755-93f2-2a368ec35551,318.92,Punto ciego dayslate (bug 9)
15381aee-0e69-4a04-b13a-5dfc9253516c,1087.79,Reenganche (excluido por flg_last_loan_in_chain)
befd59f1-2940-44e9-a0ab-ec6a4abe1a1c,570.47,Reenganche (excluido por flg_last_loan_in_chain)
08c12e9a-f0ae-449f-a575-7c876bfbaace,1221.6,Punto ciego dayslate (bug 9)
1317d71d-836e-4d6e-96c8-cdd4d228b2d9,678.43,Punto ciego dayslate (bug 9)
bd118f2b-ee2a-4f9a-9044-5c8caf267708,66.66,Punto ciego dayslate (bug 9)
020dd63c-f1d9-42ae-b7c7-e9de2c5ba737,1324.23,Punto ciego dayslate (bug 9)
213d8a19-e6c0-4e73-91d8-c7c6fed55ab8,2090.0,Punto ciego dayslate (bug 9)
f3aad27f-ed29-4c9b-ab27-23f7e993f75c,1421.99,Punto ciego dayslate (bug 9)
9f528a17-c520-4fd0-8ed9-ac9bad60c2aa,1775.77,Punto ciego dayslate (bug 9)
5052c554-dd20-4628-a85c-dc2e9a24812b,1632.01,Punto ciego dayslate (bug 9)
3790d8c4-cf76-4bb5-a41b-d6ad50ea0ae7,1486.56,Punto ciego dayslate (bug 9)
4c921d78-6a41-442d-bdbd-26c97ae3d465,302.9,Punto ciego dayslate (bug 9)
1039a24a-1dac-4e16-8e4b-e1527ab7c4c6,1018.0,Punto ciego dayslate (bug 9)
c66a084c-dd1b-4ed2-9d36-bb967838cc6c,227.95,Punto ciego dayslate (bug 9)
d1e89677-6fa7-4873-8b77-b1df9709ba8e,4164.66,Punto ciego dayslate (bug 9)
3568774b-fa85-4427-97d6-87191aeebdcb,1150.24,Punto ciego dayslate (bug 9)
c752aaff-4cbe-4b99-84c7-6fe124102087,915.18,Punto ciego dayslate (bug 9)
45117189-b9b6-44c3-8bf5-04b0f0ae6de4,1989.25,Punto ciego dayslate (bug 9)
d63e493f-ccf2-4565-bd94-37edbfdb5a9a,1429.64,Punto ciego dayslate (bug 9)
33ca464e-07c4-4a7e-b68f-f912d8008eda,140.04,Punto ciego dayslate (bug 9)
8690d7c4-8d0f-4074-b084-da68ea21de1f,1941.97,Punto ciego dayslate (bug 9)
11035794-8977-441b-9657-f5e12f1ca7f0,945.38,Punto ciego dayslate (bug 9)
14c0b00c-c64e-42fc-925e-2915b560ffda,1746.76,Punto ciego dayslate (bug 9)
7a1a798e-60e3-4484-9b69-dd1353e700f1,5057.14,Punto ciego dayslate (bug 9)
a378a9f9-409b-43e3-9e7c-a6ce6d1ef31d,1042.23,Reenganche (excluido por flg_last_loan_in_chain)
124b059d-4d6c-498d-8325-00b4c8777240,4608.82,Punto ciego dayslate (bug 9)
ce30167a-eb7b-40fa-b606-2cf44b14d9c7,1395.24,Punto ciego dayslate (bug 9)
de2edfcf-bce0-4bfe-9386-e8257eb3e0ee,374.01,Punto ciego dayslate (bug 9)
b10ffed7-180c-4f71-af3c-01d4accd0f5d,1628.74,Punto ciego dayslate (bug 9)
5223f09a-9f5f-48b3-afc4-cecb394c3aa7,1503.28,Punto ciego dayslate (bug 9)
e46c12cd-b878-41b0-85f6-c0e6c3aa53fd,597.08,Punto ciego dayslate (bug 9)
9161525b-8ff4-4077-9356-7b3761e8f223,907.09,Punto ciego dayslate (bug 9)
5ba69132-192c-439c-823f-fd6f239334a2,462.9,Punto ciego dayslate (bug 9)
e505b81b-532d-48ee-a90a-2ded18b60dd3,370.6,Punto ciego dayslate (bug 9)
75404e1a-25b2-491f-a191-c360c44a43c8,412.5,Punto ciego dayslate (bug 9)
3e5c383a-a415-4813-b25f-3e4d105d807c,984.77,Punto ciego dayslate (bug 9)
79a0f588-a3be-4a8d-9875-23d695241c0c,702.97,Punto ciego dayslate (bug 9)
143476fe-00c6-4b8d-9003-ab59b837fcce,67.75,Punto ciego dayslate (bug 9)
895ba16a-6790-4204-a6cb-f8d37b8ce755,711.07,Punto ciego dayslate (bug 9)
d104c86f-9167-4657-9760-e6412b3c0f9b,935.02,Punto ciego dayslate (bug 9)
38131543-6553-4f7f-b64c-1ea235da816b,1506.11,Punto ciego dayslate (bug 9)
4d28183a-99ec-44b0-b394-67943d30d7be,626.64,Punto ciego dayslate (bug 9)
57303c5b-eb30-4ad3-8363-df310211d67f,4903.73,Punto ciego dayslate (bug 9)
4601c08d-b99b-470f-8509-dd8a07630b89,3785.92,Punto ciego dayslate (bug 9)
4b7042b2-91cb-408c-966b-8b0a59f260fa,735.08,Punto ciego dayslate (bug 9)
18d6a8c5-ad2e-4ed4-bcd2-ca49215a952e,1698.96,Punto ciego dayslate (bug 9)
4f4d0143-97df-4454-929e-d5a99933e035,2375.07,Punto ciego dayslate (bug 9)
4139f08d-e22f-45fd-a342-fdd92be385be,1412.98,Punto ciego dayslate (bug 9)
274b08a4-a905-42cc-98f3-eba0d10b53af,5399.74,Punto ciego dayslate (bug 9)
0497b64c-b35a-476e-9f64-04d87074df0a,5635.05,Punto ciego dayslate (bug 9)
bb748eb2-c768-44b1-982c-c14ef98e5aba,190.2,Punto ciego dayslate (bug 9)
e4b32e30-95e8-4277-88a8-4cdd7c259b5a,2280.01,Punto ciego dayslate (bug 9)
1364af97-d21b-45cb-8fb3-ca1d31303e23,527.33,Punto ciego dayslate (bug 9)
f390a23b-8c1e-4726-bfc2-5623f1a889e0,296.9,Punto ciego dayslate (bug 9)
6cd7c305-91ef-4b89-a64a-33f6fff39492,152.9,Punto ciego dayslate (bug 9)
9db8995f-f1de-4bcf-a23b-0f6c360cbbb5,1420.17,Punto ciego dayslate (bug 9)
11a1e7e4-e34b-441e-a2b8-bcee310136de,1058.64,Punto ciego dayslate (bug 9)
03ee16e5-5072-4e6e-9809-e21f10ada84b,1480.2,Punto ciego dayslate (bug 9)
1f49097f-3bb7-4886-8a22-7ca10a5f5704,1379.95,Punto ciego dayslate (bug 9)
fbb9b6b2-16ff-4761-b84a-10e8d21d7d2b,452.9,Punto ciego dayslate (bug 9)
4111e386-bb49-4356-ba67-41a51aeb9856,2874.83,Punto ciego dayslate (bug 9)
e1ecf93d-6708-4ebf-86ed-c17bff482dd8,911.0,Punto ciego dayslate (bug 9)
ce29fd4a-b8bf-418d-af7b-caf60d6095b7,1475.6,Punto ciego dayslate (bug 9)
c25acf2e-6865-4395-b892-22cc67c580d3,1407.78,Reenganche (excluido por flg_last_loan_in_chain)
3b10e9ae-c0db-4de8-9195-8ad805e0514a,360.9,Punto ciego dayslate (bug 9)
4370be49-c4fb-4a77-92be-6bad35ce60c0,534.32,Punto ciego dayslate (bug 9)
dc69f32d-6b3d-4188-87ec-bba60f4ead75,7749.55,Punto ciego dayslate (bug 9)
05e26680-724a-4b39-8444-6056fcd148d9,401.46,Punto ciego dayslate (bug 9)
f13ed973-c170-44da-8d85-63954c6521e2,1232.48,Punto ciego dayslate (bug 9)
8a8b6c67-5d18-41ae-ad5d-b2718a749b4d,1545.0,Punto ciego dayslate (bug 9)
9062bd73-feb4-4493-8912-b306b5b75d17,685.43,Punto ciego dayslate (bug 9)
b701da23-0846-4e7f-aedf-0a85ed05d543,1792.46,Punto ciego dayslate (bug 9)
01ffc424-74a1-46e3-b3c6-ac3d68a0082e,970.26,Punto ciego dayslate (bug 9)
e6286026-e550-42dd-9169-88a85ca28bb1,1026.42,Punto ciego dayslate (bug 9)
66cb6d09-485e-42df-9978-8929714bd6cb,998.45,Punto ciego dayslate (bug 9)
2cbc8721-92b3-4456-928d-7be6035bff38,927.0,Punto ciego dayslate (bug 9)
8b3c4b83-6950-4f1f-8e8c-9e3a633f9130,1417.5,Punto ciego dayslate (bug 9)
eb7c276e-1dfe-4fe6-bf97-d2f6677233ee,325.05,Punto ciego dayslate (bug 9)
a06b1649-314a-4c5b-a1ac-529c790bb8c6,509.55,Punto ciego dayslate (bug 9)
aa2b6b1e-e8f3-43c5-970e-025bbd8e57e7,969.48,Punto ciego dayslate (bug 9)
c2cc0646-7b5d-4edf-b2bc-876b5bf7e09a,613.75,Punto ciego dayslate (bug 9)
47659e41-7f44-477e-8d33-31b34dd16a1b,973.86,Reenganche (excluido por flg_last_loan_in_chain)
467fa056-7c80-4cd3-826d-98c7b1a83d76,828.14,Punto ciego dayslate (bug 9)
0dd1f1d3-3a70-4a95-86fc-ba1060889581,925.95,Punto ciego dayslate (bug 9)
72de63c2-e719-42fd-bd2a-c840af833666,625.02,Punto ciego dayslate (bug 9)
5a47d0a5-3cc3-493d-9da3-6d9536f5811a,1009.0,Punto ciego dayslate (bug 9)
98a836e3-e337-431d-a79f-48bc7ace0fb7,293.78,Punto ciego dayslate (bug 9)
299ce652-7677-4d86-96ab-ee1e0fef4e07,997.65,Reenganche (excluido por flg_last_loan_in_chain)
906c0623-79c4-4d66-b4e0-dca951c6881e,5258.09,Punto ciego dayslate (bug 9)
3a1864e9-9ef4-4092-bfa6-d21894a84878,3180.0,Punto ciego dayslate (bug 9)
1ebea0eb-795d-49aa-8170-e720ce0c6468,247.82,Punto ciego dayslate (bug 9)
2e86f400-a1a9-45ba-86a2-a4cda90cab09,702.04,Punto ciego dayslate (bug 9)
ffbbaaa8-af1c-4cb1-a583-ad87720dbf7a,2542.96,Reenganche (excluido por flg_last_loan_in_chain)
e0e2e45c-e689-4a19-a258-872a1f971347,500.3,Punto ciego dayslate (bug 9)
93c0a50b-19b2-4110-a78b-565d3cbbe480,348.59,Punto ciego dayslate (bug 9)
d20662a3-3b55-4f24-a66a-bb1300a3ac72,1752.81,Punto ciego dayslate (bug 9)
329f3d5b-218e-4e35-b347-89257a453795,184.9,Punto ciego dayslate (bug 9)
5919ecef-62b8-4a96-a55c-23c59c6c3534,452.8,Punto ciego dayslate (bug 9)
f169a53e-10db-4438-8f6f-ee8057f5bccb,322.29,Punto ciego dayslate (bug 9)
cf7873c3-5fc7-4b9b-adee-8060b6cf5c30,1015.09,Punto ciego dayslate (bug 9)
d4c97c4e-1ef1-4a6d-b12a-6040c2508885,3369.84,Punto ciego dayslate (bug 9)
b4b9e1d7-d153-4337-8631-ad64af937ffa,1241.91,Punto ciego dayslate (bug 9)
22422b10-8973-4aa7-a70a-edcf3f4856e6,127.1,Punto ciego dayslate (bug 9)
54401f72-d84a-4d47-b0f0-fcb976a6f5a0,757.07,Punto ciego dayslate (bug 9)
c5343299-28ca-48eb-b663-d5a23475f7dd,194.11,Punto ciego dayslate (bug 9)
9328f4f5-9f42-4f53-a39a-9d54664daae2,2318.8,Punto ciego dayslate (bug 9)
5652e4d8-a8a4-47d4-a873-3943ef563f18,2443.2,Punto ciego dayslate (bug 9)
e3d0c8bc-3aea-4f17-9047-4fd202369a39,1525.41,Punto ciego dayslate (bug 9)
030eeb1b-1526-4c85-8668-8896a517715d,994.05,Punto ciego dayslate (bug 9)
e2fcf494-792c-4038-82ae-edfb1a2c221f,653.24,Punto ciego dayslate (bug 9)
f0a0cc87-ec7b-4457-9b09-6babc3e59ee6,2433.56,Punto ciego dayslate (bug 9)
a6d560e0-6e09-4c10-a419-71ce73150f13,365.66,Punto ciego dayslate (bug 9)
495e0533-85aa-43e2-aad3-205d2d28a7de,8873.7,Punto ciego dayslate (bug 9)
df181c82-8f7b-452b-97d4-218772a91298,1658.03,Punto ciego dayslate (bug 9)
84374df4-4a2d-48f5-8cfd-5ac148a9e2d4,467.69,Punto ciego dayslate (bug 9)
2bd7d03d-646e-4f4a-b5cc-56ff49e4653e,313.54,Punto ciego dayslate (bug 9)
4decf85f-4e97-41b1-9301-22932b9c1e46,1832.4,Punto ciego dayslate (bug 9)
8be7b0d9-a3c8-4cf2-8fe1-303ab2c4171d,311.9,Punto ciego dayslate (bug 9)
473664e5-a6ab-4cd1-87c4-f074fd9935ab,431.51,Punto ciego dayslate (bug 9)
ca615c4e-ca3f-4411-9314-28131b980a95,1848.6,Punto ciego dayslate (bug 9)
1d09797d-7f6e-419e-985c-52a118cf80a7,1423.68,Punto ciego dayslate (bug 9)
1b532e6c-30cb-40b9-a7b4-dab5bac8e205,1131.97,Punto ciego dayslate (bug 9)
f2bd77c9-bfd2-483a-93b5-82c6efc1bd55,1474.15,Punto ciego dayslate (bug 9)
f9f269aa-9159-4059-be4f-63732008ed17,3833.2,Punto ciego dayslate (bug 9)
32ff688f-3233-47c8-bac2-236869290d86,1191.1,Punto ciego dayslate (bug 9)
97de79de-9419-43e5-bcac-5916cdfb243e,262.0,Punto ciego dayslate (bug 9)
a25cf728-abf3-4240-b834-d5af0fed505f,1318.77,Punto ciego dayslate (bug 9)
cb2ea011-8e5d-4c60-abe0-8a313da1fbe3,2682.9,Punto ciego dayslate (bug 9)
2bfe9f44-81c8-4df6-b4b0-be648cc2dda1,518.64,Punto ciego dayslate (bug 9)
97a98a91-9af9-4eea-8bb1-1a06d740f41a,747.18,Punto ciego dayslate (bug 9)
b7b4d5e2-2705-4731-940f-725e4289088e,925.55,Punto ciego dayslate (bug 9)
d68931b4-fdb6-475f-88aa-0911484edd0c,1242.16,Reenganche (excluido por flg_last_loan_in_chain)
2e210405-0ac6-4a80-9b2b-c47284bcc0d3,496.85,Punto ciego dayslate (bug 9)
02c5b5f7-d6a7-4c21-862b-173033063ca3,2288.98,Punto ciego dayslate (bug 9)
1fc5178b-bbf4-4422-9025-0cdd86396542,809.5,Punto ciego dayslate (bug 9)
f128df00-eea0-4401-abb9-15d6926c262f,365.1,Punto ciego dayslate (bug 9)
c6c7955d-8ffd-4881-961f-b51789eed8ac,1952.52,Punto ciego dayslate (bug 9)
5da381cf-2326-4ea1-88c9-e83338b19f14,2511.74,Punto ciego dayslate (bug 9)
1e02bc5f-cf83-478b-8ff5-46bc36cb0bc9,841.6,Punto ciego dayslate (bug 9)
94e78b2c-4d39-481e-b01c-26f1fed645fe,537.47,Punto ciego dayslate (bug 9)
50dabef6-d8f2-4d33-8774-2f3c0e0a8202,776.97,Punto ciego dayslate (bug 9)
92db8e6d-9fd3-4f96-b013-7891262f2e40,1119.52,Punto ciego dayslate (bug 9)
e135ff2c-cc75-4816-af4c-e16973b048b8,351.9,Punto ciego dayslate (bug 9)
79575d1a-9627-4ddd-abff-60f6c2c38842,507.71,Punto ciego dayslate (bug 9)
a9a000e4-12dd-4a11-95d2-399537ad538f,172.9,Punto ciego dayslate (bug 9)
a79e44d6-f710-4afa-a493-693ded2af14e,785.57,Punto ciego dayslate (bug 9)
a6c71f2c-4429-4fee-a1af-506cac545e41,1529.19,Punto ciego dayslate (bug 9)
ddb7a7dd-78a6-4589-aca2-0fe643838224,2139.75,Punto ciego dayslate (bug 9)
98d44752-5f4d-4356-bfe6-8f7d25c9ce4e,1734.99,Punto ciego dayslate (bug 9)
d1133fe2-3f33-41af-bcaf-60b88f98dc8f,220.33,Punto ciego dayslate (bug 9)
d4d843d4-548c-4339-a8e3-8c2ee56ab946,2239.6,Punto ciego dayslate (bug 9)
e2c26491-8d4e-43a8-99c4-9d7ec8fc86c3,1873.97,Punto ciego dayslate (bug 9)
01040f6f-f887-48ff-b336-825f7418261b,7971.56,Punto ciego dayslate (bug 9)
4b66a140-02b6-4e44-a0b1-d9bd4446d421,190.83,Punto ciego dayslate (bug 9)
2f2d2a36-cca7-44d9-b07c-ca652f7b8e89,116.26,Punto ciego dayslate (bug 9)
5951db88-195f-4231-8d77-c0d4c573244e,3010.55,Punto ciego dayslate (bug 9)
018c61d4-a3de-4296-968a-62d2fa65ed52,879.02,Punto ciego dayslate (bug 9)
96e953ad-9a8f-4de8-8446-d11fd590cef3,1269.71,Punto ciego dayslate (bug 9)
38f9e75b-6a69-40f1-8981-c663fdfcedf4,6216.0,Punto ciego dayslate (bug 9)
8f4521bd-1a14-417f-b96a-16f0c231f7a6,625.48,Punto ciego dayslate (bug 9)
f8e97f60-fd1f-4a49-b99b-5b979832f02a,999.31,Reenganche (excluido por flg_last_loan_in_chain)
ee4d2c7d-c0e0-4a58-8baf-fe21bddaa887,1562.46,Reenganche (excluido por flg_last_loan_in_chain)
a8a82c29-7ff0-4a79-bb7f-10f0c501b0ba,137.99,Punto ciego dayslate (bug 9)
1d69ca72-f2de-4741-b039-6bde8279d440,1898.36,Punto ciego dayslate (bug 9)
d22e1ae3-a51e-4cd4-837b-ff0245374e5a,351.9,Reenganche (excluido por flg_last_loan_in_chain)
80921307-4764-4e0f-9ae1-e2c13c5cb144,869.67,Punto ciego dayslate (bug 9)
17b94e83-4b4f-49a8-beeb-979761a83fd2,660.68,Punto ciego dayslate (bug 9)
6489be68-94d6-4079-9c72-009da4ea9538,549.46,Punto ciego dayslate (bug 9)
efa28347-b327-4705-b6bd-3f089a530185,1292.86,Punto ciego dayslate (bug 9)
923cffd3-c11c-4334-9050-7316a1b7ac29,1567.5,Punto ciego dayslate (bug 9)
7deafccc-a193-4ea4-b905-57ce17de1c51,818.41,Reenganche (excluido por flg_last_loan_in_chain)
ab2d0a96-5343-4ca4-825b-36a321af8880,2096.05,Punto ciego dayslate (bug 9)
d28f1d31-d066-4e95-9362-000cb31f8c73,1106.87,Punto ciego dayslate (bug 9)
47a1928e-1606-4fa3-8363-90b849d1392a,330.29,Punto ciego dayslate (bug 9)
dd9c5aac-0811-4911-b80c-db1075d746d0,1843.7,Punto ciego dayslate (bug 9)
c6294ba9-d2b1-47de-ba0d-99d213b6ca4f,2043.5,Punto ciego dayslate (bug 9)
17d1ca0a-8b19-4bcd-b142-2fe5663f89f9,230.15,Punto ciego dayslate (bug 9)
c4599250-f2a1-497b-ae4f-6bb047519f24,1473.65,Punto ciego dayslate (bug 9)
499a8cc8-9d1b-496c-b7cc-bf2320faae2f,824.18,Punto ciego dayslate (bug 9)
e2594b1a-6769-46ed-8594-05a7055202b7,378.73,Reenganche (excluido por flg_last_loan_in_chain)
a612606b-8ebe-46be-b1cd-b64d9863e329,815.19,Punto ciego dayslate (bug 9)
aa945b3e-6af2-4083-b04f-f0a994eb0e05,1602.54,Punto ciego dayslate (bug 9)
71c63d54-09af-40a0-b426-43e7632588ef,1068.88,Punto ciego dayslate (bug 9)
a38ffa4c-92b6-44d0-b799-7d879fb92eaf,9467.4,Punto ciego dayslate (bug 9)
2a5b9605-85d1-4e8c-9b36-bfc56d497c56,1093.73,Punto ciego dayslate (bug 9)
784e502b-ce8d-401e-9e43-3c74b969bcdd,1095.27,Punto ciego dayslate (bug 9)
06f912c4-c391-4104-b27a-7a5dc9e24f34,752.87,Punto ciego dayslate (bug 9)
054c0a7e-ec78-4f35-9bec-273ade6f524d,873.96,Punto ciego dayslate (bug 9)
9539d2f4-9a07-4e9b-b4e8-9962337c07f3,1276.08,Punto ciego dayslate (bug 9)
cd7dcba3-b715-4483-bc03-c35b871d70d9,282.04,Punto ciego dayslate (bug 9)
47b00584-1783-4944-8547-0a4cbe854258,1527.0,Punto ciego dayslate (bug 9)
a21c387a-ed49-4f6a-8b3d-10c99e92e848,1730.6,Punto ciego dayslate (bug 9)
a8535f01-0ff7-4358-a5f6-0fc64f02df57,335.06,Punto ciego dayslate (bug 9)
d00cbc3d-da8a-4b27-aa01-a5ad4895f82c,874.47,Punto ciego dayslate (bug 9)
c64c93a3-b225-4391-acfe-b731f412e643,523.21,Punto ciego dayslate (bug 9)
21e414cf-47c8-4477-b7bc-5cd37607b915,565.34,Punto ciego dayslate (bug 9)
675cc4c3-99bf-4103-8902-349c6d6e92e0,1300.42,Punto ciego dayslate (bug 9)
034d6c21-1a4b-4479-8108-d711cd0ab03d,1881.74,Punto ciego dayslate (bug 9)
517511b9-b63b-4c3a-8ad5-0920658cd8d1,4176.74,Punto ciego dayslate (bug 9)
f5abea49-47ca-46f9-8aaf-cea0fcdc2b84,1123.8,Punto ciego dayslate (bug 9)
c22d5d45-a01b-4af0-8c59-d74f235e35cb,985.32,Punto ciego dayslate (bug 9)
752a9529-1ad0-452d-aa28-7e689132bb5d,2431.79,Punto ciego dayslate (bug 9)
00ef6c0b-24d5-4bba-b695-5a4beae4a5ca,550.78,Punto ciego dayslate (bug 9)
c0ad9d9f-97e5-4dd3-b4d7-4a42e134b843,2472.0,Punto ciego dayslate (bug 9)
c1c2e2ae-5d2c-44ab-8053-086f06f84f3a,1034.44,Punto ciego dayslate (bug 9)
92d73a77-c150-49ff-b19f-bf46dd874767,321.8,Punto ciego dayslate (bug 9)
4eca00af-3d10-440a-8181-7c6291a7fc0c,53.19,Punto ciego dayslate (bug 9)
2c29d8ff-526e-46ec-82bb-34b0527c8075,2686.58,Punto ciego dayslate (bug 9)
2c956f7b-3b37-4e96-9fac-0eb3a1fef99f,965.17,Punto ciego dayslate (bug 9)
2be8a4d6-02f9-47a4-8749-bf5851b31db6,811.83,Punto ciego dayslate (bug 9)
58b08b78-c5f4-4887-b23f-f0764883fadb,3489.7,Punto ciego dayslate (bug 9)
880135bb-0ca0-4e32-b405-ec28ab3f4dcc,1844.07,Punto ciego dayslate (bug 9)
db371b4d-bcb9-45c9-a166-688d22130975,492.89,Punto ciego dayslate (bug 9)
f89263bd-e07c-4266-ab8f-52a464789c0c,181.42,Punto ciego dayslate (bug 9)
4aa9400d-59a4-469b-b37d-214b306ae894,168.33,Punto ciego dayslate (bug 9)
49dccd5a-853a-461a-8e0c-e78a4df158e4,1511.06,Punto ciego dayslate (bug 9)
2f611283-041c-4d66-8f04-561a33ec6a4b,2482.82,Punto ciego dayslate (bug 9)
573f88ed-de42-4565-bd83-8bb3215d9236,1076.07,Punto ciego dayslate (bug 9)
4fa180b4-0615-4c90-8400-5d35300f0d64,2157.52,Punto ciego dayslate (bug 9)
14fc26b5-dfb4-41d2-bb1e-49b97d79a3d2,918.53,Punto ciego dayslate (bug 9)
6024a5cb-9241-41e4-aba1-945f938c05a4,539.52,Punto ciego dayslate (bug 9)
bc7604a9-511a-438a-990d-70a5aad9c894,1527.0,Punto ciego dayslate (bug 9)
5eee8d80-c2b4-4a62-a942-f431a53b9ccb,1447.78,Punto ciego dayslate (bug 9)
4c80e81d-4294-4931-9903-030e25a2f965,720.7,Punto ciego dayslate (bug 9)
279a547c-7f88-456e-b50a-440d8a6a78d8,306.36,Punto ciego dayslate (bug 9)
68837e1e-2d6c-419b-8160-de0388a2f80c,2072.0,Punto ciego dayslate (bug 9)
649d3b53-1581-42c9-a234-f9be06a027e5,12113.76,Punto ciego dayslate (bug 9)
3527c49a-fa25-4ec9-8203-58f5bc9d1bcb,1850.98,Punto ciego dayslate (bug 9)
412b1041-69ac-4fb0-9c47-3bdc8101ed14,922.23,Punto ciego dayslate (bug 9)
e726814c-56d3-4c70-adc8-64421e4e70b2,345.36,Punto ciego dayslate (bug 9)
2450a20d-c6b6-4cf1-86eb-2d7288141254,597.63,Punto ciego dayslate (bug 9)
aaede451-bbbc-4949-93f8-4485704f18e4,1400.5,Punto ciego dayslate (bug 9)
ba797ce9-c29b-45ba-8d52-c65e0790cc52,663.42,Punto ciego dayslate (bug 9)
3bd04c47-f6be-40c0-9fec-dec4a7f9ecf3,555.06,Punto ciego dayslate (bug 9)
fc1ba6c5-1e9a-496f-a1ab-4279f4e47e51,382.9,Punto ciego dayslate (bug 9)
5ea79c83-f7c0-405f-b0fd-6528bbcdd57a,347.75,Reenganche (excluido por flg_last_loan_in_chain)
32a7dc87-d81e-44aa-9f64-81de6ad25972,1540.5,Punto ciego dayslate (bug 9)
ce171b7e-4b90-484f-8c0b-6f3728fbf6ff,1875.17,Punto ciego dayslate (bug 9)
f6d15ee5-98f9-4dd3-be3f-75f6fdabfb15,6114.99,Punto ciego dayslate (bug 9)
72b4cce6-1cca-4f45-9a56-1bc2ac5d47b9,875.52,Punto ciego dayslate (bug 9)
76812da8-998b-4703-988a-a6d593fae56e,537.0,Reenganche (excluido por flg_last_loan_in_chain)
792b05d7-6e6d-4ec9-a0a1-d283e7b630e2,987.68,Punto ciego dayslate (bug 9)
45aa3158-672f-4443-9d8e-dfa2f50e89ed,1318.52,Punto ciego dayslate (bug 9)
1d9c6b73-06a2-4d7a-acce-b4315d82d136,3228.96,Punto ciego dayslate (bug 9)
1bd5d857-8f00-4ad8-903b-98b4a37c89e1,1447.82,Punto ciego dayslate (bug 9)
90e648cb-dedb-4eba-9521-c5bfc7da335f,852.44,Reenganche (excluido por flg_last_loan_in_chain)
8f2554b6-3844-4964-9083-04aba602c01b,762.86,Punto ciego dayslate (bug 9)
36a9eb64-ff3f-4015-bd1f-286deb4750ea,168.88,Punto ciego dayslate (bug 9)
d1851eec-f7a7-4b23-9243-dedd1f30e5a6,607.75,Punto ciego dayslate (bug 9)
68ba6b2a-fb61-4cfd-9ee6-d44b18160143,1376.95,Punto ciego dayslate (bug 9)
326c7fc1-b95d-4679-9b0e-9d7ea3c2f835,1258.22,Punto ciego dayslate (bug 9)
0cc8ff95-e8b2-4b56-8e38-463ae9e5ee23,837.21,Punto ciego dayslate (bug 9)
d7286563-83ba-4da3-aa68-e09c0eaae4c1,290.64,Punto ciego dayslate (bug 9)
1f4d12b7-e57f-44bd-b429-de5675c921df,2286.77,Punto ciego dayslate (bug 9)
83c0ca72-f56f-47c4-b63b-c2d18ab554ef,184.51,Punto ciego dayslate (bug 9)
0f07eb08-98f1-47f5-9c29-91ac2a21320e,153.88,Punto ciego dayslate (bug 9)
33e82dcb-ff49-48f9-b558-4ec998eccd36,242.9,Punto ciego dayslate (bug 9)
5407a34e-fdf9-4934-9ac2-caa6dc6819db,966.08,Punto ciego dayslate (bug 9)
e546a29f-ea53-4a4f-b88f-4630c7f7cb45,1874.15,Punto ciego dayslate (bug 9)
ce2d9f14-65e6-4065-a216-d5dfaadb19c8,1497.47,Punto ciego dayslate (bug 9)
13cd3025-887f-4e81-8e5a-1c97852e7837,558.13,Punto ciego dayslate (bug 9)
b0b0afb0-6f87-44f6-a8d4-946b093c7446,1924.69,Punto ciego dayslate (bug 9)
c983bdb8-75fe-4206-af83-d346c092f258,1355.17,Punto ciego dayslate (bug 9)
89a85ce6-22e4-4d9b-b7e9-c578f016a02e,181.04,Punto ciego dayslate (bug 9)
50cf2529-7c6d-4696-a827-0e6faa163cae,499.0,Punto ciego dayslate (bug 9)
e39e9cf4-48ec-4315-8206-9783addc2b54,671.39,Punto ciego dayslate (bug 9)
2909f017-e472-46bc-b260-f7617d3f0d6b,1728.05,Punto ciego dayslate (bug 9)
2df2097c-73ef-46df-a4cc-c50562cbda11,2876.04,Punto ciego dayslate (bug 9)
ae7c3f32-b93e-4e31-b8df-fe538ab59c70,872.96,Punto ciego dayslate (bug 9)
dc9c6be3-91e6-4b0c-8cba-33db47d488d0,990.61,Punto ciego dayslate (bug 9)
7afddc0b-742c-4e41-b712-bc296b815e6b,1488.85,Punto ciego dayslate (bug 9)
b1618fb1-fdbd-44c7-b909-e7de623e065f,533.26,Punto ciego dayslate (bug 9)
907a86be-bec5-4f20-93d6-5ced586a8327,1976.18,Punto ciego dayslate (bug 9)
f16f5662-73b1-4f1a-9163-03f11cfbc288,1304.7,Punto ciego dayslate (bug 9)
24be2c26-9626-45b0-b4bc-c7554f152524,1898.34,Punto ciego dayslate (bug 9)
01ccff17-6f4b-49f7-b673-ea8eaba60428,2157.98,Reenganche (excluido por flg_last_loan_in_chain)
aa81e2ef-7700-4dcc-afca-443729af8fd2,705.29,Punto ciego dayslate (bug 9)
794b5876-91cf-4465-97ea-e9391ad928eb,1513.5,Punto ciego dayslate (bug 9)
0ae498fd-f9a3-46df-8586-75182033cb23,1386.33,Punto ciego dayslate (bug 9)
773b71cb-2453-4c25-9892-555d909d48ff,223.46,Punto ciego dayslate (bug 9)
2711e030-82ca-4c9c-b24e-b43e40be50d2,498.23,Punto ciego dayslate (bug 9)
fab096b7-77e7-4737-a85e-e477919b1e8f,203.67,Punto ciego dayslate (bug 9)
69b71c5e-2eec-47de-99a3-4ee0be616664,867.48,Punto ciego dayslate (bug 9)
77a4fd80-e1a3-479f-a507-845e0b447018,1700.71,Punto ciego dayslate (bug 9)
695d7a9a-d3a8-4b96-b68c-085c89139020,1564.91,Punto ciego dayslate (bug 9)
0c2d46b1-8771-4e9b-94c3-732586639c84,2237.56,Punto ciego dayslate (bug 9)
553f5b4f-098c-4d5a-a400-72e3de99bd3d,1280.33,Punto ciego dayslate (bug 9)
66d40111-c24d-44b7-b17f-d1dc701aa474,265.83,Punto ciego dayslate (bug 9)
51eca230-9779-4494-9ffd-b361b1f756f4,4487.77,Reenganche (excluido por flg_last_loan_in_chain)
dd2a27e0-5399-4627-84ed-58ee887d04be,895.99,Punto ciego dayslate (bug 9)
92e4e25c-8b02-4736-aefe-7bb47b599796,1540.04,Punto ciego dayslate (bug 9)
0fe3a64c-80d6-4b71-a8c1-fd983ebaab83,1500.31,Punto ciego dayslate (bug 9)
abea55a3-19f1-4916-8011-647127b68a2b,1677.66,Punto ciego dayslate (bug 9)
90be9b84-239c-45c7-9835-b66436206e3b,1685.63,Punto ciego dayslate (bug 9)
47de8713-40fe-400c-b95f-b52452cb4783,9091.0,Punto ciego dayslate (bug 9)
14e9d802-9b3a-42ec-9ab0-9c224a5f053f,341.74,Punto ciego dayslate (bug 9)
84075f2c-8a44-4655-9698-ae2e9c7de57b,6171.48,Punto ciego dayslate (bug 9)
40fcc94a-9b68-4418-b680-aa93ebc73e9e,1096.3,Punto ciego dayslate (bug 9)
7230b9d5-ca2c-4314-aaea-c525207c8b53,1868.49,Punto ciego dayslate (bug 9)
d80cced1-9f36-4eae-8047-ea24a590ccb0,5611.72,Punto ciego dayslate (bug 9)
c3e5430c-3950-4f0c-ac50-b5d53037b267,1732.13,Punto ciego dayslate (bug 9)
2d05803a-ff70-4401-af68-52c7446c689d,172.9,Punto ciego dayslate (bug 9)
ffb74024-4824-4a08-83b8-711bca24d8ee,963.58,Punto ciego dayslate (bug 9)
ca87eecc-5652-4416-88fc-7ea9eab0ae53,685.93,Punto ciego dayslate (bug 9)
6ef996bc-ac7c-41f7-8453-76ffc0a5e3ea,646.32,Punto ciego dayslate (bug 9)
0bc33f58-e7e4-438b-9150-263cf3a9653b,454.68,Punto ciego dayslate (bug 9)
b9766a1c-068f-4865-8587-a88b48d044e7,2058.97,Punto ciego dayslate (bug 9)
5a18e444-5334-4ef9-98f9-13e0765d952f,1795.49,Punto ciego dayslate (bug 9)
d3daad36-bc51-40d4-a16a-9c3030789061,1497.77,Punto ciego dayslate (bug 9)
b230bc19-57ce-41ec-baa9-928b28c7a63b,1136.99,Punto ciego dayslate (bug 9)
7b20eb32-0c06-4b51-98ae-de3ea55b9156,1337.97,Punto ciego dayslate (bug 9)
93cc735a-4d3a-42a1-847c-d01e130dceaf,825.85,Punto ciego dayslate (bug 9)
530dea2f-31ba-4279-990c-b8ee9a23e02b,969.28,Punto ciego dayslate (bug 9)
11e3afab-fe8f-4b50-b320-3bf8fcc086a6,1411.48,Punto ciego dayslate (bug 9)
5218cba9-3477-4d44-aab8-3ee2d8236241,1304.1,Punto ciego dayslate (bug 9)
5d358a90-a606-41b3-ac31-758cf2f9a20c,912.04,Reenganche (excluido por flg_last_loan_in_chain)
26813e10-b66a-4093-a1a6-e18e08cc8a69,2051.48,Punto ciego dayslate (bug 9)
3e6d3827-7fb1-4445-9544-f9ede1f3533b,996.54,Punto ciego dayslate (bug 9)
ca25ce2d-b455-4141-9dde-eab6b9f2c339,1301.52,Punto ciego dayslate (bug 9)
0870adab-a23f-411d-a920-e6b0bc1dd6cf,1620.73,Punto ciego dayslate (bug 9)
de00feeb-8ccc-4464-8794-f5d1ceb8d64c,468.85,Punto ciego dayslate (bug 9)
225a5d6b-18ba-4f5e-b8ff-5656d60a6827,3297.18,Punto ciego dayslate (bug 9)
4efbcf66-d6bf-44a3-bc6a-07cabe342e15,532.99,Punto ciego dayslate (bug 9)
bf8c675f-37ff-4500-99fc-9fe42e8e0540,467.04,Punto ciego dayslate (bug 9)
003545ba-426c-49b3-9bcc-ad7f478b6c4b,906.08,Punto ciego dayslate (bug 9)
58c6d2e0-ab21-46d5-b832-bdc48d809087,1195.18,Punto ciego dayslate (bug 9)
8d04c05a-447b-4adf-a597-c4faf3fdfee2,495.76,Punto ciego dayslate (bug 9)
b5d309ad-29b4-49a0-a5ee-7208f124ff1b,286.84,Punto ciego dayslate (bug 9)
2f4b425c-9fb9-4562-a029-e16cea8114a9,2071.68,Punto ciego dayslate (bug 9)
abfa4a34-7c59-465d-8610-935db7e18389,3054.0,Punto ciego dayslate (bug 9)
e552aae9-7086-4c71-aedc-e74217325aac,611.42,Reenganche (excluido por flg_last_loan_in_chain)
fa3370b1-ab57-426f-8372-90d7dec730bf,874.97,Punto ciego dayslate (bug 9)
98728e63-9d4f-4f74-a30c-91d97d48233e,4865.29,Punto ciego dayslate (bug 9)
a2fb30aa-937c-43bc-979b-5dba2a37c1ec,3755.47,Punto ciego dayslate (bug 9)
138a79fd-bcda-4d56-8718-4ddf3a62ca7a,380.24,Punto ciego dayslate (bug 9)
8aa5f6a8-657e-4d4b-b56c-ea1ace07ebdf,837.12,Punto ciego dayslate (bug 9)
addd5e94-ea0a-49c5-befc-be395139b46a,386.94,Punto ciego dayslate (bug 9)
6f99ffdd-4ba1-46ff-bf17-2ffbfb0bcfed,381.72,Punto ciego dayslate (bug 9)
68fed0ce-2092-46b3-a90d-05a0e0eec616,2044.28,Punto ciego dayslate (bug 9)
07762a32-ae04-4484-8e54-b7de138f4bb1,309.57,Punto ciego dayslate (bug 9)
4c0e8ec6-2d9f-4d3d-91a4-77060a5bddc0,1116.75,Punto ciego dayslate (bug 9)
afdf09d3-78d0-46a2-a509-b2b5d5ffa372,2779.97,Punto ciego dayslate (bug 9)
904aa7b7-38dd-4b7e-a8ca-0d63bc3a0489,1924.17,Reenganche (excluido por flg_last_loan_in_chain)
46378d90-b120-4fb4-85eb-70213b18065a,492.39,Punto ciego dayslate (bug 9)
90406f08-0127-4692-bcb4-103c01d7bb0e,1652.4,Punto ciego dayslate (bug 9)
2951f1e4-2d5a-4cd5-9a34-702de72b00c6,1409.34,Punto ciego dayslate (bug 9)
3548e835-ca55-4efe-8e42-50ab4a04d769,490.24,Punto ciego dayslate (bug 9)
0e8c968d-29cf-4d0a-93e1-e18821fa9b21,644.37,Punto ciego dayslate (bug 9)
9ffb4da6-4a7e-4b6d-a946-c0a82526a7de,1497.04,Punto ciego dayslate (bug 9)
a307a27e-cae3-4a08-befa-c7aa9f907676,886.92,Punto ciego dayslate (bug 9)
a713d38f-4b48-43b6-a7ff-469494ca11e0,808.73,Punto ciego dayslate (bug 9)
58544bbe-b293-4515-82b3-2496838df66f,581.69,Punto ciego dayslate (bug 9)
f29036f6-3198-46db-9709-bad525b3259c,992.93,Punto ciego dayslate (bug 9)
a2f2a1f9-8e3e-432c-8cad-f126049f9694,1674.33,Punto ciego dayslate (bug 9)
565916e1-41b7-4dd2-a7a5-397f94b941a5,2635.39,Punto ciego dayslate (bug 9)
8e37576d-5645-45f4-b3a0-e0517e508b86,1451.85,Punto ciego dayslate (bug 9)
42b72492-a8ce-48f5-b50b-71084773bb4a,527.9,Punto ciego dayslate (bug 9)
0d4daa2f-c6ee-4189-b866-41c239cbbf17,687.95,Punto ciego dayslate (bug 9)
702fb6be-3093-425b-9c54-214ec8e6ca37,1282.34,Punto ciego dayslate (bug 9)
5bf1bc43-94de-4993-9ef9-05ac16b4c7b8,1484.09,Punto ciego dayslate (bug 9)
de5ba76d-c6f1-474d-b7b9-21cc9adc30a7,2388.89,Punto ciego dayslate (bug 9)
f87e3b7b-3e06-404c-9d94-5c6da2240edb,683.14,Punto ciego dayslate (bug 9)
c30ab607-cc4b-4c67-9033-d6554e8cde52,5900.09,Punto ciego dayslate (bug 9)
30dc079f-194c-4edb-9d09-99a596709a8a,1478.12,Punto ciego dayslate (bug 9)
6b40d89d-1c79-4bc1-8ddb-4c9ebf8bf70b,362.85,Punto ciego dayslate (bug 9)
00341c61-dd1b-464e-9f00-78ec96b4569b,616.05,Punto ciego dayslate (bug 9)
dc8bdfe1-fd60-4471-a7fd-696f2c6ba92e,955.34,Punto ciego dayslate (bug 9)
14dd8b6d-9084-434d-9a28-81a7af378555,1937.85,Punto ciego dayslate (bug 9)
6be94e42-3814-46f3-881d-9180db111519,154.02,Punto ciego dayslate (bug 9)
0ac81363-afd8-41ae-803e-36ba1876d6ca,1718.35,Reenganche (excluido por flg_last_loan_in_chain)
9df90779-4eb8-474c-bec3-5a0d5fa9cbc0,614.59,Punto ciego dayslate (bug 9)
02d5247d-58ab-4930-a678-4ac54a32890f,660.68,Reenganche (excluido por flg_last_loan_in_chain)
d926fc8e-b8e3-4a0c-be32-0279266f9e00,187.13,Punto ciego dayslate (bug 9)
7cd8b3ca-f65d-47d1-a228-4bb59bcfb0c1,2067.81,Punto ciego dayslate (bug 9)
603e25d1-6f8a-4cae-b991-a85c18204f18,488.59,Punto ciego dayslate (bug 9)
74c90698-a1b1-4499-b562-7d653e214aac,1234.94,Punto ciego dayslate (bug 9)
90f55f0d-0ed6-4feb-bdc8-3e9437df7b39,6223.65,Punto ciego dayslate (bug 9)
23318199-a605-4112-851d-39715c31d0ba,4484.47,Punto ciego dayslate (bug 9)
03bf32e5-d2f1-4e70-9cfb-a97278e24264,524.34,Punto ciego dayslate (bug 9)
9162148c-f398-445d-80e6-f85b775712cd,3115.13,Punto ciego dayslate (bug 9)
2c8047b1-1afe-4647-8d58-5a48ced0b42c,332.56,Punto ciego dayslate (bug 9)
766bd6e7-71a5-41ac-a12f-97f15c9b8041,1032.8,Punto ciego dayslate (bug 9)
ecdd3f48-dcb7-4252-913c-c3ad2814fcd3,1099.53,Punto ciego dayslate (bug 9)
463f59be-468e-4570-a6ca-c8da0af8c10e,441.32,Punto ciego dayslate (bug 9)
e2584c3f-fd50-4c1a-9c77-f6297469d286,3765.14,Punto ciego dayslate (bug 9)
ae3791e6-e5e3-42e1-b86a-1d0a5497bfd1,4056.64,Punto ciego dayslate (bug 9)
f73b616b-ece9-4ada-8059-cda26b9c7717,1039.52,Punto ciego dayslate (bug 9)
32bbfcb0-04ff-457b-ae35-e0e88149929c,1291.22,Reenganche (excluido por flg_last_loan_in_chain)
8137d387-0320-4a0e-8868-b489ef9cd2c0,372.16,Punto ciego dayslate (bug 9)
87a9a796-a1e1-4fe9-9eba-e11a71921798,681.47,Punto ciego dayslate (bug 9)
a81aab31-8407-4a54-b6e4-f464cb1f2f5d,107.93,Punto ciego dayslate (bug 9)
3a54aca5-7b42-48c5-a655-21b5f1e1d8c0,1708.26,Punto ciego dayslate (bug 9)
9d95e6ba-c7ab-43a6-9489-17ff16a0781a,995.73,Punto ciego dayslate (bug 9)
9cc64463-ef3f-4cc3-b574-ebe6c72c3869,127.92,Punto ciego dayslate (bug 9)
f3537f0e-1751-4d43-9205-08ded753a6b2,103.9,Punto ciego dayslate (bug 9)
2faac7fc-94c0-4746-ab3f-9607490a2c73,841.02,Punto ciego dayslate (bug 9)
cc6fc250-5ebf-43e0-8a93-e0b8df463db2,365.35,Punto ciego dayslate (bug 9)
cc1014a2-daef-4e26-817b-e02115e168d4,1078.93,Punto ciego dayslate (bug 9)
b6069459-966b-4e77-9da5-863b5830222d,1761.2,Punto ciego dayslate (bug 9)
f0d66163-3257-4889-99b1-1c4d29f59fae,2226.98,Punto ciego dayslate (bug 9)
e365b4d6-e15f-4fb0-8d76-6a63c3222589,2288.46,Punto ciego dayslate (bug 9)
0a3a4920-037f-40ed-a825-8d6d867904f3,1371.94,Punto ciego dayslate (bug 9)
d2260189-d914-437d-ab53-b5ec81a688a5,104.14,Punto ciego dayslate (bug 9)
7e2a202f-d1c1-4554-84c8-ef7c5b36da0c,5588.31,Punto ciego dayslate (bug 9)
46eec405-df58-47cc-bb32-100203be0d21,553.44,Punto ciego dayslate (bug 9)
014c1b77-1017-4f30-942c-5f2ebd9462f2,1143.84,Punto ciego dayslate (bug 9)
8baa065a-de8e-4925-8894-c883a36e35ba,2805.54,Punto ciego dayslate (bug 9)
c4dde4ca-64c9-4bf5-ad19-e9eb1b8fb21a,1861.77,Punto ciego dayslate (bug 9)
a68b07a0-899c-4d57-9214-1b5dc88624ef,516.69,Punto ciego dayslate (bug 9)
5f8e2127-842f-4929-9c58-322d4baec592,1333.17,Punto ciego dayslate (bug 9)
d44fa50c-4a0c-47ba-a9c9-b8cf5fa72b0b,5180.0,Punto ciego dayslate (bug 9)
87d114a9-b1a5-44f8-9b21-289b4e9db302,2442.18,Punto ciego dayslate (bug 9)
dcb47da7-3530-4afe-aa88-8570de8cf999,907.71,Punto ciego dayslate (bug 9)
8cafe1a2-bd93-45fb-9f5a-119cf54da015,728.12,Punto ciego dayslate (bug 9)
ac7fa552-0e9d-418e-bc0f-253f1690f6f5,10528.32,Reenganche (excluido por flg_last_loan_in_chain)
e47d2e75-4c05-404a-aa5f-733b7e6a096f,470.11,Punto ciego dayslate (bug 9)
ce0083f9-89c7-4bf4-a59f-7491446c3d4d,681.22,Punto ciego dayslate (bug 9)
7bb578eb-fa3f-4615-b8a0-65067bbd0858,292.48,Punto ciego dayslate (bug 9)
2fcebcdf-758f-4df2-9199-9376b592a13b,494.24,Punto ciego dayslate (bug 9)
cd24cc63-2cfe-47a3-a9eb-4c9698b496b6,208.17,Punto ciego dayslate (bug 9)
83eabe19-c025-417d-8ac2-43444bcf0d59,387.45,Punto ciego dayslate (bug 9)
e33c330f-f11d-419d-a154-0a11c4c00f67,154.98,Punto ciego dayslate (bug 9)
b7b0d043-d7e6-42bd-a54c-80c3da532da6,1864.15,Punto ciego dayslate (bug 9)
5d26e34b-5537-4ec7-a967-e325ab98be0d,1144.74,Punto ciego dayslate (bug 9)
a6209587-cff2-4be3-aa4c-dd651f586ba6,1416.36,Punto ciego dayslate (bug 9)
18844a52-5051-4af2-953b-8b917e2bbd60,1369.3,Punto ciego dayslate (bug 9)
08cf9701-3e20-4f8b-bad6-3b1503df668b,586.61,Reenganche (excluido por flg_last_loan_in_chain)
9343f74a-6718-4db8-a3ea-2c29d2e5763a,395.39,Punto ciego dayslate (bug 9)
afc0f201-5af8-42f5-9d99-6e8bbb11c6cf,357.77,Punto ciego dayslate (bug 9)
e887c171-6fbc-48e9-a2ec-b109f872f06f,1012.33,Punto ciego dayslate (bug 9)
c1b925c0-0407-49de-8519-0946a075864d,1234.97,Punto ciego dayslate (bug 9)
f8ab40dc-e0e1-450e-ad8d-fc1bb4ad64d4,498.66,Punto ciego dayslate (bug 9)
48d73a9e-2e96-48f4-83f2-ff4143e8db9c,825.36,Punto ciego dayslate (bug 9)
8228d013-cc77-4dcb-b0a5-ad342c8b3e3f,2968.22,Punto ciego dayslate (bug 9)
2cbd7fcb-6137-4eb7-9800-69a199b7b3f3,1969.83,Punto ciego dayslate (bug 9)
52f1e53f-508c-4281-97dc-2c212e385f20,1009.46,Punto ciego dayslate (bug 9)
e2d183a1-37cb-4d71-b78a-c5f8235ec11e,1196.88,Punto ciego dayslate (bug 9)
1b84b760-405e-4571-b6f8-90c0815b24ac,648.78,Punto ciego dayslate (bug 9)
741237d8-f9b0-463d-a8ca-c39d3165fbf5,605.83,Punto ciego dayslate (bug 9)
d5038390-ea1d-4477-a3a8-538846761a85,5417.21,Punto ciego dayslate (bug 9)
f4ebf494-acc2-40f9-9f2b-88de1fbe3252,1234.97,Punto ciego dayslate (bug 9)
3f8f122e-a837-4227-a3ee-1fde5ce7a84e,6373.11,Punto ciego dayslate (bug 9)
6710e95a-99d6-46eb-b201-abeb5bdca243,1139.6,Punto ciego dayslate (bug 9)
f74f413e-b31f-43c9-9b5a-21e4d122f159,1144.42,Punto ciego dayslate (bug 9)
dad3fa99-d4b9-4678-b721-d1105448805c,348.36,Punto ciego dayslate (bug 9)
ec777008-2758-47e8-8157-026e88203171,552.83,Punto ciego dayslate (bug 9)
50ed432a-6477-4259-bd89-b7587c332b91,2369.05,Punto ciego dayslate (bug 9)
af343e3d-d25b-48b7-ba31-f64b7af78dde,539.27,Punto ciego dayslate (bug 9)
dd34026e-c622-49dc-b8cd-c5df236af7ad,208.1,Punto ciego dayslate (bug 9)
7561e86c-053b-4498-9441-6f461abe880f,1728.37,Reenganche (excluido por flg_last_loan_in_chain)
07509472-ba79-4005-8970-71fe4a8285da,385.64,Punto ciego dayslate (bug 9)
6c81a804-3d60-4184-96a7-3bf941ce781e,3576.86,Punto ciego dayslate (bug 9)
f8e9a6b0-92cc-484c-92ae-e7605ccaa586,2510.08,Reenganche (excluido por flg_last_loan_in_chain)
5964456b-5723-42c1-a991-673ab526cc2d,1161.84,Punto ciego dayslate (bug 9)
1733ca4a-8ac4-4ad9-9c5c-249a411a8050,2120.69,Punto ciego dayslate (bug 9)
1893dc79-882d-4a2c-adea-822997961996,1465.57,Punto ciego dayslate (bug 9)
b5bc3f4d-dd94-4863-bc74-6d37d1515afe,13420.55,Punto ciego dayslate (bug 9)
041f1746-d192-4ee1-9796-3c5bc1cd42c9,406.93,Punto ciego dayslate (bug 9)
a70f62e5-a53a-4536-ba27-1a37bee91870,533.97,Punto ciego dayslate (bug 9)
78a51e23-9fe7-46ef-a017-7e35a117fa13,281.9,Punto ciego dayslate (bug 9)
d8c1859c-0b25-4f0c-9148-493020c18969,1252.59,Punto ciego dayslate (bug 9)
190e0dd2-9447-4eaf-9c7f-3ccb971b7642,1673.62,Punto ciego dayslate (bug 9)
361f1d27-8b3c-47f6-bc86-8fea39f406d0,634.66,Punto ciego dayslate (bug 9)
33763d23-dbfc-43f5-b00e-d6930fdece0d,442.95,Punto ciego dayslate (bug 9)
b82babac-0906-4fbd-946f-e33f0af38b38,199.9,Punto ciego dayslate (bug 9)
47e80346-c004-4ed7-a036-99f3cfc164fa,2899.81,Punto ciego dayslate (bug 9)
0bf41513-7f65-4c33-83b7-e9752c44bee9,5283.12,Punto ciego dayslate (bug 9)
43965a8e-6b8a-4507-bd86-0f79b9be7dd4,1275.21,Punto ciego dayslate (bug 9)
7c66a49e-3808-485a-ba12-a344335e66d6,889.48,Punto ciego dayslate (bug 9)
6fbdba5d-69dd-4b68-b022-fe5b66c01a49,1216.13,Punto ciego dayslate (bug 9)
ccf627e3-c303-4ff3-815c-69f5d6f29fe2,1194.85,Punto ciego dayslate (bug 9)
93c76d22-8ed1-4200-b708-53ec4dacae42,2952.2,Punto ciego dayslate (bug 9)
80e31f0e-66a7-447f-9b00-2a59fffbb14b,813.36,Punto ciego dayslate (bug 9)
9147676b-a748-4b27-b291-4c268a9095fd,1006.18,Punto ciego dayslate (bug 9)
73b7d391-6dfa-4dae-a664-37b1ab081b4c,551.78,Punto ciego dayslate (bug 9)
60dd497a-5d02-45b0-bb79-958c7338a30d,1658.3,Punto ciego dayslate (bug 9)
575ee4f5-3349-4698-b3f9-66de4dd57a8e,2787.96,Punto ciego dayslate (bug 9)
0cf86d5f-f936-48dc-bd91-f81b516102a3,489.55,Punto ciego dayslate (bug 9)
804a106e-c63f-42d5-bc90-f3b78f8ab7b5,53.57,Punto ciego dayslate (bug 9)
edcd691f-3936-4e15-acdf-6c91c90f9357,1264.47,Punto ciego dayslate (bug 9)
eee8d0e4-0b04-493d-9d63-01bde1d57da9,1299.65,Punto ciego dayslate (bug 9)
e7b45c8d-efbf-4ce9-9260-3c41bfab0edb,234.39,Reenganche (excluido por flg_last_loan_in_chain)
5443a907-17e0-4acf-940a-b79e56be3bee,2613.66,Punto ciego dayslate (bug 9)
57ff5073-e1bc-4a81-954c-aea13a3bc90e,528.93,Punto ciego dayslate (bug 9)
96ed7bcb-c846-4e0e-baf7-fca8ef05f2e1,2148.14,Punto ciego dayslate (bug 9)
0a35a088-b64d-4da4-89c8-e9ba68b537ef,1098.47,Punto ciego dayslate (bug 9)
0caebdc8-f5ba-40d3-951a-a907d3d7d4b1,244.93,Punto ciego dayslate (bug 9)
c92f13ef-44a6-4f7d-8a52-da3d1a93f106,1069.88,Punto ciego dayslate (bug 9)
cea80de4-0491-48f3-8615-76a1f010d675,1421.24,Reenganche (excluido por flg_last_loan_in_chain)
002549bc-e922-429d-8459-f73774d2fcf1,1635.1,Punto ciego dayslate (bug 9)
ee5502ba-42de-41bf-8cd6-6a341bbeadcf,787.91,Punto ciego dayslate (bug 9)
dd5399a5-143c-4e5f-83eb-809a35fe7937,1451.39,Punto ciego dayslate (bug 9)
696cf192-2f67-4b66-9567-8ad2a56a8c1f,129.76,Reenganche (excluido por flg_last_loan_in_chain)
0cf5e8f9-b6d3-4dbf-ba0c-616487876147,251.8,Punto ciego dayslate (bug 9)
79d291fc-8243-40db-ab55-1c9b947fa8b2,272.19,Punto ciego dayslate (bug 9)
57ca1503-b2c6-4457-ab6a-3a2d688fa911,918.69,Punto ciego dayslate (bug 9)
54511108-d1e1-4449-92d5-614057e90f5e,1064.03,Punto ciego dayslate (bug 9)
bb476e50-fae4-48b7-89cf-c0f766700ab5,1176.32,Punto ciego dayslate (bug 9)
fe4737f6-3e76-4693-bb21-bb0bab8383c8,1122.86,Punto ciego dayslate (bug 9)
83a3b7be-073e-436c-b143-1bf019491b28,1239.74,Punto ciego dayslate (bug 9)
bce639da-8369-4855-baec-efa1fd7df4c4,4109.86,Punto ciego dayslate (bug 9)
7ee8731c-cd69-41a0-860c-7933d63ac176,1471.01,Punto ciego dayslate (bug 9)
5a979bf0-e442-4dec-a3ff-4b585fb4da22,782.48,Punto ciego dayslate (bug 9)
cf1751fd-6189-4731-b469-69ecced118f7,1812.1,Punto ciego dayslate (bug 9)
7d661e0e-f597-4a80-88df-40bc2e37a9de,297.95,Punto ciego dayslate (bug 9)
1f5bd4a3-e0c1-4443-b1f3-75905f7b131e,996.09,Punto ciego dayslate (bug 9)
38ba2935-efba-4272-9105-e22f72e21922,511.85,Punto ciego dayslate (bug 9)
b74397aa-7b11-43d2-b736-f756ea37ffec,2669.63,Punto ciego dayslate (bug 9)
819dde5c-f124-4dd0-8a09-23fda0a30936,218.53,Punto ciego dayslate (bug 9)
a2845614-471e-446a-899d-727e809c8b99,823.42,Punto ciego dayslate (bug 9)
79178920-6551-4c80-8fe1-24268fb38810,557.09,Punto ciego dayslate (bug 9)
47e8d909-bad7-4d37-80ac-a5eda20b326f,1128.99,Punto ciego dayslate (bug 9)
9b84cbbb-9f45-4576-af1a-8c0a13219c5f,877.81,Punto ciego dayslate (bug 9)
755dd161-784d-4e07-99a5-f09379a00ba2,532.36,Punto ciego dayslate (bug 9)
6ee54cfe-d848-4f85-bbcb-b2b873b8a145,1390.04,Punto ciego dayslate (bug 9)
da51c1a8-32c3-47f9-bedb-faf10c0c55be,153.02,Punto ciego dayslate (bug 9)
05ca1f11-0cc0-4002-9891-d2a9d01b96bb,2911.87,Punto ciego dayslate (bug 9)
dfa36714-e878-49fc-89e8-d6e7020373d7,1254.85,Punto ciego dayslate (bug 9)
4cdcb1b1-90ad-4c1a-999e-c4503f659fb0,1809.26,Punto ciego dayslate (bug 9)
1019d91e-688a-49e6-9f58-e8c479ed705c,2162.06,Punto ciego dayslate (bug 9)
edfb56a9-057b-400d-ad2f-fde049d3bb0b,1527.0,Punto ciego dayslate (bug 9)
24932e8d-35c8-4b7d-aae4-fcb330241974,1106.6,Punto ciego dayslate (bug 9)
5f5700ad-dfeb-4b20-91c7-12fc23d98668,1063.78,Punto ciego dayslate (bug 9)
e9fb270d-a797-4181-bcb1-5a35e9330e10,2432.24,Punto ciego dayslate (bug 9)
2c11ab5d-6dda-488b-9fa3-dd90644492da,249.39,Punto ciego dayslate (bug 9)
8cd72450-874a-4e6d-b344-8b91291c1147,3570.0,Punto ciego dayslate (bug 9)
c40aeed3-2631-4a82-9fd7-2f6479c20575,635.23,Punto ciego dayslate (bug 9)
2f8c1a15-f413-425e-9da7-9098df7aad51,2711.65,Punto ciego dayslate (bug 9)
83027897-78bb-4842-9c91-fd810e446588,432.9,Punto ciego dayslate (bug 9)
525abe89-f0cc-42d8-8d2a-9be86b0612af,407.11,Punto ciego dayslate (bug 9)
3b8032ec-01e4-4299-ae96-2cfc3a6a3e66,1463.51,Punto ciego dayslate (bug 9)
b4cc3ded-4117-4740-954c-c95eaf350a20,2262.92,Punto ciego dayslate (bug 9)
70c9e329-699a-43cb-afc3-97010f61be6d,3558.77,Punto ciego dayslate (bug 9)
cfb3d84a-5663-4d85-a8cd-4e7723d87115,4271.98,Punto ciego dayslate (bug 9)
f146bd5a-3ada-4105-a06f-655d9e655fbc,319.8,Punto ciego dayslate (bug 9)
61a7d28c-e5d1-4feb-b5e6-6639442d4591,3356.41,Punto ciego dayslate (bug 9)
b2f33b5e-b081-472d-8a7b-187655dc0b6d,1258.27,Punto ciego dayslate (bug 9)
ddd1d3e6-db1b-43aa-bfb8-0dcc6b45598c,1686.52,Punto ciego dayslate (bug 9)
dd4ae67c-ee9e-40d5-a91a-32348323ce3d,317.79,Punto ciego dayslate (bug 9)
639565c6-e24a-4866-a6ab-cf0fea8d7ed6,2575.0,Punto ciego dayslate (bug 9)
2f5165b6-2bd6-447c-b47d-5db3bba959d8,1090.48,Punto ciego dayslate (bug 9)
f29097c4-b060-40e4-a5a8-201d2ac2b676,139.52,Punto ciego dayslate (bug 9)
0cd4e16e-612e-4645-8424-e87663fade85,8281.69,Punto ciego dayslate (bug 9)
92171aaa-70d9-4ebf-b51d-b579707cbf87,739.36,Punto ciego dayslate (bug 9)
0b888bd6-9778-42a5-ab59-609bbd5a5ea7,205.61,Punto ciego dayslate (bug 9)
84f2a497-8cee-44d7-af9b-a896167dc1c3,799.43,Punto ciego dayslate (bug 9)
ece0daf2-669c-4d31-bc76-1dfabde2b632,1546.9,Punto ciego dayslate (bug 9)
44226d7d-f22d-4b52-ab36-a6d300a565c9,1760.92,Reenganche (excluido por flg_last_loan_in_chain)
8c75abf9-5193-4388-8e97-7f03a5c02a73,1742.0,Punto ciego dayslate (bug 9)
fadbdaba-58b0-4c3a-88ed-1afd008df095,702.93,Punto ciego dayslate (bug 9)
7f4f712d-631d-4ba7-821d-f3d2fb32db2d,1170.02,Punto ciego dayslate (bug 9)
eeb27869-a0a9-4aff-9b81-831ab89eb092,1070.44,Punto ciego dayslate (bug 9)
ddf35745-6832-47e5-87a9-2dbf688c3924,1548.29,Punto ciego dayslate (bug 9)
1118ff28-a889-47f0-89a2-f283722197d6,1373.28,Punto ciego dayslate (bug 9)
bae11e1f-5dcd-43ee-af5b-eed4ca524fab,1759.69,Punto ciego dayslate (bug 9)
1927c928-d9b4-41a8-a288-50d87bf3b26c,814.4,Punto ciego dayslate (bug 9)
cc4040db-9e73-4a59-8520-0fc998323734,2902.05,Punto ciego dayslate (bug 9)
bb4b6b17-b0a0-4415-8ac5-f1852730bdf1,618.17,Punto ciego dayslate (bug 9)
b90cfc6d-7d9e-4ffb-9e55-0d83453e0154,518.75,Punto ciego dayslate (bug 9)
bdf11768-eb41-4856-b6c3-b0b35a5344a2,1088.22,Punto ciego dayslate (bug 9)
0f30d13c-b360-4fbc-b25c-e1c3cbf45732,1410.76,Punto ciego dayslate (bug 9)
23f70a4a-eae8-437c-8bbf-e27594d9c004,1419.51,Punto ciego dayslate (bug 9)
d462818b-f152-4558-8253-1b09be7e4313,2066.91,Punto ciego dayslate (bug 9)
48183dfa-4118-41d4-a0f1-6b74cebb4bbe,330.53,Punto ciego dayslate (bug 9)
fad8d08f-06aa-47f8-a608-e340c511d433,1125.1,Punto ciego dayslate (bug 9)
6aadc08a-a9d3-487a-9351-dd08c928fbec,59.21,Punto ciego dayslate (bug 9)
52693f96-b170-43ad-b5ee-1b15c8499e27,1552.72,Punto ciego dayslate (bug 9)
34e5311c-4c08-4517-8aa0-f2f1f92f0be3,276.49,Punto ciego dayslate (bug 9)
2bb8f144-f936-4be4-83d2-f8d421ed8dd3,1775.17,Punto ciego dayslate (bug 9)
1d4296d1-bf9c-44ce-b040-f5f3dbed5383,6860.72,Punto ciego dayslate (bug 9)
54197744-d73d-475b-8d98-109c9bc6fc30,1088.62,Punto ciego dayslate (bug 9)
7a307946-cec7-4f18-9cbc-d5eab9f86cbb,1714.29,Punto ciego dayslate (bug 9)
dc9956ff-998e-4653-9e85-e1d83fa68396,150.16,Punto ciego dayslate (bug 9)
7fc9eea0-95ea-447d-a43a-33c1af90fded,3254.07,Punto ciego dayslate (bug 9)
4e455999-ba4e-49f8-9f50-cee067c8d66d,1127.07,Punto ciego dayslate (bug 9)
a0a5274e-30e0-4323-8523-8f7b4112d269,2817.51,Punto ciego dayslate (bug 9)
3331d935-e6c6-4530-876f-fc913c41a7bf,231.9,Punto ciego dayslate (bug 9)
3737857e-93bc-43d1-b06c-78b05c48eb75,1101.93,Punto ciego dayslate (bug 9)
2cd7422f-df01-470b-8029-9e3308b9898a,155.65,Punto ciego dayslate (bug 9)
37c7d6ad-3399-4feb-ae85-074a7184811d,615.95,Punto ciego dayslate (bug 9)
5e510014-b2df-4312-80e7-3320ef6daf7e,10720.0,Punto ciego dayslate (bug 9)
8d9a4a12-c2fe-4d21-9c96-25b2e840286e,823.09,Punto ciego dayslate (bug 9)
140927b7-217c-49b8-aecf-ffeb419ab2f6,1146.5,Punto ciego dayslate (bug 9)
ddde97b3-c8b8-47d1-bf55-afea211e2c9b,866.53,Punto ciego dayslate (bug 9)
831e7af3-c2c3-4388-b252-2924507ebf1c,3067.61,Punto ciego dayslate (bug 9)
7d61e872-2c1f-4bd0-ab66-533d5bffefb1,1750.98,Punto ciego dayslate (bug 9)
21cdf71f-52c6-443f-b519-7508ac6db9e7,2985.97,Reenganche (excluido por flg_last_loan_in_chain)
6275909d-6af3-4883-95ed-03289b3a629b,688.18,Punto ciego dayslate (bug 9)
0c157856-75f9-46a7-be24-43048f7c97d3,1743.58,Punto ciego dayslate (bug 9)
03db33cb-8794-41ec-b6c1-364e370b1468,2463.21,Punto ciego dayslate (bug 9)
5f258ce9-3b11-44ce-b380-fa30d54cb654,473.77,Punto ciego dayslate (bug 9)
3c05cd31-0ff2-4e46-a4d4-da7b4c628939,3892.72,Punto ciego dayslate (bug 9)
f9d5f07c-9ec9-491d-b238-bca1cdcd53a6,469.12,Punto ciego dayslate (bug 9)
e0ab79c7-f975-46f0-ae0a-a6f6fcf3ed6c,863.87,Punto ciego dayslate (bug 9)
21863df8-ef62-4747-931e-17f4ec8c0351,242.92,Punto ciego dayslate (bug 9)
9a547c1b-11a2-47db-abd9-e57dfa1463e5,1490.85,Punto ciego dayslate (bug 9)
72cb7c22-a5f0-4348-8b4a-42e425f78635,406.18,Punto ciego dayslate (bug 9)
609815dd-6df5-44d8-8de9-87a022b8d79e,1391.39,Punto ciego dayslate (bug 9)
4b8eca53-5aa9-4f03-a68d-2fea9c7d3a8d,642.39,Punto ciego dayslate (bug 9)
045384ee-c10c-4286-837e-e0eebae004a8,720.85,Reenganche (excluido por flg_last_loan_in_chain)
3f66bdc7-819a-4818-9896-4fd5b149b932,315.92,Punto ciego dayslate (bug 9)
0cee7040-d399-4b29-bf5f-abb89a852b80,1747.48,Punto ciego dayslate (bug 9)
c6752f09-010d-4d6d-bc06-1b574aea8fb4,1239.99,Punto ciego dayslate (bug 9)
82eb8618-f945-4c8a-bd88-e99c3d1ee207,919.03,Punto ciego dayslate (bug 9)
a272edc5-e3db-4d3e-b0f1-10d6253fdfe6,961.95,Punto ciego dayslate (bug 9)
897fc23c-7a39-4674-affe-8c082b2f9e56,775.15,Punto ciego dayslate (bug 9)
eb698bfe-e3df-40cc-ba3e-9e2d47ed2181,1452.92,Punto ciego dayslate (bug 9)
b62e59cb-9d41-4ed2-bcf3-47d48f72eaca,1208.72,Punto ciego dayslate (bug 9)
a647c61d-42b8-4f18-9d73-ab65c0b898f5,918.48,Punto ciego dayslate (bug 9)
a4642ff7-19a2-4757-8297-e5c85e934fbc,962.77,Punto ciego dayslate (bug 9)
7cdab05b-30c0-4afe-8561-1dd066541f3e,999.31,Punto ciego dayslate (bug 9)
44a7f791-65f2-4cf2-9bd8-c3c2db71b340,273.07,Punto ciego dayslate (bug 9)
22dc080a-c288-4eda-9358-8152c868a395,608.04,Punto ciego dayslate (bug 9)
809f5aec-2e09-4166-8121-8960ee63bc44,361.9,Punto ciego dayslate (bug 9)
5a36b4f9-cae7-4f25-bca5-27d4115b8219,368.16,Punto ciego dayslate (bug 9)
d40ef7e2-f369-4003-86ab-8388a9d5d799,5247.52,Punto ciego dayslate (bug 9)
ebf4a9b7-f7d0-4615-9851-c713c42c3eee,3539.81,Punto ciego dayslate (bug 9)
37d7d7fa-ab6f-4b1e-ab2e-d2d1ea1d2ce1,2614.55,Punto ciego dayslate (bug 9)
701fb58f-c677-4fde-b24e-75e833913afa,453.04,Punto ciego dayslate (bug 9)
34d98c4e-6970-435c-b070-1e82628c7405,3409.29,Punto ciego dayslate (bug 9)
ab7cdebb-e15d-4915-b19b-5f530eede40e,869.58,Reenganche (excluido por flg_last_loan_in_chain)
7429384f-c3ed-4123-aac2-e97b6975dff6,1071.18,Punto ciego dayslate (bug 9)
96b63179-f750-4f10-8749-5aeedc1c4bcb,9919.02,Punto ciego dayslate (bug 9)
b305c61a-6a26-425c-bca0-785bb0bb7409,1307.23,Punto ciego dayslate (bug 9)
5c520a69-bded-46d4-9010-cdcfa81b6cfa,1220.58,Punto ciego dayslate (bug 9)
bb4404e4-ad7a-44d7-be77-6cca2c01efa7,513.09,Punto ciego dayslate (bug 9)
80cc5365-a136-4814-8753-e1effae3c1ba,10790.8,Punto ciego dayslate (bug 9)
212686fe-7cbc-45dd-916b-29da300af493,2275.51,Punto ciego dayslate (bug 9)
449d26ab-3da7-4bed-b3c0-d0c6eb289521,3194.72,Punto ciego dayslate (bug 9)
9ddc4ce0-0c41-4d55-b301-a687510992f6,511.81,Punto ciego dayslate (bug 9)
8990fe75-b7f2-4a3a-93fe-c70cfc56b609,839.58,Punto ciego dayslate (bug 9)
4d535d01-d6be-4fd2-988f-f191dc68f652,227.94,Punto ciego dayslate (bug 9)
d66b9a62-d3a0-4ab1-9523-be95efa58692,1328.39,Punto ciego dayslate (bug 9)
d339c73c-3736-4288-bd7a-1f21f6e1c56a,244.43,Punto ciego dayslate (bug 9)
32904c17-4366-48df-aff3-cd0872ccfe09,1067.39,Punto ciego dayslate (bug 9)
3cfd1d61-7ea4-4e4f-b1a6-b13022e58079,231.15,Punto ciego dayslate (bug 9)
aa58455e-cf58-43b5-a547-7baad62872a3,1977.73,Punto ciego dayslate (bug 9)
21cd02b8-9637-478e-9b10-821f5a87471e,1305.01,Punto ciego dayslate (bug 9)
37c9059f-73ae-43d9-b7e0-eef4c23675ad,970.99,Reenganche (excluido por flg_last_loan_in_chain)
de4aa3e2-71ab-473a-93de-ed1af16a6cc6,1031.73,Punto ciego dayslate (bug 9)
6d5575ea-3ea2-4a72-9ef8-7437c0772397,4957.51,Punto ciego dayslate (bug 9)
b733c369-9307-47d3-bd97-349e394b51c1,1843.24,Punto ciego dayslate (bug 9)
ec6e2e62-d27c-4179-9ab7-ca88e15c7c51,2149.31,Reenganche (excluido por flg_last_loan_in_chain)
0b753409-4894-4921-9888-7d0e7645238c,1346.8,Punto ciego dayslate (bug 9)
b8d939d6-34a4-4f24-8b98-c8d26b030c1b,921.05,Punto ciego dayslate (bug 9)
e3bd1921-9ed5-47bc-a0ad-7edff61cda4e,201.24,Punto ciego dayslate (bug 9)
a6bd097b-5ca7-4f9d-8a48-34c909ef03e6,1103.2,Punto ciego dayslate (bug 9)
348d0c30-bf55-4d32-8cc2-cec5767428b3,202.9,Punto ciego dayslate (bug 9)
d7946dd4-ce38-4314-b760-a68ea8cb5397,7454.07,Punto ciego dayslate (bug 9)
784ca6c9-3268-4832-85bd-a6fafb2f5b84,2612.2,Punto ciego dayslate (bug 9)
bccbf0cb-3b3d-409c-a31c-7594b5d9445f,433.25,Punto ciego dayslate (bug 9)
ce044adb-945e-4473-9d97-2d22d9b27545,1111.11,Punto ciego dayslate (bug 9)
077df593-950f-426f-97dc-8f4aba64053e,1673.34,Punto ciego dayslate (bug 9)
e414a228-f72d-49c8-84cf-cfb49925d96d,3240.39,Punto ciego dayslate (bug 9)
11763986-480e-4ab7-b94b-9e5d6aa8d61a,1864.8,Punto ciego dayslate (bug 9)
ed932e49-cebb-41ec-9306-be0cecdb4081,715.8,Punto ciego dayslate (bug 9)
5f3501c3-40ec-4f40-b1c3-eaa95ad147c1,1881.26,Punto ciego dayslate (bug 9)
183fb7dc-2c5b-4fec-8a32-349f3f79313d,7770.0,Punto ciego dayslate (bug 9)
6ae3e446-740f-41a8-bcca-0936f1db0c60,1513.5,Punto ciego dayslate (bug 9)
f85b54ed-c758-44c8-9a6d-35a8009980c7,1513.5,Punto ciego dayslate (bug 9)
47ffbb7d-0eb0-4ef6-82da-a818ffbd9f5b,326.18,Punto ciego dayslate (bug 9)
888fadec-9150-47ae-9a9b-5df4fc2d5594,4265.94,Punto ciego dayslate (bug 9)
a87b50bd-8d88-426a-8c9f-2d229ebfecdd,561.7,Reenganche (excluido por flg_last_loan_in_chain)
0ce69b28-48ca-47d8-93f1-4db40eaef05c,7504.3,Punto ciego dayslate (bug 9)
fa71efba-ff41-4b53-85fa-8764fe8e781f,1359.56,Punto ciego dayslate (bug 9)
78c8f7b9-ccb7-4921-b786-686298b5e2be,497.31,Punto ciego dayslate (bug 9)
fd90a0f3-d41d-4a62-bce3-89e68225ca62,307.47,Punto ciego dayslate (bug 9)
540777fc-9cc9-4b62-9a71-7ef6745fa311,1448.36,Punto ciego dayslate (bug 9)
c1d29f7f-767f-4130-a9ba-9904cd56fd2a,104.46,Punto ciego dayslate (bug 9)
95521b61-3bfb-4cb0-b176-67e4d24712c4,511.06,Punto ciego dayslate (bug 9)
7865a6d6-c3d6-4907-bff6-07ae9d8b1850,10317.53,Punto ciego dayslate (bug 9)
8e325ff8-2a9f-4b4c-9680-4a1d8920a717,4791.45,Punto ciego dayslate (bug 9)
51a8b906-a7f9-48b5-89a9-49711d6a92a5,203.89,Reenganche (excluido por flg_last_loan_in_chain)
644ba431-9b0c-4919-b1c8-0d3a95a058a8,811.97,Punto ciego dayslate (bug 9)
02701044-3306-43f4-8968-ba74e1902361,3811.96,Punto ciego dayslate (bug 9)
8cfca7bd-fada-4737-83a0-b37f2438ffa6,5135.02,Punto ciego dayslate (bug 9)
9650a929-88bb-47a9-978c-e1a0db6f5d5d,132.94,Punto ciego dayslate (bug 9)
f43dff81-6118-4575-87b0-13cc343aed00,205.3,Punto ciego dayslate (bug 9)
0ea8b754-26d4-4bef-811b-d6c3eca84310,3016.12,Punto ciego dayslate (bug 9)
99f0a10f-3312-44ed-8187-d8cba5c06189,633.84,Punto ciego dayslate (bug 9)
ffeaa0f9-2bac-4b50-b219-2d1bd22f5495,555.62,Punto ciego dayslate (bug 9)
611fc5c0-2b7c-4d70-b31f-09b3db05a208,185.64,Punto ciego dayslate (bug 9)
5c664d04-393c-4f26-b2cc-4b1b8461b75d,706.82,Punto ciego dayslate (bug 9)
2ecbef10-3555-4c85-9331-863703747168,2955.26,Punto ciego dayslate (bug 9)
b6c2f453-0cd6-41c8-8829-46e0d971e6c3,502.72,Punto ciego dayslate (bug 9)
04ede72e-f8cb-4559-8520-4b8cbb4e4f27,558.13,Punto ciego dayslate (bug 9)
d350babc-15a5-48ee-8f01-bd358be773b5,512.95,Punto ciego dayslate (bug 9)
d08a8183-a078-45f7-bdb1-14c9c93def4f,711.49,Punto ciego dayslate (bug 9)
dbc77a21-3056-4935-bc58-20910fd65846,1527.65,Punto ciego dayslate (bug 9)
9c4b31d3-a300-4ff3-b068-dfb914c59352,630.85,Punto ciego dayslate (bug 9)
07d2fc59-3864-417c-89b1-0f59c2ecd8a2,385.89,Punto ciego dayslate (bug 9)
6d46f561-148c-46f2-a339-892283b5a220,1410.78,Punto ciego dayslate (bug 9)
8e639c5f-ec17-45f4-8b69-0b9761e57efb,331.03,Punto ciego dayslate (bug 9)
e838963f-bae5-4ac2-a371-271efb50e905,1482.34,Punto ciego dayslate (bug 9)
8f1604fe-7518-4966-a0e2-aa52ed17e71b,1192.74,Punto ciego dayslate (bug 9)
f95f57ef-3090-47d7-8454-5099ca4a0de5,11096.2,Punto ciego dayslate (bug 9)
40e074da-b709-428c-bffd-e87648d31e06,924.94,Punto ciego dayslate (bug 9)
f7cc4a46-55b2-488f-a877-f2aa2761dbdf,1037.16,Punto ciego dayslate (bug 9)
cff1f5d0-9098-458d-a9ee-de7890d9c89e,654.84,Punto ciego dayslate (bug 9)
ef2f3132-708c-4402-ac2b-154255aed1fc,13263.52,Punto ciego dayslate (bug 9)
51f57cc2-d66c-47cd-b7b1-c6ad52c1d159,925.01,Punto ciego dayslate (bug 9)
434619da-da8e-403f-9ee9-a02280ffbf31,1554.0,Punto ciego dayslate (bug 9)
0a462b99-930d-4d1e-9cba-b5edb8735fe3,323.81,Reenganche (excluido por flg_last_loan_in_chain)
4f20e8dc-62b0-47d8-8984-a8ce3e2efdbf,7494.93,Punto ciego dayslate (bug 9)
906752ef-6913-4d67-ab32-2701d8ae29b7,431.52,Punto ciego dayslate (bug 9)
90625bc5-20ef-48d8-a419-91073c6bdd2e,239.98,Punto ciego dayslate (bug 9)
e2924568-965c-404a-a838-5943405ce9c9,630.63,Punto ciego dayslate (bug 9)
15cb595e-d3fe-4818-aa24-404a9634fe8f,804.42,Punto ciego dayslate (bug 9)
78350f20-7247-42c5-a563-43b90a88c9c7,711.24,Punto ciego dayslate (bug 9)
82e95d3b-bd2f-4fdd-bf26-36aa32eebd21,2288.78,Punto ciego dayslate (bug 9)
dab45840-a5da-4e3e-9a61-304f084fb3b5,2144.2,Punto ciego dayslate (bug 9)
194fcda3-6bff-4d12-ae2b-d73473473382,1121.68,Punto ciego dayslate (bug 9)
872b2840-378f-4f2f-a9b0-00196a3e776e,1194.36,Punto ciego dayslate (bug 9)
0ec69b70-dff1-4957-bdaa-3672299db6ab,1233.85,Punto ciego dayslate (bug 9)
dba15a9f-eede-4ea1-8118-491144b43543,1062.46,Punto ciego dayslate (bug 9)
62905839-2e8d-4455-8e18-5870aaac8c10,1037.33,Punto ciego dayslate (bug 9)
4a7f53c3-1592-4f92-89b9-b847f3bfc55a,1431.77,Punto ciego dayslate (bug 9)
e55e96d5-1f5d-45e9-beec-f43457abf694,1523.4,Punto ciego dayslate (bug 9)
46862be8-06ac-4870-b25c-de3e7e80db03,826.37,Punto ciego dayslate (bug 9)
b32df672-7922-4fd0-b3e4-04decfb9309a,833.56,Punto ciego dayslate (bug 9)
6092bb96-ac86-4198-a6c4-faa0409055d3,1209.79,Punto ciego dayslate (bug 9)
3052de58-035c-467f-b713-dc50551da463,2286.49,Reenganche (excluido por flg_last_loan_in_chain)
8c8c271e-9d91-45af-92be-49cb51be1804,817.69,Punto ciego dayslate (bug 9)
8b107200-99ba-4acb-ad5d-7939ff6fd4d0,1006.8,Punto ciego dayslate (bug 9)
f60789c1-7886-4c69-873f-ba3d98b38ecc,177.28,Punto ciego dayslate (bug 9)
778b52c9-a053-4d55-a067-2742230dc022,1129.1,Punto ciego dayslate (bug 9)
30ca3e44-ed62-48dd-9121-d100e8f8ffc4,1065.2,Punto ciego dayslate (bug 9)
9aa46d1d-e580-40e1-a66a-9b6b3b6ae6f2,3004.4,Punto ciego dayslate (bug 9)
7dfd7925-e702-44de-9090-986dd7a0dcc4,757.69,Punto ciego dayslate (bug 9)
e0d8eef5-a267-482d-ad90-e5d63274ab72,3199.3,Punto ciego dayslate (bug 9)
57bc8b96-94a2-4a9b-974c-f63cb3b3916d,1661.57,Punto ciego dayslate (bug 9)
c4115380-bb79-42bf-aa54-c923f5e27603,1334.67,Punto ciego dayslate (bug 9)
3c49a610-45ab-4cce-b294-ee06b3ad65f5,1752.9,Punto ciego dayslate (bug 9)
0f2478aa-a7af-47ce-af3a-879ac5dbaf5c,1282.04,Punto ciego dayslate (bug 9)
f0e9298c-0991-4a90-855f-cf5c1ebebd71,1730.6,Punto ciego dayslate (bug 9)
81244c5b-d40d-4d32-8255-aadb8207148f,2834.5,Punto ciego dayslate (bug 9)
385b52cc-06ca-42cc-89a4-4b486c529d7b,1057.24,Punto ciego dayslate (bug 9)
e63acc02-8f40-43e6-9b1a-8594bc3a75b8,5309.96,Punto ciego dayslate (bug 9)
d68cfa0d-14ee-45c5-aeb6-2e7bb965da8a,1021.86,Punto ciego dayslate (bug 9)
ec13b25f-ee9a-4c68-873c-0a50909bc350,523.09,Punto ciego dayslate (bug 9)
1ac518c1-1c37-4bdd-a5c4-7c6275d84e5d,1731.71,Punto ciego dayslate (bug 9)
0900d9ab-1814-437f-b428-345a919c01d5,342.83,Punto ciego dayslate (bug 9)
b9e505b6-13c7-4622-b17d-da83f04d3f72,7105.3,Punto ciego dayslate (bug 9)
23646ce1-2d8c-462d-ac18-917b7bc3c3de,1073.31,Punto ciego dayslate (bug 9)
c10ec631-9c0c-446b-8b79-5de4dcc7e5e3,897.42,Punto ciego dayslate (bug 9)
0cf0415b-a93b-4efa-ba86-6249bd6378dd,768.96,Reenganche (excluido por flg_last_loan_in_chain)
414351b4-2a1f-4512-9ce0-7073847ad527,368.37,Punto ciego dayslate (bug 9)
ef7692e0-9d99-49a2-8502-50106924d781,812.88,Punto ciego dayslate (bug 9)
8523f08d-2089-4405-95d1-c20d72717dfd,2066.36,Punto ciego dayslate (bug 9)
bc6667fb-f7e9-42dd-923d-afc547d9f1f0,12569.07,Punto ciego dayslate (bug 9)
cda77594-6bea-4bce-bbcb-d3c0b2607fcc,926.06,Punto ciego dayslate (bug 9)
233b44e7-93ae-4c1c-9ebe-0654a1c7469d,500.4,Punto ciego dayslate (bug 9)
03141769-d6bb-44b1-9bfa-f5e1f2e2d945,1439.28,Punto ciego dayslate (bug 9)
03bcd00b-735d-46e4-b703-bb41b6496ec9,719.26,Punto ciego dayslate (bug 9)
b623046a-ab93-4073-a1d1-c859c7dac908,341.06,Punto ciego dayslate (bug 9)
c3c4bb2b-2e0b-439a-9f82-19c422088daa,444.21,Punto ciego dayslate (bug 9)
a94c4b7f-ee8c-408e-997e-8f1dc1bef8ba,1359.89,Punto ciego dayslate (bug 9)
e8aec8f5-8053-44bf-9fba-47b53df0497f,381.76,Punto ciego dayslate (bug 9)
8973dba5-308c-4924-be99-75847ec2e082,1122.16,Punto ciego dayslate (bug 9)
01435764-2c1b-47fa-93ae-9cdb115f5e55,402.9,Punto ciego dayslate (bug 9)
90233b34-bfbb-49a9-94d5-9bb691ced934,1182.77,Punto ciego dayslate (bug 9)
557ba3b4-70ef-4a10-98a0-4119e0ee6c30,849.64,Punto ciego dayslate (bug 9)
407ff736-4d76-49ff-a48c-04083ffe28b7,1446.84,Punto ciego dayslate (bug 9)
86cb399f-9f7a-41d2-adee-895ed1b84c46,4723.25,Punto ciego dayslate (bug 9)
4f04e34c-d336-4724-9d85-2ceccc32176c,4771.8,Punto ciego dayslate (bug 9)
27f1e552-3806-43e8-a5dc-aa5edf97abbe,275.63,Punto ciego dayslate (bug 9)
cd951ba4-3553-4b30-8b0e-835e3e4b1c01,1037.14,Punto ciego dayslate (bug 9)
8bbb5881-04a0-4861-819f-e229cef7660f,869.81,Punto ciego dayslate (bug 9)
829aebeb-8cab-410b-a21c-14bb7715c615,522.49,Punto ciego dayslate (bug 9)
b92d9f8e-e056-4c92-ba50-15037979f22c,1018.0,Punto ciego dayslate (bug 9)
401b7366-5295-4a2e-b4f1-1de6a3405617,1172.72,Punto ciego dayslate (bug 9)
be132d38-fc39-452e-95f4-55e0de3b379d,997.44,Punto ciego dayslate (bug 9)
c46c1919-c6a9-42e0-a565-0912cd9f7f01,173.83,Punto ciego dayslate (bug 9)
090210eb-909b-47e8-93cd-d6aa20806b83,1557.27,Punto ciego dayslate (bug 9)
82ed3f22-2aaf-484e-9668-627c0150e52f,2117.89,Punto ciego dayslate (bug 9)
83b33c8f-2aa0-4336-9571-446d262dec32,947.97,Punto ciego dayslate (bug 9)
80b48b10-99ce-411e-bf47-0b887c6f00ae,391.12,Punto ciego dayslate (bug 9)
044453dd-7ec7-41fb-9422-ddf1fc259979,2753.89,Punto ciego dayslate (bug 9)
31d89c4d-df58-4efb-83f0-5f0a73594ebe,366.47,Punto ciego dayslate (bug 9)
ebc047a9-d159-49e1-b49b-ab0f87948dc4,609.66,Punto ciego dayslate (bug 9)
83fa581e-875c-48d5-b6ca-d2165b0ad299,673.15,Punto ciego dayslate (bug 9)
c0c9bbbb-7056-4f8f-8a6a-f263a82cbd81,373.42,Punto ciego dayslate (bug 9)
26e6aa95-e6ac-4f08-bce1-89f7a4ff69d7,1875.6,Punto ciego dayslate (bug 9)
4bfb9c86-384b-4663-b701-ab8a52cd50b5,2795.2,Punto ciego dayslate (bug 9)
6e0bd4a5-7e73-46b2-b1dc-7b157dd76815,1189.66,Punto ciego dayslate (bug 9)
c2cd9d83-946d-418c-9980-19b0be8bcd79,2453.55,Punto ciego dayslate (bug 9)
6eb8e560-4843-49ad-a167-a4ddaabf51b8,372.61,Punto ciego dayslate (bug 9)
35996cc0-936d-447c-9bec-be69528e6328,1412.45,Punto ciego dayslate (bug 9)
ff5abe29-95af-4c0d-91b4-2323f1feab65,1412.98,Punto ciego dayslate (bug 9)
566425d5-5fa3-466f-8cd6-8a8431e3821a,465.38,Punto ciego dayslate (bug 9)
f59253ac-5597-455c-8603-866f525a2786,781.62,Punto ciego dayslate (bug 9)
c6e2482f-78ec-47c3-b3c6-14670870b3ad,150.97,Punto ciego dayslate (bug 9)
49282eab-3eb2-4b5e-ac69-05fa114eb8dd,2054.11,Punto ciego dayslate (bug 9)
5385791a-5e37-4857-9b38-4d2430222b9c,4493.77,Punto ciego dayslate (bug 9)
39c50aba-1a18-432a-a2c6-6fa53192a439,1567.5,Punto ciego dayslate (bug 9)
0ebc04cc-d423-4884-8c6b-456a0efccb98,1600.68,Punto ciego dayslate (bug 9)
5c94df29-d4e7-43b7-860e-606908344d43,1409.46,Punto ciego dayslate (bug 9)
1627bfd6-7189-4643-9e43-21c2d5d8f6ec,748.54,Punto ciego dayslate (bug 9)
37f3fcb3-908c-47b8-9094-f99a946596a9,820.38,Punto ciego dayslate (bug 9)
fc2ded03-d5e2-48ed-a932-cbd92b896833,560.74,Punto ciego dayslate (bug 9)
103474db-c8df-4f7e-a873-45ce63cb8bed,5724.1,Punto ciego dayslate (bug 9)
2bd8f6ef-c79a-468c-a9b0-078afb5704c8,706.11,Punto ciego dayslate (bug 9)
e2f61172-0f01-42c0-b648-94d2f7eb54fb,424.07,Punto ciego dayslate (bug 9)
f4f63fbb-fd12-4339-bade-f4ea1c089f88,3605.24,Punto ciego dayslate (bug 9)
fa97befa-e744-4fe2-8f1d-db91ac903e8a,419.49,Punto ciego dayslate (bug 9)
a0bab2a7-8f4f-4806-a9b4-35194a437366,3093.65,Punto ciego dayslate (bug 9)
37b98c58-25c2-442b-add6-c76a9125392e,1854.0,Punto ciego dayslate (bug 9)
599a5612-91ea-4132-950e-d1ffea544dec,678.91,Punto ciego dayslate (bug 9)
a797b01b-89e5-4c31-ac88-ce477a3647cd,110.43,Punto ciego dayslate (bug 9)
4f1d1aa5-8d51-4215-a2dd-95c0d4134b4d,2226.85,Punto ciego dayslate (bug 9)
36a12fe2-e37b-4c7a-b006-c75898df9597,931.96,Punto ciego dayslate (bug 9)
b5a25c91-aa5f-4fde-8829-39fbdabd37d6,870.31,Punto ciego dayslate (bug 9)
2349d04a-3dc4-4c3f-83b8-0562303d7162,2045.8,Punto ciego dayslate (bug 9)
15d5bfa9-d829-4def-ac86-50b9023299a8,512.14,Punto ciego dayslate (bug 9)
9595d32e-f393-4498-8f8f-5d286ace5e5c,1365.82,Punto ciego dayslate (bug 9)
89ddeb15-d5f2-468f-b2c6-244a742f1099,1527.0,Punto ciego dayslate (bug 9)
bbae0e3d-73a7-4872-a7da-3a2c735579ab,1926.18,Punto ciego dayslate (bug 9)
28384f30-7568-485b-ad11-7c5ce34a2995,1419.51,Punto ciego dayslate (bug 9)
39250169-fa7f-473c-a364-6238ec0f0be3,378.19,Punto ciego dayslate (bug 9)
e35476d8-9493-4275-9064-d5f9277c3467,1442.15,Punto ciego dayslate (bug 9)
4875a00e-529b-45c7-b40d-3590f2f4e6af,59.5,Punto ciego dayslate (bug 9)
495202da-c3eb-48f9-addf-48dfb5b0548a,8876.5,Punto ciego dayslate (bug 9)
2f1aaa59-50b7-47c8-8a4f-2ea018aad412,2545.0,Punto ciego dayslate (bug 9)
0643d187-40cc-4cb3-b493-7583a4b72c0e,262.29,Punto ciego dayslate (bug 9)
4fcebd08-62df-4828-9c27-c68143141a96,1766.93,Punto ciego dayslate (bug 9)
e3b47f6d-7b91-4b4c-bcea-a6aa758db06a,5247.89,Punto ciego dayslate (bug 9)
cf2d4f5b-5788-43af-9f16-200f5a1229e6,2048.79,Punto ciego dayslate (bug 9)
ec2a2538-3673-4f98-99ac-b9663e0d63db,575.73,Punto ciego dayslate (bug 9)
9e8a0650-a789-4757-8b27-68680baa15f0,185.95,Punto ciego dayslate (bug 9)
4144b605-12a7-4cb0-9d47-75b97426fcf2,2319.07,Punto ciego dayslate (bug 9)
599b2b41-5060-4402-a094-49595d80fd7a,1141.02,Punto ciego dayslate (bug 9)
0ee5f6dc-7e4a-4cf9-b261-959213dab3bd,3887.0,Punto ciego dayslate (bug 9)
4d38f22a-6730-492a-a3c1-f8e9a9089316,1028.18,Punto ciego dayslate (bug 9)
56c4c943-da03-4264-9ea4-3c7594c08809,966.78,Punto ciego dayslate (bug 9)
347b8e41-ba69-423a-85a7-754c9dfe3e86,2253.84,Punto ciego dayslate (bug 9)
23f2ba9c-1402-4d95-9eb7-7f29491bb140,788.77,Reenganche (excluido por flg_last_loan_in_chain)
eedc24df-ef20-42af-9738-a74a446c7c6d,1229.46,Punto ciego dayslate (bug 9)
f01b196d-b2a3-46e0-8a5e-fa8f7392a708,1356.67,Punto ciego dayslate (bug 9)
4f81d516-deec-43f5-b90c-46abc1648521,3229.61,Punto ciego dayslate (bug 9)
4d0fc51b-9753-4f96-8c86-05f7f45dfeb1,2213.18,Punto ciego dayslate (bug 9)
44ff9f06-9353-4bc6-80b6-2b1fb18c621b,3490.26,Punto ciego dayslate (bug 9)
50693fdd-4864-4d68-bf5d-33942859ca8e,784.77,Punto ciego dayslate (bug 9)
634f94d7-fca9-4454-9579-482f57245402,509.14,Punto ciego dayslate (bug 9)
2f614a35-61eb-41a8-8261-a3ee0e660a8b,458.58,Punto ciego dayslate (bug 9)
9772b80d-4ef1-4b61-80fa-d6aa7ae87979,2983.4,Punto ciego dayslate (bug 9)
ba68db66-0ec1-44cc-a264-dcdacf0d8d7e,623.56,Punto ciego dayslate (bug 9)
47f75bba-c299-4616-87d0-8f1dbdd4e14b,2902.85,Punto ciego dayslate (bug 9)
0aaadad0-57b4-43aa-b842-c7369aeee4d6,845.54,Punto ciego dayslate (bug 9)
9d6aaadd-c0ff-43b6-8b3f-7721b3da1684,1769.54,Punto ciego dayslate (bug 9)
ce38a7fa-0852-4001-9d6e-1e1db6c9c13c,287.35,Punto ciego dayslate (bug 9)
1f35565e-e8ee-4bcd-85bd-68c67217f06b,2521.49,Punto ciego dayslate (bug 9)
d78788d5-3055-47c9-8af1-924d531e5cf1,3508.82,Punto ciego dayslate (bug 9)
4eb1ebd8-26a9-4121-bca6-c17981fbff13,1046.92,Reenganche (excluido por flg_last_loan_in_chain)
ee049771-7de5-493b-93d2-3fcccd0571c8,713.25,Punto ciego dayslate (bug 9)
9fe1b1d1-d188-4aa8-b0ae-a484d7646381,1965.1,Punto ciego dayslate (bug 9)
6d17f271-fe58-440d-bf47-220988093279,813.38,Punto ciego dayslate (bug 9)
917daad3-3f4e-48e3-956a-360e76fcdd11,1266.51,Punto ciego dayslate (bug 9)
9e0b0018-5bbb-4faa-bd2b-1de82de4e625,2355.49,Punto ciego dayslate (bug 9)
4a8f1b30-f02c-4043-9874-a710f89a37fe,2155.85,Punto ciego dayslate (bug 9)
ced98c3c-857f-4739-b377-024bdb593ca6,2522.41,Punto ciego dayslate (bug 9)
c5a1b490-2835-4144-ab48-213a56565628,4214.76,Punto ciego dayslate (bug 9)
dee50fb2-b006-49a4-b4bf-021026232cfb,2417.56,Punto ciego dayslate (bug 9)
d6b31a2e-3a23-4ad8-aa34-f464fd2d2dc2,936.53,Punto ciego dayslate (bug 9)
1978b2d7-c709-485b-beff-14d50a9882c2,1508.25,Punto ciego dayslate (bug 9)
17db53d6-3117-46fa-928e-cbf35c814c95,570.67,Punto ciego dayslate (bug 9)
919061b2-5331-470b-b09a-aacbe935dfe2,1923.31,Punto ciego dayslate (bug 9)
3a328c61-b4b1-465e-8f8f-0bfa0ad50ba1,269.57,Punto ciego dayslate (bug 9)
06081641-0ae0-4972-a67c-6d62e8081a73,598.45,Punto ciego dayslate (bug 9)
de8f6fd2-7254-4e51-b990-bbd5afde092c,3249.45,Punto ciego dayslate (bug 9)
b2ed884e-4801-47c9-a330-b946ff0543f6,1307.28,Punto ciego dayslate (bug 9)
0cb9eacc-db79-407f-a381-cf27581f05b7,88.92,Punto ciego dayslate (bug 9)
6f26ccdb-9bb7-4e5c-900f-ade688c31bae,927.0,Punto ciego dayslate (bug 9)
55220a76-3503-48ec-9220-b2b462f945d1,2090.0,Punto ciego dayslate (bug 9)
1a3a287e-d012-4fc1-82ac-1ab97d7b9772,2470.97,Punto ciego dayslate (bug 9)
0eeafaaf-fc7a-496c-8f19-63ea64fb3cba,763.81,Punto ciego dayslate (bug 9)
b5e07e92-5090-488d-9adc-e7932164d8e3,2529.29,Punto ciego dayslate (bug 9)
af97abe0-2b4e-4732-81bd-6cf151d70906,911.81,Punto ciego dayslate (bug 9)
494d8ca1-1ddd-4b2f-8b3d-45852278e90b,2915.93,Punto ciego dayslate (bug 9)
9a605842-e90e-4ad0-badc-94f28c6dd6c9,614.48,Punto ciego dayslate (bug 9)
04b5e459-26fe-4ab2-b2b2-4f751d8f58b5,1130.83,Punto ciego dayslate (bug 9)
0e2f3cdb-a79a-44e6-b378-8a805a5fdae1,1275.58,Punto ciego dayslate (bug 9)
9a4ed062-296c-4024-9fb6-97e9e6a45aa9,1605.18,Punto ciego dayslate (bug 9)
0f175b3b-332d-4662-9173-8b0102e9c55d,1093.02,Punto ciego dayslate (bug 9)
5a4d437b-fe08-48e8-8da0-f4e284faef3f,1832.4,Punto ciego dayslate (bug 9)
ca53c51f-6d69-4a1e-9505-6f3546f342e7,1594.19,Punto ciego dayslate (bug 9)
e00d937b-4c1a-4032-8d6f-4ac87a6f9240,819.86,Punto ciego dayslate (bug 9)
d632dbd8-d905-4c71-b808-4014460e0ff6,2136.78,Punto ciego dayslate (bug 9)
19b50822-fe21-41a7-ad9a-4bcef06f072c,86.26,Punto ciego dayslate (bug 9)
1bcba15f-c9d7-411b-bad8-7e0c162450c9,649.48,Punto ciego dayslate (bug 9)
8de1da31-7c59-46bf-8afe-c86c1cc19817,1499.06,Punto ciego dayslate (bug 9)
9f120f57-22d2-40d1-a45d-7a9609c4a05b,382.9,Punto ciego dayslate (bug 9)
406d99d6-6a23-42f5-9c90-8ab21cac9d89,3135.0,Punto ciego dayslate (bug 9)
907acc33-e997-4523-9d69-47e7350393be,1865.96,Punto ciego dayslate (bug 9)
0eabdaff-8744-414f-9092-09798762c685,2542.96,Punto ciego dayslate (bug 9)
7523d394-bbd3-43cd-9106-49b251d7648f,3105.56,Punto ciego dayslate (bug 9)
d3d4ce15-e922-4bbf-8e72-4869735aee1e,512.57,Punto ciego dayslate (bug 9)
a27a9e61-1ad8-4181-ae72-6e754a6f7a2d,1457.1,Reenganche (excluido por flg_last_loan_in_chain)
6c2be2ce-ea78-499d-9782-dacd8fef3257,2090.0,Punto ciego dayslate (bug 9)
07599c74-b855-4585-84ae-fc4a67ec8400,164.06,Punto ciego dayslate (bug 9)
7fa8dd00-6c0b-467b-affe-6edd16c2d3bb,182.1,Punto ciego dayslate (bug 9)
4f8c21fa-4097-48bb-a9e7-d5bea0f8180e,2961.19,Punto ciego dayslate (bug 9)
63c47b9a-0fdb-4501-b80e-9f1b36b9ba08,1214.21,Punto ciego dayslate (bug 9)
b51c6b12-036b-48ed-b3df-73db2c621802,7242.99,Punto ciego dayslate (bug 9)
2709ccaf-7c4e-4426-8dc2-81c3110e8cb9,1644.43,Punto ciego dayslate (bug 9)
8de13e99-8b4c-4f1e-b9b3-73754670a45d,1286.47,Punto ciego dayslate (bug 9)
3546209a-679b-4559-a36e-2b447342a111,1147.64,Punto ciego dayslate (bug 9)
13579404-2d7c-4e16-b278-30eba8e45219,1073.68,Punto ciego dayslate (bug 9)
b32e6911-6391-4418-8a92-d7496206fe93,1752.35,Punto ciego dayslate (bug 9)
798eebde-f5d4-43ad-b1b8-e820c6ba3591,1785.35,Punto ciego dayslate (bug 9)
6b164c5a-9a83-4964-8c02-df5009bae54c,4136.9,Punto ciego dayslate (bug 9)
ae1bde94-e90a-47ac-8861-5101bc9f011a,1199.11,Punto ciego dayslate (bug 9)
df5ffcd0-61cb-4950-a2a5-04feeba6b4fa,719.1,Punto ciego dayslate (bug 9)
f77678b4-4f24-411e-bed0-4ad3674e5ded,2814.94,Punto ciego dayslate (bug 9)
dee715bb-c37e-46b5-bb4e-c18757639b7c,1556.08,Punto ciego dayslate (bug 9)
db84d918-e71c-47a1-ba8e-5acc27bfe3f3,1139.64,Punto ciego dayslate (bug 9)
459dd6e8-db7a-4c4b-90ce-6c7ad9b3e41e,1844.89,Punto ciego dayslate (bug 9)
008511ec-e878-4c8f-be40-d8db6dd7eab0,396.42,Punto ciego dayslate (bug 9)
93364cfd-58ba-43dd-b1de-643b43331f31,546.67,Punto ciego dayslate (bug 9)
956c80b1-d423-435a-8619-7b0fcf9810ad,1306.74,Reenganche (excluido por flg_last_loan_in_chain)
151ac068-d3da-43ce-879d-51e0023bdb00,310.9,Punto ciego dayslate (bug 9)
b089668b-aeb0-48a2-aeed-b3e5650d057f,152.8,Punto ciego dayslate (bug 9)
e5b0c490-8cab-4c75-81a1-2eac03f9b9a1,1490.73,Punto ciego dayslate (bug 9)
7e9c2ca7-d800-4160-aa31-0704f4d20d9b,819.45,Punto ciego dayslate (bug 9)
ec961ef1-9943-495a-bb86-85265992d0c5,1417.5,Punto ciego dayslate (bug 9)
89cccd75-b52a-4d34-9e44-a0d5a03990cb,3068.74,Punto ciego dayslate (bug 9)
ba7315ce-6c1f-4d6b-a892-4ee55dd03c4b,344.7,Punto ciego dayslate (bug 9)
7d3abd1f-8a10-48e1-af0a-508ff10084bc,2996.45,Punto ciego dayslate (bug 9)
673805db-7df3-4413-9672-9170c933492d,2930.94,Punto ciego dayslate (bug 9)
666d040a-dddf-4e5a-8ad4-cf708a63f258,706.23,Punto ciego dayslate (bug 9)
078b4c18-edd8-4d24-a6e1-6cfc799bfb2b,944.81,Punto ciego dayslate (bug 9)
28fd6645-55ea-435c-badb-1e27a234272b,1366.58,Punto ciego dayslate (bug 9)
9b3a6802-a43d-452b-a401-26185f5b0f75,775.64,Punto ciego dayslate (bug 9)
6db9d3a9-e958-42eb-80b6-989f79443e81,3331.21,Punto ciego dayslate (bug 9)
57508ba1-2b31-42b0-89c0-d5e2584e68e9,485.79,Punto ciego dayslate (bug 9)
9adde712-1d8c-4edc-ab2b-14d3c49e5281,162.9,Punto ciego dayslate (bug 9)
cc52db77-f831-4a78-97b0-473056656a92,11617.32,Punto ciego dayslate (bug 9)
62d1717d-be09-4aca-a404-493676375e3d,987.6,Punto ciego dayslate (bug 9)
ae3b0db0-8fdb-4438-ad08-5edbca7ba67c,452.9,Punto ciego dayslate (bug 9)
80ef11c8-7188-4817-8594-6261e5f58e31,230.9,Punto ciego dayslate (bug 9)
1e9b4567-eed9-4cba-8da7-1392f28f99e9,179.94,Punto ciego dayslate (bug 9)
13eebec9-2c80-496d-8e87-f2c35e3e94e1,1144.12,Punto ciego dayslate (bug 9)
911b3f19-9afa-469a-a892-4019865c57ac,680.54,Punto ciego dayslate (bug 9)
8c1759b2-8826-457c-8627-2c959bb513e4,996.73,Punto ciego dayslate (bug 9)
20aeb1ca-bec5-4536-b83d-add51e1461b9,1683.71,Punto ciego dayslate (bug 9)
d7dfc2d7-a06a-4d8d-bbee-dc8aacf65054,1105.6,Punto ciego dayslate (bug 9)
e31a2108-211b-46ae-8a87-c89c5d615644,152.9,Punto ciego dayslate (bug 9)
dd19beda-e2e0-4d0c-802f-3a0751141fc4,1373.51,Punto ciego dayslate (bug 9)
fed7f286-e32f-4951-8b4e-28538a49fcd7,967.42,Punto ciego dayslate (bug 9)
1c133413-87cb-44de-a7f6-0c2af4186626,1144.4,Reenganche (excluido por flg_last_loan_in_chain)
08add27b-240c-4542-8376-f100bf992a2e,751.75,Punto ciego dayslate (bug 9)
26210c99-cb77-432d-b1aa-1e4645670f05,545.69,Punto ciego dayslate (bug 9)
7ab562de-6d41-419d-a436-5adccfcd9bbd,2318.8,Punto ciego dayslate (bug 9)
ee322b07-8057-4fe6-974e-faa03baa300e,355.19,Punto ciego dayslate (bug 9)
d17a14e7-a7ec-4c9d-9a62-9b1e3b1b607b,1382.49,Punto ciego dayslate (bug 9)
b892362d-6086-48cd-8e64-13c33e81e915,1346.8,Punto ciego dayslate (bug 9)
6c32af78-74c1-4c62-9c70-ff48ad72b444,347.4,Punto ciego dayslate (bug 9)
ba28c2fe-7e0e-48f7-973d-34cf9bf51cde,2324.36,Punto ciego dayslate (bug 9)
1de11af0-0c2c-472a-bc87-d2254fae6b3d,3498.89,Punto ciego dayslate (bug 9)
c4f60f87-627d-4120-b4f7-943db45a7573,4053.24,Punto ciego dayslate (bug 9)
2c1833c6-148c-4e04-abef-71374c802985,608.81,Punto ciego dayslate (bug 9)
d6fa1140-b4b9-4cc8-9967-e969b2a0f620,708.1,Punto ciego dayslate (bug 9)
d651f37f-0ff6-4507-87b9-d8a295dc431d,142.9,Punto ciego dayslate (bug 9)
683ccd5c-34a5-475d-abb7-c40f4e0add35,1877.61,Punto ciego dayslate (bug 9)
01da41f1-bfd3-4113-ad6d-7fc33ab2e9e8,1332.56,Punto ciego dayslate (bug 9)
68e62764-c3fe-41f8-ae4f-70f7290880f7,1604.58,Punto ciego dayslate (bug 9)
9671ccb5-2465-4956-91fd-62fdb4395ba5,343.74,Punto ciego dayslate (bug 9)
1c9c9fd6-a40e-43da-9dc0-3c67d28e326d,8576.0,Punto ciego dayslate (bug 9)
44b2bc01-ff1f-454d-bc42-4bd420efcd52,1567.5,Punto ciego dayslate (bug 9)
52fa2155-d061-441e-bb5b-e654fee8120a,354.6,Punto ciego dayslate (bug 9)
bf90e1f4-696f-4e06-a784-839055ef8a14,1306.04,Punto ciego dayslate (bug 9)
68dae396-877c-4fee-8fb1-2727c6f8120e,237.44,Punto ciego dayslate (bug 9)
bd542787-9182-4509-b9c9-00b513babd43,2239.6,Punto ciego dayslate (bug 9)
46b1118c-8af6-4d57-a162-1e669b05f15c,1618.25,Punto ciego dayslate (bug 9)
3be8c853-a01a-4bdd-af16-d29a930cf691,1445.39,Punto ciego dayslate (bug 9)
ae785300-609f-4488-b255-694b67bc53ca,189.76,Punto ciego dayslate (bug 9)
5e0560da-db36-413c-a413-42cdd74b9ffe,940.17,Punto ciego dayslate (bug 9)
cf56f6e4-c816-4cf1-aae6-e88d6f362b90,5683.39,Punto ciego dayslate (bug 9)
ce1f8d33-f5dc-4763-9740-a17f69efb11d,290.14,Punto ciego dayslate (bug 9)
eee9a71b-3e35-4a9d-be2e-5f1c04d62c68,647.6,Punto ciego dayslate (bug 9)
89fd4082-0ddd-442c-a33e-29d405796b75,3738.29,Punto ciego dayslate (bug 9)
3d7aca65-278d-4638-8df9-93e5d2b5cba4,1688.86,Punto ciego dayslate (bug 9)
fe391473-c89f-4704-a1be-577dc91b14c6,412.9,Punto ciego dayslate (bug 9)
4f6ba1b8-4ab7-44ee-bfb4-60cb048a3c35,2210.89,Punto ciego dayslate (bug 9)
7915c7da-3702-41ce-a4ed-2b17ca8de23d,1459.73,Punto ciego dayslate (bug 9)
ae832fa3-3384-4933-80b6-f695337788c3,186.17,Punto ciego dayslate (bug 9)
e24244c4-326a-4592-8736-f89a709ad965,314.69,Punto ciego dayslate (bug 9)
043675ed-acaf-481d-a561-589b38076104,619.28,Punto ciego dayslate (bug 9)
e4c2706b-0751-42fd-a533-2bc843e27b51,1107.61,Punto ciego dayslate (bug 9)
a4dd70d5-33a8-449d-b684-e96c936ddc86,4274.54,Punto ciego dayslate (bug 9)
abb32385-c5f9-45b9-9e5b-84eb6df15295,3038.46,Punto ciego dayslate (bug 9)
a6b15e14-fe34-44dc-9633-4e34dabd496d,1116.64,Punto ciego dayslate (bug 9)
0251bff5-b1db-47fd-a38c-cb7a6f2c943d,187.31,Punto ciego dayslate (bug 9)
3c82196e-5137-4c3a-81f6-bbd347f2a3ef,526.64,Punto ciego dayslate (bug 9)
0c75aadc-312a-4cb9-bdb3-8299fbe365df,2901.22,Punto ciego dayslate (bug 9)
213a94db-b44e-4f71-8d55-81be436ba33d,1527.0,Punto ciego dayslate (bug 9)
be5de8c3-d176-415f-bb01-8067d4a7b548,998.3,Punto ciego dayslate (bug 9)
09c9a379-1192-47ed-bf79-bdbe08cb9d43,4397.79,Punto ciego dayslate (bug 9)
4073fba9-4144-47f9-b6cc-d63b537fc61f,82.49,Punto ciego dayslate (bug 9)
6e494242-8798-46e6-a1c6-e3b88ea7f04a,518.9,Punto ciego dayslate (bug 9)
8569a843-c196-46f4-8336-4cf7185c52b6,294.95,Punto ciego dayslate (bug 9)
1aa8dde7-8817-44eb-9173-a5b1a8187c1f,1968.4,Punto ciego dayslate (bug 9)
ae124cf0-4362-485f-8087-847c1346e5f3,857.37,Punto ciego dayslate (bug 9)
6de46b95-76b8-473c-a4ab-29f3a7067279,583.95,Punto ciego dayslate (bug 9)
7cdfa3fd-f911-4485-917c-9706e2d3e1bd,508.43,Punto ciego dayslate (bug 9)
c6992a66-0770-471a-9f80-65a25bb9e6ed,2450.41,Punto ciego dayslate (bug 9)
5f1e0961-06b6-4bc1-b206-1d02e827ae4c,191.9,Punto ciego dayslate (bug 9)
ffe6fb3e-aa67-4d12-b2db-f1a6ceec77da,495.14,Punto ciego dayslate (bug 9)
4d98080c-3929-41c1-af1d-06933ad7a9db,7487.96,Reenganche (excluido por flg_last_loan_in_chain)
07b044c5-907c-4df6-ae2d-2461ff571fc6,1120.29,Punto ciego dayslate (bug 9)
f52e183a-904a-4fe9-914b-2ddcf1a7b160,452.9,Punto ciego dayslate (bug 9)
7aa6f148-1df3-45c5-aa15-40b0d5575d41,476.18,Punto ciego dayslate (bug 9)
352ce617-6fc1-4417-9ce6-c5bc6fd69a69,443.83,Punto ciego dayslate (bug 9)
fb07d209-7bb1-44c3-8b82-43e2c186df61,1983.94,Punto ciego dayslate (bug 9)
9cb2fb1e-fa6f-4981-95bd-84cdb2d12e02,132.9,Punto ciego dayslate (bug 9)
f5b17817-70cd-4d7e-a20d-87fe0257dbc6,1223.83,Punto ciego dayslate (bug 9)
ad8dbcc5-1480-49e5-a784-a13074d0b66c,614.4,Punto ciego dayslate (bug 9)
80627c37-6c88-4fc2-972b-204b5d4839f1,155.92,Punto ciego dayslate (bug 9)
eca89f1b-4161-41f3-bb47-dcca7b098691,71.85,Punto ciego dayslate (bug 9)
a7de7f84-68d2-406d-8915-437fddfc0f04,4581.0,Punto ciego dayslate (bug 9)
f6372ead-9d9a-4a8d-b077-80b5743627de,856.7,Punto ciego dayslate (bug 9)
1bd3e283-639c-419b-a308-f0cd296d8a3e,1819.5,Punto ciego dayslate (bug 9)
4f1086c3-a928-432a-853c-ff9ebba95055,1189.47,Punto ciego dayslate (bug 9)
1850fb82-9ccf-489a-802f-d2a48d742e9a,707.87,Punto ciego dayslate (bug 9)
fed210ac-df15-40e1-95df-dbff2dcabc01,1876.71,Punto ciego dayslate (bug 9)
8b15bddb-ff28-49df-8feb-2401a996ff50,671.31,Punto ciego dayslate (bug 9)
856bb7c6-6cea-4ca0-870a-c81635d98c44,778.64,Punto ciego dayslate (bug 9)
133e3b7f-0ba5-4a87-bc65-4b6a5088352d,5450.0,Punto ciego dayslate (bug 9)
5cb7b114-4d79-4ad1-8027-14d73cda3ba6,2680.05,Punto ciego dayslate (bug 9)
52068d23-8db6-4079-a09b-258aa33e531c,2242.94,Punto ciego dayslate (bug 9)
f5947fbb-1c6e-4b6d-a5bf-2946d2fdf9cb,363.22,Punto ciego dayslate (bug 9)
6743f58a-7591-4821-944f-96eade6c7556,310.2,Punto ciego dayslate (bug 9)
cac5ac24-6386-4854-b712-a24543d29adc,1453.62,Punto ciego dayslate (bug 9)
d6867337-37dc-4c55-b8ca-e4be5393a5d3,4805.79,Punto ciego dayslate (bug 9)
98bbf57d-e8a6-4bad-a4c6-1afd4fec0a37,586.96,Punto ciego dayslate (bug 9)
3015d17b-5be1-4964-9323-752ce56717c2,1554.0,Punto ciego dayslate (bug 9)
197b2f69-029c-4ed4-b6d1-48b12b659579,3054.0,Punto ciego dayslate (bug 9)
b2fa7d71-3fd9-4e23-87d6-66ac1cb83b66,118.42,Punto ciego dayslate (bug 9)
00f2d6b8-1d08-43ea-abe4-f03f88cb2d3a,150.52,Punto ciego dayslate (bug 9)
43cb56dc-84bb-4cef-919e-2eb417986202,1593.93,Punto ciego dayslate (bug 9)
fe1e6cee-3c5b-4676-bf5f-35d51a264faf,226.42,Punto ciego dayslate (bug 9)
9365750b-a36b-4b91-970e-e5fa8b82b4a6,2870.7,Punto ciego dayslate (bug 9)
ac8e175e-4473-4a90-bc79-95dcdd7a8883,893.93,Punto ciego dayslate (bug 9)
19b1cde8-3b51-43b0-ba7b-46e98ee55240,1041.48,Punto ciego dayslate (bug 9)
b078d197-16c2-433f-a979-12b42aa65d74,1182.52,Punto ciego dayslate (bug 9)
5939f9db-8b57-4454-9aed-2de2ff293f59,273.97,Punto ciego dayslate (bug 9)
ee4b66fd-9d06-46cd-a5fc-fdddcdddc42f,1038.86,Punto ciego dayslate (bug 9)
3d005d15-4ca5-4f5e-a59d-e7375aec8b23,1170.96,Punto ciego dayslate (bug 9)
898cd9d6-91ab-4268-bc75-199119956710,352.09,Punto ciego dayslate (bug 9)
b08c86a1-21c6-48aa-9561-755aef0cccfa,1889.08,Punto ciego dayslate (bug 9)
0ff5aca9-685d-40b4-ae62-ddc25c161095,1566.57,Punto ciego dayslate (bug 9)
df440993-d8ab-4083-b4c9-8848a845a10a,931.36,Punto ciego dayslate (bug 9)
38a7b577-1a17-4164-8ee3-52cb05773f0c,119.04,Punto ciego dayslate (bug 9)
770fa9d7-dfeb-4fe6-a545-bf4576281948,2254.59,Punto ciego dayslate (bug 9)
db9c0cd7-25a9-4e40-aa65-685fde558711,3517.76,Punto ciego dayslate (bug 9)
3fc4910a-d082-4a33-a29c-0dd4717d97ae,2520.05,Punto ciego dayslate (bug 9)
cc1e535c-536b-4dba-93c7-250a439fbb7a,2036.0,Punto ciego dayslate (bug 9)
75bf4e82-1caf-447e-a6d6-c6d91cdfb74f,1124.96,Punto ciego dayslate (bug 9)
088b7fee-3772-4c77-916c-9d2869aa0c9a,1117.45,Punto ciego dayslate (bug 9)
034550d1-0c3b-403b-95ce-e93417381ef6,445.8,Punto ciego dayslate (bug 9)
833abd39-6440-4103-bb7d-1fc897ef938c,1809.89,Reenganche (excluido por flg_last_loan_in_chain)
50d600cf-26c9-44a7-bed0-5e83c462b04b,1145.03,Punto ciego dayslate (bug 9)
81fb0c4a-13c5-4f97-9cd0-94af0aace8ca,3516.11,Punto ciego dayslate (bug 9)
ad5e509d-b2e3-426f-ad0a-6d546be2099c,371.83,Punto ciego dayslate (bug 9)
0d0d180f-db55-4fef-960f-e24cbf50331c,331.43,Punto ciego dayslate (bug 9)
ec8ca4f1-cdb5-42a3-a6cf-1b4170f8a69f,847.1,Punto ciego dayslate (bug 9)
7b51a7c2-5e5b-4638-bb14-ce618abbf2ab,1067.88,Punto ciego dayslate (bug 9)
ce04812c-2986-4c82-8291-4237e1310c35,1903.47,Punto ciego dayslate (bug 9)
b6ded35e-21bb-4ed2-9963-01a840a08445,379.24,Punto ciego dayslate (bug 9)
a3792115-9ac9-46d5-8a55-074d96594924,1568.39,Reenganche (excluido por flg_last_loan_in_chain)
89abf7a7-f4ec-469f-95f7-5a34942ed480,2911.49,Punto ciego dayslate (bug 9)
d35c1564-c9db-4303-b2d3-21c7aad6204f,432.57,Punto ciego dayslate (bug 9)
998224a5-2481-4307-89bc-5c6238abe505,2635.0,Punto ciego dayslate (bug 9)
79b54b23-3808-43d5-82bf-33decee8c5f2,2141.77,Punto ciego dayslate (bug 9)
2184624b-df2d-41a5-9c55-96454df3f4de,311.32,Punto ciego dayslate (bug 9)
ed8c49b4-f085-4c0a-9797-cc68567081ec,122.58,Punto ciego dayslate (bug 9)
0eeb878c-54d3-42a6-ae4e-a3c886bc9440,1199.17,Punto ciego dayslate (bug 9)
5796ae88-dbea-4869-89b2-c68797c401c0,994.57,Punto ciego dayslate (bug 9)
9c1ea311-0f43-43d1-add2-21c9f548e960,1346.59,Punto ciego dayslate (bug 9)
3bb92f66-ec16-444a-be9b-6b8eb1ce2007,894.56,Punto ciego dayslate (bug 9)
de9d771b-23bc-4eef-b16e-6ed4f1e60b53,5331.54,Punto ciego dayslate (bug 9)
d16186b1-8425-40b4-9c49-13a5715bd9d4,1638.57,Punto ciego dayslate (bug 9)
42771026-24b0-4c5e-9b5a-9cb4c890f5f6,3693.12,Punto ciego dayslate (bug 9)
07f3e6f7-51de-48f6-a200-6f32338560d7,651.15,Punto ciego dayslate (bug 9)
d4f65dd1-4750-4907-87c8-e3e410fbb5ab,4243.78,Punto ciego dayslate (bug 9)
264a1512-fea7-450f-82c6-eadace89494f,1016.99,Punto ciego dayslate (bug 9)
71ee10a8-efe4-484e-bb03-a619c6dcefc6,1318.31,Punto ciego dayslate (bug 9)
0f3d56db-c824-4675-b55e-f6e9720ec38c,596.7,Punto ciego dayslate (bug 9)
0b18bb29-99db-4a7e-a3cd-5f2acf40fa23,1531.78,Punto ciego dayslate (bug 9)
b6bb0eb5-133a-40bc-83c5-8b60c0839bad,1370.05,Punto ciego dayslate (bug 9)
a9f7effc-50d6-4f05-864b-4bbcba4764ed,1704.34,Punto ciego dayslate (bug 9)
46201d87-8258-43ab-87b4-a3879219dea3,124.1,Punto ciego dayslate (bug 9)
fbfdb281-576c-4c70-b38f-1ae8867607ae,387.3,Punto ciego dayslate (bug 9)
cf2966e8-cc31-4301-a5f4-3c02ef6479d1,223.37,Punto ciego dayslate (bug 9)
b59de55f-c46a-40fd-a0cb-72bb37b54583,4953.03,Punto ciego dayslate (bug 9)
bc904ef8-bde8-402c-b1e0-bd5b6cde3ada,1876.53,Punto ciego dayslate (bug 9)
4ac22017-90d9-4972-84e9-8ff6a78cbfdf,914.05,Punto ciego dayslate (bug 9)
7eca62a9-feda-44aa-942c-7bb8988893d1,822.02,Punto ciego dayslate (bug 9)
f457574b-986a-47a3-9412-6409d106ffaa,1459.24,Punto ciego dayslate (bug 9)
4174dbd3-4163-4fa5-a8fa-6ca8f24010b0,731.58,Punto ciego dayslate (bug 9)
721d5ed5-4c38-4363-adf2-20a9b104deee,1326.68,Punto ciego dayslate (bug 9)
74260982-09e9-46e5-be38-447c599b970b,1129.99,Punto ciego dayslate (bug 9)
9c7bb86b-087b-4685-8940-801a943952a8,1025.29,Punto ciego dayslate (bug 9)
82cbac71-f54e-44b0-b3fc-b951957622f6,442.19,Punto ciego dayslate (bug 9)
e7eb80be-8005-4a5f-9b77-84adea6d0df1,1493.8,Punto ciego dayslate (bug 9)
1c410c84-faa4-4dfb-85cb-7e4f49ef39ee,1094.71,Punto ciego dayslate (bug 9)
18c20d88-0e90-4e3e-98a0-b9497dd79452,3252.25,Reenganche (excluido por flg_last_loan_in_chain)
4af8ee2a-3317-4ab5-a985-e949af9cbff5,1305.17,Punto ciego dayslate (bug 9)
28d423d8-d81a-4504-a844-50de3b40fced,1282.77,Punto ciego dayslate (bug 9)
eedb7063-16f7-44b6-a191-bbcf2ca8d2a7,299.87,Punto ciego dayslate (bug 9)
e82ce9c2-ac29-4b3c-9358-8f4883bfced2,2036.0,Punto ciego dayslate (bug 9)
00b83a29-a68d-4802-8f30-6f5a9a6fb75a,1967.36,Punto ciego dayslate (bug 9)
fd04be3a-c540-4cf0-a39f-06a203500014,2890.11,Punto ciego dayslate (bug 9)
1f308176-7186-4b9a-817c-ba43967de7b4,302.9,Punto ciego dayslate (bug 9)
b3f281aa-db6d-46ce-a808-6236fbef37af,1120.96,Punto ciego dayslate (bug 9)
0fe86d9a-982f-458f-b687-39f0876bc3fe,1463.05,Punto ciego dayslate (bug 9)
ea8a3500-c2a6-433d-bf5f-2b771b8db37d,6007.76,Punto ciego dayslate (bug 9)
cf0578b1-ab9c-455c-a87c-93903cd17798,233.2,Punto ciego dayslate (bug 9)
788d08a6-6a70-4264-b4e6-755973d81aaf,452.9,Punto ciego dayslate (bug 9)
06464da4-6361-4a92-a96b-4f374502e1ad,2461.53,Punto ciego dayslate (bug 9)
c85510d7-f3aa-45c0-994e-eaea7c8ceb81,1425.57,Punto ciego dayslate (bug 9)
c8e37fc3-d24d-47e6-ae4a-64aae3d083c0,821.16,Punto ciego dayslate (bug 9)
f0240d1c-5869-4ba5-84c4-6d3ec944b5f7,2058.9,Punto ciego dayslate (bug 9)
67e0c5b2-14d3-4c9d-b6f3-f506fdb36e35,2557.13,Punto ciego dayslate (bug 9)
7f59ae80-2c8a-432f-a349-323f4d0c25e6,598.79,Punto ciego dayslate (bug 9)
5e674ec7-d8e1-432f-9383-f4e5fc1013b6,523.62,Punto ciego dayslate (bug 9)
f373bae0-474e-4943-98d6-da6216e43d0f,157.55,Punto ciego dayslate (bug 9)
9d317d2a-d267-4682-85af-dc125c18b8ca,1245.17,Punto ciego dayslate (bug 9)
e3e36132-4444-402a-a2b6-95e016b8e094,1912.08,Punto ciego dayslate (bug 9)
36f233f1-2e4e-442c-98bb-3d8aa9632296,305.99,Punto ciego dayslate (bug 9)
eba68310-1afb-4f4c-840b-92998fa52d8d,623.56,Punto ciego dayslate (bug 9)
a2520dcb-76c4-4dee-8c85-2507eb5abb5c,1561.07,Punto ciego dayslate (bug 9)
a034b534-2115-41de-8148-7d642b437afb,604.39,Punto ciego dayslate (bug 9)
50e7bce1-d8a3-4bd9-a13b-8d8654bd9f29,796.73,Punto ciego dayslate (bug 9)
ef9ef9d9-a8f9-48df-90a0-38750eccaa9f,228.96,Punto ciego dayslate (bug 9)
87c2083e-d7cd-4024-bc8e-838534f23c5b,1668.04,Punto ciego dayslate (bug 9)
0a10b334-a083-4d20-bc78-5d3176cfe98d,3385.05,Reenganche (excluido por flg_last_loan_in_chain)
e37de9ea-1d52-4f8d-9bb2-90c10aed6cfc,4453.1,Punto ciego dayslate (bug 9)
1f3d2779-f711-43ae-9076-5743c3c3af3c,2106.33,Punto ciego dayslate (bug 9)
f4553c1d-fb27-4152-ac1d-3b955861adec,766.18,Punto ciego dayslate (bug 9)
79c1504f-ebe8-4d7e-8a39-644ddf5ca88e,1068.09,Punto ciego dayslate (bug 9)
0aeae258-bec3-4b64-b703-9c5caf7086d4,347.97,Punto ciego dayslate (bug 9)
12b7563a-8e42-4e53-b24d-cd498182e845,150.88,Punto ciego dayslate (bug 9)
a4d84695-c049-4c56-9d85-08384ffc3e4e,1060.21,Punto ciego dayslate (bug 9)
ab473b14-4562-4352-b771-c2bedb4cdd7c,762.48,Punto ciego dayslate (bug 9)
3a6c5d7c-1329-4662-b96c-d20eb750f458,146.07,Punto ciego dayslate (bug 9)
e1af93cd-19f1-4993-aba6-13e33929a4ec,2611.86,Punto ciego dayslate (bug 9)
a2f81a28-f28c-4979-9c8a-8855603bdf51,124.32,Punto ciego dayslate (bug 9)
6f2dc520-7090-45f4-bf2e-2de2b7e1b52c,3135.0,Punto ciego dayslate (bug 9)
d2bbee6a-3523-4877-ab05-53bc90c2b9ff,1385.66,Punto ciego dayslate (bug 9)
6e027ae6-0dfc-4215-aae5-d3b0c07c6726,1512.04,Punto ciego dayslate (bug 9)
a3dcc1df-5fd6-4fc0-9a42-2acd511ab375,299.39,Punto ciego dayslate (bug 9)
0a5c5166-6425-475d-8ed1-3a1e66b4e3f2,1340.89,Punto ciego dayslate (bug 9)
5cefb722-4e0d-482f-8d80-730838cd0e33,1028.86,Punto ciego dayslate (bug 9)
9130f739-d403-4bd6-b378-5d33798c82f4,4787.76,Punto ciego dayslate (bug 9)
64dba592-fbbf-4912-8468-2510b339514f,839.91,Punto ciego dayslate (bug 9)
d2996c0c-413e-41dc-b8e3-4cd436e60961,326.87,Punto ciego dayslate (bug 9)
b8015abb-9f15-4569-90ae-91ff0c220b5c,762.48,Punto ciego dayslate (bug 9)
ce529553-18bc-45e3-a28c-db9093237f30,1142.3,Punto ciego dayslate (bug 9)
31991dbb-3fac-4366-83fb-eef6e5b3e5cc,1607.27,Punto ciego dayslate (bug 9)
b159fc1c-2f35-41d8-a840-157cfc31ea41,78.6,Punto ciego dayslate (bug 9)
452ccdfa-da3e-437c-b256-a7c6665fa2f0,1979.39,Punto ciego dayslate (bug 9)
f9d36f7b-7f35-4894-9581-e377e3b1c887,1805.14,Punto ciego dayslate (bug 9)
5ce479c9-522b-4b13-990e-54c6a8bb1fae,1832.4,Punto ciego dayslate (bug 9)
992bbdb0-b49d-4a63-833d-abcc3e90d282,620.95,Punto ciego dayslate (bug 9)
45d0ab67-7b69-4f79-8019-3808318031a4,7693.33,Punto ciego dayslate (bug 9)
b925a4bc-1ea6-42b8-8883-e08134f77798,5560.6,Punto ciego dayslate (bug 9)
62c0df43-b362-40c3-98d2-e2cc2489bb62,308.41,Punto ciego dayslate (bug 9)
f9b4eb96-8876-4b52-bb02-0673aff90a20,106.9,Punto ciego dayslate (bug 9)
dbd76900-7c60-4679-8a13-2b13b0a3cca0,938.39,Punto ciego dayslate (bug 9)
0a122afc-75d1-46d0-87eb-91a4492697a9,4368.49,Punto ciego dayslate (bug 9)
98d1c591-077e-46a0-99ef-5c6eb98fb708,874.49,Punto ciego dayslate (bug 9)
e2071473-5542-43b2-a58d-fbd30d98db37,1266.24,Punto ciego dayslate (bug 9)
e974d69e-5508-4964-8384-77037895d5ed,851.12,Punto ciego dayslate (bug 9)
37493488-dcdc-48cc-91e5-57fc421c84bc,428.16,Punto ciego dayslate (bug 9)
6b83f365-63a7-4547-868e-ed1c6b27be23,755.58,Punto ciego dayslate (bug 9)
b073e93f-3187-4bc9-93af-66ecefee2f37,523.18,Punto ciego dayslate (bug 9)
45f7249a-8601-4593-96ec-a030361c3cfb,1746.13,Punto ciego dayslate (bug 9)
1d5a5c91-0fd9-4cd2-96cd-c5fd43fda0a7,383.23,Punto ciego dayslate (bug 9)
ccb7b847-e171-45b0-a994-c9e69a7e51e6,969.78,Punto ciego dayslate (bug 9)
8e617680-b5e3-417d-bc46-e18b220e0777,1282.64,Punto ciego dayslate (bug 9)
9dcea214-74ed-4860-a468-f83f701dd318,2198.07,Punto ciego dayslate (bug 9)
df20d800-ff9e-4db7-b875-136916ae7ab6,14089.0,Punto ciego dayslate (bug 9)
44d4f0ce-09a9-4514-8148-cccef4cd4cad,1292.88,Punto ciego dayslate (bug 9)
5d258d94-3764-4792-a2df-89f05f7d295f,959.97,Punto ciego dayslate (bug 9)
8f443512-55d8-48f1-bc21-4104fe933262,253.56,Punto ciego dayslate (bug 9)
98643169-dfc2-4f65-b99f-7acfa63ec901,1976.25,Punto ciego dayslate (bug 9)
f979d74a-91ef-42cb-9bd7-457e31770b8f,356.61,Reenganche (excluido por flg_last_loan_in_chain)
d909211e-5e03-468e-aba8-53d1a5e82d22,878.96,Punto ciego dayslate (bug 9)
e536c2ff-6d77-40b9-a483-680c9a7a5fbd,239.47,Punto ciego dayslate (bug 9)
29a7b374-8ead-4f44-9ce3-41482c918ebe,531.51,Punto ciego dayslate (bug 9)
5c51866a-52c2-4438-a6f3-b538e8747e8b,1103.2,Punto ciego dayslate (bug 9)
4a7590aa-4795-4ddf-bb88-13edb3672e8d,734.31,Punto ciego dayslate (bug 9)
188382e6-f792-42e2-8365-a3531607b075,2850.4,Punto ciego dayslate (bug 9)
8b9d4777-e97a-45ee-b4c1-07d17d3f90ee,1835.12,Punto ciego dayslate (bug 9)
11d86111-06f6-441e-a963-8e063e17b3f8,1124.8,Punto ciego dayslate (bug 9)
00d6d6eb-914d-4a47-a77d-177e65d9b26b,639.64,Punto ciego dayslate (bug 9)
863efd87-3100-473f-93aa-5b7af73b72e2,796.02,Punto ciego dayslate (bug 9)
faea4505-d3b1-492b-92ae-a61d86b3ce0d,1558.19,Punto ciego dayslate (bug 9)
444168d4-9ffc-45a0-832b-baa8ae5c26d0,1104.21,Punto ciego dayslate (bug 9)
474d92e3-5e19-4d1b-96d4-3e5360425947,763.13,Reenganche (excluido por flg_last_loan_in_chain)
f47e7fa9-863d-472d-817c-9e7a2d6ed655,988.52,Punto ciego dayslate (bug 9)
2f87399c-a4a2-47c7-a1ca-64a7a4a1c401,327.27,Punto ciego dayslate (bug 9)
09728399-d5a5-4ab0-841d-4f135ac0c6be,1987.79,Punto ciego dayslate (bug 9)
409e5014-8732-4ccd-9d15-aba9db8efebb,1903.38,Punto ciego dayslate (bug 9)
ee5e9f6b-a3d7-4345-adb6-7786db51da64,942.77,Punto ciego dayslate (bug 9)
5b21f9de-42c9-4a6c-a34e-f5a880336503,1027.0,Punto ciego dayslate (bug 9)
426547e5-0f33-4bee-b9df-38983097377d,297.54,Punto ciego dayslate (bug 9)
bb4d6ffe-a0b0-4e54-bfb4-41e3b0c2ace5,303.34,Punto ciego dayslate (bug 9)
d39670de-af6e-468a-954b-d2a5a3b579c7,1131.97,Punto ciego dayslate (bug 9)
cc7966fa-b152-456b-86fb-ff8659d8c1ec,526.94,Punto ciego dayslate (bug 9)
a29e8a35-ad48-4490-a190-b5622674baa9,658.63,Punto ciego dayslate (bug 9)
1d4386b4-d6f1-4ae4-abc7-ded4682b116f,8078.84,Punto ciego dayslate (bug 9)
5c81731b-9dcd-49d9-8898-7337bb75b2bd,311.78,Punto ciego dayslate (bug 9)
c39ae587-2a4b-4523-8dbf-c5f482ca0e73,711.61,Punto ciego dayslate (bug 9)
f66c00c3-007c-4dd5-8409-4123c37a2651,1750.43,Punto ciego dayslate (bug 9)
eed7feed-d10b-4187-bb37-a80da16dbab4,284.69,Punto ciego dayslate (bug 9)
326a3c82-a401-488b-9cda-ac9ddebe91d6,2090.0,Punto ciego dayslate (bug 9)
19efde13-9f5c-48ab-9236-5bcc1451908c,525.11,Punto ciego dayslate (bug 9)
f901e9ca-ba7f-4110-8450-1b306ccaa716,456.15,Punto ciego dayslate (bug 9)
ca62e022-38b1-4cf5-938a-47cb33cafc6d,931.72,Punto ciego dayslate (bug 9)
3c782f32-7918-4b28-a230-98b489262139,1440.93,Punto ciego dayslate (bug 9)
1e5a745b-3c02-4c2b-afc0-fe0b2dcbfcf2,919.26,Punto ciego dayslate (bug 9)
35dc36a6-1580-4628-995a-1b574ce11075,1401.06,Punto ciego dayslate (bug 9)
f85da0ef-c07d-4cd9-afa1-33580cf9ae8e,1287.45,Punto ciego dayslate (bug 9)
e24e8b4f-4d1a-4468-a82e-3c3b3c64503e,811.78,Punto ciego dayslate (bug 9)
9d80b048-351d-4a41-8dc9-93e62a8b1d72,491.9,Reenganche (excluido por flg_last_loan_in_chain)
ee449edd-cae4-4b96-81c3-5ea260339eb8,1761.2,Punto ciego dayslate (bug 9)
268aa016-861d-46c7-85a2-d9cd092af443,1305.13,Punto ciego dayslate (bug 9)
b1c00dc5-c044-44bd-95ef-027d71114c97,1782.92,Punto ciego dayslate (bug 9)
db6ca8e9-1c24-475b-ab98-12bffce9aab6,3749.84,Punto ciego dayslate (bug 9)
f0dd5042-564d-4bee-b594-b247ae8bdb62,215.86,Punto ciego dayslate (bug 9)
e291714d-408e-4017-a347-16c5d8480381,184.84,Punto ciego dayslate (bug 9)
b3da15c8-45e3-4cbc-ba43-e0eadbf33bfd,1241.14,Punto ciego dayslate (bug 9)
592773cf-802d-411d-a2cb-d9b90f688c64,374.53,Punto ciego dayslate (bug 9)
51a44743-bf4f-4f11-a65f-efd4c4046e71,484.14,Punto ciego dayslate (bug 9)
0b1b317e-de41-482c-b6e3-78a17ba888ab,1791.8,Punto ciego dayslate (bug 9)
814288e2-dab1-471c-93bf-48e3a64625db,371.85,Punto ciego dayslate (bug 9)
a25489c4-229b-4c13-a892-719926a1eed4,1111.58,Punto ciego dayslate (bug 9)
de589a3f-3bae-465a-81eb-5d3ff2245551,1478.49,Punto ciego dayslate (bug 9)
51ccc4ce-43e4-4783-a852-8c1314334da7,432.9,Reenganche (excluido por flg_last_loan_in_chain)
9664f0b6-8bf1-431b-a069-366438c0583a,259.0,Punto ciego dayslate (bug 9)
9850b53d-c306-48f5-ada9-de559dc0ece2,654.84,Punto ciego dayslate (bug 9)
a1faf8e9-4cfe-471d-b6d5-ee04bd391e7e,741.71,Punto ciego dayslate (bug 9)
4c8e4c98-6b39-442b-bfb1-c4503dceed74,1071.9,Punto ciego dayslate (bug 9)
9b6682ab-257a-4b90-8988-0caba0c3351a,1657.65,Punto ciego dayslate (bug 9)
ac9dbb55-a2b4-42e5-9469-bf9f64dbbc21,1835.8,Punto ciego dayslate (bug 9)
92cdf8b5-e448-49fd-8ddb-cdf77b67e86d,1796.86,Punto ciego dayslate (bug 9)
cf8fc350-8985-4672-89f6-ce73c79c0078,661.05,Punto ciego dayslate (bug 9)
2b0d17d8-1e3d-4876-81e0-26f867e0591b,1747.34,Punto ciego dayslate (bug 9)
90fa93f5-0cfc-4de2-9b8e-c3a383d3da12,7906.27,Punto ciego dayslate (bug 9)
9f320a08-3480-4673-baf5-de9fc2687907,119.19,Punto ciego dayslate (bug 9)
cffea4ae-cb44-4a16-9418-14cd7930d550,565.0,Punto ciego dayslate (bug 9)
def0ded7-122c-40c8-a131-9f446a4513a6,710.8,Punto ciego dayslate (bug 9)
4b55a969-5e7f-49cb-80e5-a9d20d7c8076,1247.3,Punto ciego dayslate (bug 9)
1a4ab1ef-c03a-42a7-9106-019bb953352a,1150.33,Punto ciego dayslate (bug 9)
6efeaa1a-4308-46f6-931c-f0e33392e38e,9117.93,Punto ciego dayslate (bug 9)
07682b61-3b22-4dca-b96e-520fc735f291,1227.74,Punto ciego dayslate (bug 9)
1b4033a8-9ee2-4bbc-b8db-c41dd07207f2,1712.53,Punto ciego dayslate (bug 9)
372a72bb-df9b-4f1e-8ff8-93662c21ed85,421.35,Punto ciego dayslate (bug 9)
1281c63a-0d4a-400c-b63f-367777ee06fd,731.02,Punto ciego dayslate (bug 9)
9be2a74c-2419-4d11-97a6-c4f127cc9b17,248.07,Punto ciego dayslate (bug 9)
c2ce65c5-b51b-4df9-a0e4-6f773cebd9ae,156.79,Punto ciego dayslate (bug 9)
92b08062-1011-4131-b3e5-23fb97d835a5,1188.26,Punto ciego dayslate (bug 9)
3e03fb9a-57c7-49fe-83d7-cd33fbb14d24,247.88,Punto ciego dayslate (bug 9)
e0ea011a-b4fc-4335-9fe9-4aa90ea77b02,264.18,Punto ciego dayslate (bug 9)
f3354b5e-377a-4b84-9ced-9590dbdbf118,666.46,Punto ciego dayslate (bug 9)
239a6209-7481-4327-8567-ce77dee1e533,2399.25,Punto ciego dayslate (bug 9)
e0721168-e36d-4c19-bc59-a34649734418,105.46,Punto ciego dayslate (bug 9)
c310a90f-12cb-449f-b5b7-00e0c490683b,216.64,Punto ciego dayslate (bug 9)
88918664-665c-4f8e-85ad-0b556008bc55,1646.72,Punto ciego dayslate (bug 9)
56b7f588-5b6a-4326-8742-ce721cc81f0c,1317.9,Punto ciego dayslate (bug 9)
ca392cce-bcd0-4565-961c-7a2939427f01,474.7,Punto ciego dayslate (bug 9)
608f8b5f-39f1-4fa4-b683-08ce5156929b,1594.44,Punto ciego dayslate (bug 9)
04e284ae-7b1e-46bc-90a1-d87859231881,1197.08,Punto ciego dayslate (bug 9)
7fe1c0ec-ac02-4eeb-b396-571966c28a26,203.9,Punto ciego dayslate (bug 9)
e429fa6c-6837-4de2-9d3d-d7f87c6c378b,657.72,Punto ciego dayslate (bug 9)
43362fe0-f64b-4a2a-85b1-c91a5e02ead1,244.68,Punto ciego dayslate (bug 9)
1eadf73d-9900-425f-ba74-10d0a351fa7b,493.76,Punto ciego dayslate (bug 9)
4e9221bc-d31f-4130-a88c-bdef8d5f4988,1527.0,Punto ciego dayslate (bug 9)
0c4d9107-0df8-47b5-ad0a-4b7bb3ff7cc0,521.35,Punto ciego dayslate (bug 9)
633f1901-f015-48a0-93b8-b7434ecdbf4b,1774.86,Punto ciego dayslate (bug 9)
817d682f-8ef6-4f78-8d72-3c80d2e7fd25,5081.55,Punto ciego dayslate (bug 9)
d585e8ee-55b7-4ada-88b0-a861d080e9fd,1458.62,Punto ciego dayslate (bug 9)
796d9b67-3891-4f8e-b16d-2109cfc269a8,2401.76,Punto ciego dayslate (bug 9)
b6260078-ec87-471c-8a49-f5636327ce93,1009.42,Punto ciego dayslate (bug 9)
052742d9-bb11-49c4-b5ac-92cd918fd6d5,994.07,Punto ciego dayslate (bug 9)
b0fba419-2f4d-4d34-98f5-c6b96f300eb1,1527.0,Punto ciego dayslate (bug 9)
36690eed-8010-42bd-b6b5-afbc618aef04,1485.04,Punto ciego dayslate (bug 9)
4964c9be-ba01-4c54-8e1c-cf96d9007df4,654.24,Punto ciego dayslate (bug 9)
30eda402-03a2-4932-938e-93a249ab96d0,1198.17,Punto ciego dayslate (bug 9)
da00cd54-6420-4df4-9046-c86e42ba1255,366.29,Punto ciego dayslate (bug 9)
dccec3b0-31fe-4744-aa16-7f1e21ba1c2d,1896.15,Punto ciego dayslate (bug 9)
d02b0a5b-4a13-48b8-8311-15938085364b,522.84,Reenganche (excluido por flg_last_loan_in_chain)
06c4fb12-d350-48b5-901f-2a4e72957436,1268.13,Punto ciego dayslate (bug 9)
e52e862d-a4cd-4354-b531-2d88e5074a62,1830.81,Punto ciego dayslate (bug 9)
b2650152-de43-48b1-9b9b-7a95532c1b23,197.47,Punto ciego dayslate (bug 9)
6745b057-8542-477b-aab9-e5f0c9df9bec,2176.67,Punto ciego dayslate (bug 9)
f424c25d-6370-454f-8408-9705e60f5354,1787.63,Punto ciego dayslate (bug 9)
7dad1395-9c8e-4a6b-9222-1847dd0d1726,1164.5,Punto ciego dayslate (bug 9)
0319f578-b714-4cf8-8189-a39b60d98a60,396.77,Punto ciego dayslate (bug 9)
c31ef071-79c7-4e2b-991f-72f57fce4b9e,670.68,Punto ciego dayslate (bug 9)
da33741c-2aba-4515-952b-38b055004bb8,1851.98,Punto ciego dayslate (bug 9)
a8734fa7-1cb5-4ee9-83ee-393d55385b20,1119.25,Punto ciego dayslate (bug 9)
e951f2c7-3a99-4c75-af6e-500e324d448a,604.7,Punto ciego dayslate (bug 9)
19225f2c-fcb6-47b1-9cab-a12d291cc587,301.59,Punto ciego dayslate (bug 9)
b3bebd6d-6da4-41bc-8b37-4b14628739b4,2032.16,Punto ciego dayslate (bug 9)
5a904ec2-2865-420c-bceb-18f4255e09d5,764.29,Punto ciego dayslate (bug 9)
8b0271f4-372d-470e-bc83-23ca5ae87168,2111.59,Punto ciego dayslate (bug 9)
9a4a83e4-75b8-4756-96c8-016eb9b1f52c,305.24,Punto ciego dayslate (bug 9)
32ded7aa-6a2d-4cc1-bfa5-eab4ccf930b9,1249.07,Punto ciego dayslate (bug 9)
d754b543-40df-4a48-a4e7-9fc437c62371,1394.61,Punto ciego dayslate (bug 9)
bb57bb13-2db8-4b6e-86de-22d9577e318c,1396.67,Punto ciego dayslate (bug 9)
95c65172-57fc-4938-8f91-e03ca1c1b0ab,128.47,Punto ciego dayslate (bug 9)
7cc8df0b-f883-4b9f-8460-332dc32c02d0,1155.88,Punto ciego dayslate (bug 9)
78469c67-10b2-4e77-8447-cec0968c1d86,432.42,Punto ciego dayslate (bug 9)
aaeeb31a-881b-43aa-bca0-d9458ae4e796,14047.78,Punto ciego dayslate (bug 9)
c48e891c-5db1-4da2-ba87-1ac492be8146,331.73,Punto ciego dayslate (bug 9)
3fd5300a-2cb3-4d9d-b4a3-7e28a1add558,68.22,Punto ciego dayslate (bug 9)
10324ee6-c504-4d89-98db-96bb69787785,4155.5,Punto ciego dayslate (bug 9)
ec9d2f17-de72-482d-969a-73b4e464be29,1357.9,Punto ciego dayslate (bug 9)
7dee0ae3-a48b-4930-86b0-816b1376002e,350.0,Punto ciego dayslate (bug 9)
6d5aa672-04b8-412b-b861-8c7e51469e8f,662.12,Punto ciego dayslate (bug 9)
814ee4f6-e9d1-474a-929e-e6c5c060e111,984.47,Punto ciego dayslate (bug 9)
aa83a4f4-296d-40f4-b8b9-38c4a6922aa9,523.67,Punto ciego dayslate (bug 9)
3fb1483a-81f8-4cf5-9d42-5957cd8c5207,1443.54,Punto ciego dayslate (bug 9)
e02334d8-1b73-4d34-a0f0-d047bc1c2621,793.36,Punto ciego dayslate (bug 9)
f5fa6a66-c867-4c45-8419-f78709d91da0,435.78,Punto ciego dayslate (bug 9)
fb70e14a-c8f3-4dbe-805f-eaadee601b23,1832.77,Punto ciego dayslate (bug 9)
3237f47a-441b-487e-91d2-4f7e6fb8bb9a,432.89,Punto ciego dayslate (bug 9)
b3ebb8fc-b2ee-4f3e-8e18-9efb9aebfb66,1221.6,Punto ciego dayslate (bug 9)
b2c65583-995e-4edb-9097-b121ead174e5,1216.11,Punto ciego dayslate (bug 9)
a7b3b0ee-1ffb-45b6-ace1-178a31350e0e,822.69,Punto ciego dayslate (bug 9)
62b1408a-b316-4a7c-8681-bb6db26a877f,489.83,Punto ciego dayslate (bug 9)
ff8ff322-d802-41c5-b1ae-2780ef7e8445,542.81,Punto ciego dayslate (bug 9)
dd2fa633-6a2e-4f77-aad5-dc0c49fa13eb,444.94,Punto ciego dayslate (bug 9)
ca6c4435-3ac0-4091-9636-2899cfe78abb,3107.93,Punto ciego dayslate (bug 9)
c262d652-7eae-4f97-bd41-8b22b032665a,3088.97,Punto ciego dayslate (bug 9)
b78a5068-7ca4-48ab-a6e3-6bf62f8179f0,735.77,Punto ciego dayslate (bug 9)
7c359087-9964-4ddc-9453-dd1e3b3d24bb,427.36,Punto ciego dayslate (bug 9)
5200bde4-77bf-423f-b7d2-e20e815e6fc0,2096.61,Punto ciego dayslate (bug 9)
5425c044-8cc5-416c-93da-42ef0d4c336b,342.69,Punto ciego dayslate (bug 9)
4aaa22bc-e39d-422e-b8ac-f2a69e92e23c,1173.67,Punto ciego dayslate (bug 9)
28362d32-93ff-47dc-842b-b7d2d4bf5ee4,1655.05,Punto ciego dayslate (bug 9)
c075cebb-e85c-4543-bb59-f05c4574b4eb,950.72,Punto ciego dayslate (bug 9)
e37bba23-7af6-44e8-8b9b-935340877749,48.09,Punto ciego dayslate (bug 9)
14ca528b-3d4d-4a54-a2aa-b0beaa7ad4d0,665.71,Punto ciego dayslate (bug 9)
c8a724d9-61d9-4507-a6ed-7f6d13fc54a0,497.52,Punto ciego dayslate (bug 9)
be55c849-0bf1-4946-a168-d3954e132792,744.79,Punto ciego dayslate (bug 9)
a42831c4-826b-4ccf-8e56-cfe5cc3b6c48,351.9,Punto ciego dayslate (bug 9)
bdb87fa0-3df1-456e-be49-b132502974c3,1746.56,Punto ciego dayslate (bug 9)
d5b99d2e-2449-471a-9a11-29c5217319bb,281.76,Punto ciego dayslate (bug 9)
5bbb20cf-cf24-4d07-b860-6a38ba7fcddd,3702.04,Punto ciego dayslate (bug 9)
619287d5-32c6-4c22-a86b-162b6e2b271f,1282.84,Punto ciego dayslate (bug 9)
ee877d2a-be30-4e73-9122-5e38edd4b6f1,2294.3,Punto ciego dayslate (bug 9)
2602da25-f76a-4c22-8040-a4b6f469c670,1249.14,Punto ciego dayslate (bug 9)
82222c1f-087a-4258-8f62-45c12c348478,303.9,Punto ciego dayslate (bug 9)
24b27c8b-12f9-4081-a484-4aa899cf905d,3806.3,Punto ciego dayslate (bug 9)
ace915c7-0d7d-4936-acfe-68e35e92a317,9907.6,Punto ciego dayslate (bug 9)
8750ca88-f615-4f13-97ab-6bd49a6053aa,152.87,Punto ciego dayslate (bug 9)
3a604e00-5938-47b8-9682-a4b687ca5cba,581.32,Punto ciego dayslate (bug 9)
d2894874-c67b-4349-ac64-f7342db3d686,208.7,Punto ciego dayslate (bug 9)
a9f5e209-e114-4033-91c7-20701fea1698,519.79,Punto ciego dayslate (bug 9)
02c96e5d-9d04-41aa-9382-791bcae5aae7,509.0,Punto ciego dayslate (bug 9)
cd5e878b-21e9-4cc4-9263-224b2614a71b,895.61,Punto ciego dayslate (bug 9)
e069b2e2-d068-48c3-98e1-1cf603eea05e,653.16,Punto ciego dayslate (bug 9)
1df217a6-5cc8-4c54-b26a-24dbdfecd29b,757.23,Punto ciego dayslate (bug 9)
edb082d6-de82-4b68-b5b0-918056c4837a,1207.45,Punto ciego dayslate (bug 9)
b1b5b50b-4a76-4790-a3ae-2b510e2dbab0,1785.35,Punto ciego dayslate (bug 9)
0835e584-1649-4d42-ac8c-024e6c660c33,308.73,Punto ciego dayslate (bug 9)
d7e1a53e-3505-43a3-8307-b76ed5d49acf,1366.9,Punto ciego dayslate (bug 9)
813193ef-30de-415a-b58a-6b893bd5c279,359.61,Punto ciego dayslate (bug 9)
707bc049-b4cc-48f4-9384-9c92b0559b4d,2143.71,Punto ciego dayslate (bug 9)
14710f32-754e-403b-a7bb-4b7a0a0fdcee,1140.08,Punto ciego dayslate (bug 9)
6c833d1f-a369-4371-8d8c-3af076b29765,972.49,Punto ciego dayslate (bug 9)
51e44328-48c9-4010-b452-faacc4ab1f21,639.08,Punto ciego dayslate (bug 9)
6dacf29c-f42f-4884-8904-3d893cda52fa,2465.9,Punto ciego dayslate (bug 9)
e9d9624b-92b1-4085-be65-2b960cb5d865,178.6,Reenganche (excluido por flg_last_loan_in_chain)
2458ea8e-cc56-4749-bc41-bf1a217ec047,1375.37,Punto ciego dayslate (bug 9)
c62f9278-58ee-4360-a514-fcab8a6003b5,11102.38,Punto ciego dayslate (bug 9)
41869d8c-513e-4aec-828c-b6548d89c3f9,1306.74,Punto ciego dayslate (bug 9)
701ff112-33a3-4251-8f12-b16e047bf3cc,246.58,Punto ciego dayslate (bug 9)
10f8d31d-9998-4563-a1a4-8d756b13a312,1018.0,Punto ciego dayslate (bug 9)
e6f1035a-8c48-466b-a156-9bdd374a9a64,521.78,Punto ciego dayslate (bug 9)
5f4df704-1387-4298-8b68-c6d41b0c7bb6,1018.0,Punto ciego dayslate (bug 9)
57a2fa37-1779-47f7-b488-85d9e06f4738,515.9,Punto ciego dayslate (bug 9)
988e7dff-e2d3-4829-96dc-950606fa1c05,715.25,Reenganche (excluido por flg_last_loan_in_chain)
ddb20f4c-dd3a-455e-a624-9a33ab36cde6,3521.18,Punto ciego dayslate (bug 9)
ce53f055-f521-4337-97ed-4c4460be1324,2267.93,Punto ciego dayslate (bug 9)
54f4994d-5f5d-4219-a448-8ba45094a8bb,732.08,Punto ciego dayslate (bug 9)
ced90b81-1cc6-45cc-b650-916c31571366,441.52,Punto ciego dayslate (bug 9)
7d777c5b-749e-4732-95ee-20724c2fc12e,553.71,Punto ciego dayslate (bug 9)
0fcbae58-eb6f-4747-b769-ceebb5ec3461,2283.09,Punto ciego dayslate (bug 9)
4abe985e-a706-41ac-86df-7cd54ed983d5,1168.32,Punto ciego dayslate (bug 9)
b19272ba-ec27-46a8-864f-f8c6e674bf18,2108.0,Punto ciego dayslate (bug 9)
bf09353a-2319-43a1-b21e-556a13cb2f01,2973.11,Punto ciego dayslate (bug 9)
c8e6c78f-c051-4210-9021-b856bae7ef6f,900.22,Punto ciego dayslate (bug 9)
1d576584-6817-4031-bb68-ef570c46717c,8416.01,Punto ciego dayslate (bug 9)
0f697249-f2ee-4ba7-902b-e3dfdc2735a2,1161.37,Reenganche (excluido por flg_last_loan_in_chain)
3ba721e1-61a7-4113-ae43-aeb8670ce886,1450.4,Punto ciego dayslate (bug 9)
b2dd559d-1023-4ad6-bd04-59659a176d37,1058.63,Punto ciego dayslate (bug 9)
090c139b-2fde-4451-9814-d60442a68abc,260.66,Punto ciego dayslate (bug 9)
ea11cb25-1944-4234-8959-f0f7edbf16b0,729.71,Punto ciego dayslate (bug 9)
d9e8d9a6-0b18-4ef6-b277-3ac701a31a3a,1221.6,Punto ciego dayslate (bug 9)
69ae017f-13b3-4aee-be79-904ea52973dc,2016.05,Punto ciego dayslate (bug 9)
f761f831-43d8-4637-ad50-97b76914f442,455.29,Punto ciego dayslate (bug 9)
5f1a7b72-ad08-4fd8-a181-1ad486d28009,3969.18,Punto ciego dayslate (bug 9)
7623182c-f919-48ae-8ae8-1683acc06c5d,2266.0,Punto ciego dayslate (bug 9)
952eafa6-0579-4113-af21-4d93fa6766f2,82.61,Punto ciego dayslate (bug 9)
6ea4279f-8453-4917-a4a3-9fb99881be16,644.98,Punto ciego dayslate (bug 9)
b2fe81b7-eeb3-4a33-9838-e1887cb13d5d,4582.61,Punto ciego dayslate (bug 9)
ef54f099-5dab-4b09-a41d-46d02526b7ba,609.42,Punto ciego dayslate (bug 9)
bd481005-207d-4fe6-a066-8b363fa61355,2353.89,Punto ciego dayslate (bug 9)
5d7cfb42-a497-4952-bde2-b1069b8a6e33,1934.2,Punto ciego dayslate (bug 9)
a9a89d89-04e2-40d2-aec5-e4873149169f,167.35,Punto ciego dayslate (bug 9)
37549df4-ad67-41a2-b484-56d172ea77db,1628.8,Punto ciego dayslate (bug 9)
b1a30737-004a-4ac7-bf9b-c8bd3b2fe643,1253.74,Punto ciego dayslate (bug 9)
f8e8e865-d806-476e-b7b1-e9f3214429eb,1276.96,Punto ciego dayslate (bug 9)
7ebdd454-e306-4ea0-ab4f-ae9dd56c9d3f,376.41,Punto ciego dayslate (bug 9)
72b4ada5-131c-4c6f-b631-d836554cc32f,1373.18,Reenganche (excluido por flg_last_loan_in_chain)
bff7cdad-48b2-4432-b4df-d5aed675eced,1309.92,Punto ciego dayslate (bug 9)
4390d8d3-51e1-4842-99d6-35c758d830ac,434.8,Punto ciego dayslate (bug 9)
2f184d52-b980-49f3-9a85-ff58c764cf7a,2090.0,Punto ciego dayslate (bug 9)
fe99f0df-156f-4fff-a344-7dcc0d0be038,781.73,Punto ciego dayslate (bug 9)
b2b6f733-60d0-402f-b15a-0c8023fde8a0,966.06,Punto ciego dayslate (bug 9)
bf141a2e-09d4-4f29-bdb0-60f8767cfb6a,1382.96,Punto ciego dayslate (bug 9)
3e418f5f-1d83-4c5e-9be9-b2b267d68e12,741.79,Punto ciego dayslate (bug 9)
78f98fc0-e008-451e-b2ee-b948b2efdb3b,919.41,Punto ciego dayslate (bug 9)
ff930266-275f-4529-b16e-19a01a9f2bff,748.67,Punto ciego dayslate (bug 9)
878c75a8-c6dc-4c65-8fd3-26a8e9d38d0b,145.92,Punto ciego dayslate (bug 9)
c4fb7c54-fe29-47df-bffc-0d4d77eec513,1719.71,Punto ciego dayslate (bug 9)
c8c3e768-fb70-4f2a-b78d-2b9aa1f9f1cf,328.41,Punto ciego dayslate (bug 9)
16d77e2e-11e3-4fe7-a163-f700ec13421d,1984.08,Punto ciego dayslate (bug 9)
29694733-c200-4f1f-92b5-67e5c6586651,982.48,Punto ciego dayslate (bug 9)
a9ed4ec4-287f-4d95-8c9e-af1935977cfe,513.28,Punto ciego dayslate (bug 9)
efb30d9e-d20f-4528-b2bd-3c9f919c3394,824.6,Punto ciego dayslate (bug 9)
49286143-a535-4c07-9522-335bf5d69ea7,2095.26,Punto ciego dayslate (bug 9)
72dd8d47-1abc-4347-af76-8d69c9e264ef,1545.0,Punto ciego dayslate (bug 9)
0bde5c01-66ad-4f51-b1b8-9339915ec4d0,107.29,Punto ciego dayslate (bug 9)
cbecac31-69f0-4f69-b345-49a43317d680,224.53,Punto ciego dayslate (bug 9)
a6fc31d7-a297-4714-bdb2-92edb2eef2ff,4266.59,Punto ciego dayslate (bug 9)
d8d5af97-ab86-4cb6-9014-00f86cbb1831,2126.66,Reenganche (excluido por flg_last_loan_in_chain)
0f87a8a5-08a3-4713-97d5-174faa6ee8da,647.39,Punto ciego dayslate (bug 9)
137f8779-a476-4561-8053-c5b797143a51,1166.0,Punto ciego dayslate (bug 9)
92f94161-dc70-4f6f-a2da-084d44cf1a03,2515.64,Punto ciego dayslate (bug 9)
62e7eb97-f58a-49b2-9f18-478415a8a20a,637.33,Punto ciego dayslate (bug 9)
d0df61c8-161d-49ac-aace-bbc95cb987ef,1450.4,Punto ciego dayslate (bug 9)
444482b9-4277-40d0-8cea-f28d29953c3d,561.32,Punto ciego dayslate (bug 9)
153ab216-f451-40ce-803a-2921b7523df3,272.91,Punto ciego dayslate (bug 9)
c3753847-82e3-4ff3-80eb-a384267fe9b5,1864.15,Punto ciego dayslate (bug 9)
a07495bf-c2c9-42d7-820c-21649a4e7623,184.89,Punto ciego dayslate (bug 9)
b3069970-7e79-4612-86c3-ec55a7501648,1568.0,Punto ciego dayslate (bug 9)
ab126570-de2d-4e7f-bc48-acac75cebe03,1110.21,Punto ciego dayslate (bug 9)
f3ebaaac-93d2-4665-bd43-d1490f6509c8,9583.92,Punto ciego dayslate (bug 9)
a879b4fd-27c8-473a-b2e0-573fc20c9c9a,408.97,Punto ciego dayslate (bug 9)
d88252ce-3518-4867-a4fa-e088cf06a564,825.55,Punto ciego dayslate (bug 9)
8370667e-1cd2-4ae1-bf72-f09fe7e69bd3,656.77,Punto ciego dayslate (bug 9)
a8b27dff-5244-4664-b7db-811e5d27f50d,234.46,Punto ciego dayslate (bug 9)
3d571a6b-c37c-427b-b0ec-17bdcf03f27d,2902.15,Punto ciego dayslate (bug 9)
949cd8ac-31ee-4073-9315-e20fb690fa74,1569.45,Punto ciego dayslate (bug 9)
f7a6e906-f62c-4761-8d09-56ff4b11a146,933.37,Punto ciego dayslate (bug 9)
9c8701fa-8254-4457-956e-6c59b915a24e,727.86,Punto ciego dayslate (bug 9)
3b4b76ef-93b5-4fa9-93a3-5c0c06c86d0d,637.39,Punto ciego dayslate (bug 9)
ca7520fd-f772-4053-8c76-91cf1de0ae70,405.6,Punto ciego dayslate (bug 9)
8b409571-c032-4c84-93b5-0a5573669dcf,1581.0,Punto ciego dayslate (bug 9)
7db808c2-89e4-4ce2-a0be-77ae60e2e8a3,355.77,Punto ciego dayslate (bug 9)
1dd4e127-a22c-4285-a07b-54260634f773,479.49,Punto ciego dayslate (bug 9)
5361bd1d-e88c-4261-af10-82252ca33ac3,13337.31,Punto ciego dayslate (bug 9)
f75f8693-b645-400e-b067-4e4e170a371f,467.2,Punto ciego dayslate (bug 9)
e45aaa9b-48a7-4e9c-a8cc-5ac878228d37,3532.72,Punto ciego dayslate (bug 9)
2734affb-85f0-49a8-811c-ad23108329f7,1769.7,Punto ciego dayslate (bug 9)
66cb602c-6f5d-4632-980b-2fba6f2a333b,2055.34,Punto ciego dayslate (bug 9)
0c3cd5d2-8238-4178-a11e-2d0fcaf2155e,150.55,Punto ciego dayslate (bug 9)
8b734e95-aedf-4428-a27f-887cb61c6307,2129.64,Punto ciego dayslate (bug 9)
34a0ff21-e3bf-4798-a204-884e0757c81f,2107.5,Punto ciego dayslate (bug 9)
da3485bf-58b5-4283-ac52-6fbff485c329,282.85,Punto ciego dayslate (bug 9)
85dc528c-92dd-427c-8ae5-09b538fe2c7e,1831.38,Punto ciego dayslate (bug 9)
0e135860-2ea4-4739-85f5-6fa3f40548bd,1351.54,Punto ciego dayslate (bug 9)
90625cf9-57bb-4bf4-8667-b0343129e837,762.48,Punto ciego dayslate (bug 9)
1e1387ed-f31c-409c-9b70-0c03a1e21d05,5450.0,Punto ciego dayslate (bug 9)
be245a19-4bb0-45c1-b149-6e70fa2549b2,291.9,Punto ciego dayslate (bug 9)
4723bff8-e203-43c5-911c-5bbdb6e565c9,2686.28,Punto ciego dayslate (bug 9)
e36b2387-3466-4edd-8ea4-1e9543eb0f7b,1429.4,Punto ciego dayslate (bug 9)
30916103-ef05-413b-b249-9f46d0df261f,5417.88,Punto ciego dayslate (bug 9)
9923ae63-7776-417c-a323-67d9f8c62013,437.03,Punto ciego dayslate (bug 9)
b1115b1f-1ddf-4791-a68a-77ac66d00c0d,62.65,Punto ciego dayslate (bug 9)
dc86ef68-ebea-4f34-b368-b6a651fd2a37,802.37,Punto ciego dayslate (bug 9)
15548d72-9cc0-4dcb-b765-121e5f7e541a,1581.0,Punto ciego dayslate (bug 9)
4092c0bd-903c-43d5-bce6-9b3214d832ff,2666.52,Punto ciego dayslate (bug 9)
79c7a769-5bd3-4fe3-9496-f5d8191b0653,1996.49,Punto ciego dayslate (bug 9)
607a3649-f91f-44f4-a039-8e053d129ec3,2061.72,Punto ciego dayslate (bug 9)
3b7232f0-9080-4d00-8799-2ba631e65a7a,4034.99,Punto ciego dayslate (bug 9)
a418ef86-5983-4fca-a8aa-60071addb731,2442.99,Punto ciego dayslate (bug 9)
6ad31bc8-2d9b-4543-b0c6-65c01b6b76ae,736.66,Punto ciego dayslate (bug 9)
05cdaece-4326-4a9d-96ad-425fe8d61a90,3010.86,Punto ciego dayslate (bug 9)
d9a5d72b-0f87-4c84-ab9f-f1690e13c9a8,1408.77,Punto ciego dayslate (bug 9)
6ad4413e-e5dd-433d-918d-e38a4b9ae243,1486.72,Punto ciego dayslate (bug 9)
d6dae7f7-aefb-4aa6-80e9-59e4869aaceb,1346.8,Punto ciego dayslate (bug 9)
27d2419e-43f0-4530-a4fc-32209c16e313,2529.6,Punto ciego dayslate (bug 9)
5e17544a-e1d1-4277-8d54-5cca0dd6c895,6008.44,Punto ciego dayslate (bug 9)
1604b2ce-8aa5-4520-892e-098e523a5120,3567.57,Punto ciego dayslate (bug 9)
09423e45-878d-4c6d-a247-31a7c68bd74e,2924.93,Punto ciego dayslate (bug 9)
b3ba68e4-c3a2-42f3-b302-d1f49432609b,227.86,Punto ciego dayslate (bug 9)
19a0b776-3080-4e79-bf72-63d1a047532a,837.84,Punto ciego dayslate (bug 9)
b6694758-73b2-4c2a-916b-884ac6b9a954,990.44,Punto ciego dayslate (bug 9)
48173e74-6fd6-4d5c-bef7-30d8e3f96c5f,508.65,Punto ciego dayslate (bug 9)
f76f0bcf-4e33-46d7-8f46-bf7a791b4615,1051.82,Punto ciego dayslate (bug 9)
01f97f72-251f-4241-baba-43138e76ef79,180.63,Punto ciego dayslate (bug 9)
84a329d1-d4ae-443e-af28-5b0fb72fb069,304.02,Punto ciego dayslate (bug 9)
e2b4a122-6561-419a-81f6-9a3257330b73,281.68,Punto ciego dayslate (bug 9)
c86c42a5-46d1-4317-816a-4be5f1317966,377.84,Punto ciego dayslate (bug 9)
39ec7fbc-487c-45b2-986b-f4e19d2c4900,1022.82,Reenganche (excluido por flg_last_loan_in_chain)
9289ac0b-9763-4961-9c9f-735ec3bea583,966.58,Punto ciego dayslate (bug 9)
8db5fd01-3a26-4bb3-970a-d2d3043f43af,904.94,Punto ciego dayslate (bug 9)
173e64a1-f884-4261-9620-b06c39fbd4b8,1031.83,Punto ciego dayslate (bug 9)
dd825a8f-8faf-4f46-b2fe-83fb4cb32a17,4412.74,Punto ciego dayslate (bug 9)
a0afaa1c-5f0b-499e-807b-60a4ee13e90a,9263.8,Punto ciego dayslate (bug 9)
413a6d45-7a05-4be2-a7e9-c54bc888f555,726.39,Punto ciego dayslate (bug 9)
c9833f06-9258-43dc-b7ba-874c16d10413,2036.0,Punto ciego dayslate (bug 9)
f1fa1a03-bde3-4371-986e-549c2cad9a6a,677.44,Punto ciego dayslate (bug 9)
0e7aa84d-3135-4360-a4ee-142fae79719b,1405.82,Punto ciego dayslate (bug 9)
97c1ce29-f351-4e4f-b748-b5f4e660028d,334.32,Punto ciego dayslate (bug 9)
33835804-4679-4ea6-82b2-5bcb1fcaaa9b,311.83,Punto ciego dayslate (bug 9)
c687b1ef-2c28-4245-8564-7552a134040e,1749.97,Punto ciego dayslate (bug 9)
5b48314a-ba7e-4173-a2a3-626837d7f695,436.48,Punto ciego dayslate (bug 9)
257d5782-0f06-4966-964f-b66decec8c4a,290.14,Punto ciego dayslate (bug 9)
b48cc4c6-0b62-4ce3-ae32-d824069010b4,6154.08,Punto ciego dayslate (bug 9)
3447d8b6-7a85-48fa-8c20-f815b4ae5e78,659.6,Punto ciego dayslate (bug 9)
dbd294fb-a0f4-41a5-bb25-2ac4241f6433,1296.12,Punto ciego dayslate (bug 9)
9ec68e58-cac6-4fd3-925b-0db6843fb57a,445.88,Punto ciego dayslate (bug 9)
77f36e52-35d9-4a11-84e5-a9b21054bc33,2557.99,Punto ciego dayslate (bug 9)
44084e24-6145-41fb-b9bf-5c1424fa05ce,82.2,Punto ciego dayslate (bug 9)
96f5a7f9-7011-4efc-8f80-dc006d67c019,2078.9,Punto ciego dayslate (bug 9)
69192c2d-afef-4657-bcdd-0230aed07588,1151.9,Punto ciego dayslate (bug 9)
b713e1e5-d826-4ec0-89a9-908faff35063,4175.31,Punto ciego dayslate (bug 9)
0979048a-87c9-4d6b-9d92-5395fef4553c,2872.88,Punto ciego dayslate (bug 9)
dde544dc-5ccb-408b-af97-db3cf3fcb37c,827.29,Punto ciego dayslate (bug 9)
9f04c807-5022-415a-b427-07a518078448,544.89,Punto ciego dayslate (bug 9)
52bd7401-213b-4c89-a4b4-a86b92876df1,778.18,Punto ciego dayslate (bug 9)
eeee5dbf-4880-4a10-a4c8-bc41b2d0d859,386.1,Punto ciego dayslate (bug 9)
b3edd1bf-016b-43cc-8d06-ad65b5096420,272.9,Punto ciego dayslate (bug 9)
03403f26-38fb-45dd-966c-d0f88924027c,1595.68,Punto ciego dayslate (bug 9)
bf3bd0e0-5e94-4212-ad7d-7e273d27ea01,8286.96,Punto ciego dayslate (bug 9)
7b0d28a4-71a2-418c-a27d-bf0016f24a7c,1005.16,Punto ciego dayslate (bug 9)
37354d05-28fb-46cb-87be-58be96ea3009,715.37,Punto ciego dayslate (bug 9)
4bae53c2-8377-4443-85ad-2f4aaeefdccb,6317.17,Punto ciego dayslate (bug 9)
5fbf1481-c8fa-4096-8d71-c20643ece4b5,108.1,Punto ciego dayslate (bug 9)
7aa149a9-8085-4831-b3c8-c752cc5bcade,1066.25,Punto ciego dayslate (bug 9)
f54f9631-eb7f-47ef-8eff-c59698a81242,1779.46,Punto ciego dayslate (bug 9)
895e7af2-d371-48cd-b5a3-f49851e30e58,1244.01,Punto ciego dayslate (bug 9)
e2e3563b-9a63-4cf1-b1db-ec6de1f8ebdc,2323.46,Punto ciego dayslate (bug 9)
a8e4f3fa-b43c-4426-a300-a2a1c0f52d14,764.45,Punto ciego dayslate (bug 9)
b510a9c5-9503-43a9-87a2-ce121062bdae,678.35,Punto ciego dayslate (bug 9)
23ed5ef1-a1e4-417c-a536-17197e52029a,238.57,Punto ciego dayslate (bug 9)
08ad4dfe-4590-42c6-8693-79125081e234,1595.47,Punto ciego dayslate (bug 9)
81631ceb-9f1c-45d5-b10a-740c78b0e0a3,1851.62,Punto ciego dayslate (bug 9)
5a2e4a0f-7e81-4589-86a0-20e068bda2e2,3135.0,Punto ciego dayslate (bug 9)
50212f80-06ae-4197-b44f-3c014b9a8c00,415.88,Punto ciego dayslate (bug 9)
af3f1c79-c0d0-47c8-8fdb-e11b822fafeb,1567.5,Punto ciego dayslate (bug 9)
899c94e4-60e1-426b-a748-43e89556a040,72.97,Punto ciego dayslate (bug 9)
38895106-a74c-419b-b143-3c1f77df2ee6,446.16,Punto ciego dayslate (bug 9)
f7c2fdee-2066-4ede-830c-35f133b3b2ee,533.42,Punto ciego dayslate (bug 9)
80d265cb-4f0f-4d0f-9fef-f157e1c0df03,687.22,Punto ciego dayslate (bug 9)
af2039ec-d9c8-4f70-9f44-5532654b0889,1036.0,Punto ciego dayslate (bug 9)
60e83481-46eb-4994-b19c-fecd52861547,614.35,Punto ciego dayslate (bug 9)
af372757-a1c9-499f-a790-a93b82d2b47a,1375.36,Punto ciego dayslate (bug 9)
c4f1a1a3-4f3a-4226-9fcf-b039b673ceb4,1981.84,Punto ciego dayslate (bug 9)
db0067d4-30e3-4bd8-8d64-b7e7740d2237,1475.08,Punto ciego dayslate (bug 9)
71038c38-7e0e-4b0a-aaff-0571e1067d67,2177.27,Punto ciego dayslate (bug 9)
1ff5e383-8f76-4303-baf2-baae1b95bc5a,776.9,Punto ciego dayslate (bug 9)
a1fbba4a-3f99-4c50-805b-9139563c348d,3999.9,Punto ciego dayslate (bug 9)
e76fb21d-0ec6-4920-a01c-e29593689d4e,3732.29,Punto ciego dayslate (bug 9)
84563ce8-93f6-4024-90e3-1dd8d475e3b2,538.88,Punto ciego dayslate (bug 9)
8ce38fbc-5324-4175-a7e5-eec97837ca41,343.64,Punto ciego dayslate (bug 9)
0d97e13e-923b-4c84-bc13-acfd40e14a81,105.25,Punto ciego dayslate (bug 9)
9ad89aa1-a7f0-4d3f-b43b-af4b12838365,1440.97,Punto ciego dayslate (bug 9)
65e5ce5f-44d5-4353-b17a-e52f87b3eeef,781.82,Punto ciego dayslate (bug 9)
188349d7-557c-4eec-83a9-436a64374b40,2399.03,Punto ciego dayslate (bug 9)
d20f8564-f02c-421a-af21-781c289b10c0,1036.0,Punto ciego dayslate (bug 9)
7dc29566-8930-4a2d-a158-96958978caa1,356.73,Punto ciego dayslate (bug 9)
060203c8-2c85-474d-8f6c-88139a8b8371,1127.39,Punto ciego dayslate (bug 9)
62e3dcb1-88d6-43de-af76-f756d7940055,11217.87,Punto ciego dayslate (bug 9)
c0e0f4c8-7373-4024-9bab-4976600b5dcb,1983.53,Punto ciego dayslate (bug 9)
102c2ded-5fe9-4366-b22e-ed2f9ccee8b9,1028.97,Punto ciego dayslate (bug 9)
8dbe5257-bb4c-4df3-9e34-fced6a6cf096,1936.27,Punto ciego dayslate (bug 9)
00a40107-428b-4975-be83-e51b46716a54,1179.7,Punto ciego dayslate (bug 9)
25dac03a-a121-4c2d-be73-71aa76c44863,290.38,Punto ciego dayslate (bug 9)
af8e5664-cb62-4afa-9085-adb87c6e4e89,154.92,Punto ciego dayslate (bug 9)
fd1816ba-09a3-4f40-8153-a494243e82b9,564.53,Punto ciego dayslate (bug 9)
bde839f8-13af-40ba-8a2b-1e8478610555,1113.36,Punto ciego dayslate (bug 9)
54ea982b-de1a-412a-9744-25d486abd165,986.75,Punto ciego dayslate (bug 9)
6d94e3e8-d6bc-4f2a-980c-df9bb2226126,1715.63,Punto ciego dayslate (bug 9)
64b35f57-5a4b-43a1-9289-6c82c9d89268,6484.36,Punto ciego dayslate (bug 9)
6a276363-b0be-4d93-818e-a12a5a5edfa1,4852.39,Punto ciego dayslate (bug 9)
bb838e76-ee1b-4f1e-954d-34b6b67ccef4,1126.83,Punto ciego dayslate (bug 9)
6f555aee-0ed6-4c3b-a55c-8427e2c66b3f,1816.12,Punto ciego dayslate (bug 9)
46d4ad6d-8bd1-4468-b394-db44d61ee48e,339.47,Punto ciego dayslate (bug 9)
32334791-a38a-4122-8128-fcfeb5f16bff,3469.38,Punto ciego dayslate (bug 9)
b0354768-8c6d-4349-a962-fa400369e1ba,1372.81,Punto ciego dayslate (bug 9)
3dc60b9d-0adc-48f6-9596-da7de13def82,553.94,Punto ciego dayslate (bug 9)
b8cd4b83-b4c9-46ae-bd36-ca46e5d109b1,3439.12,Reenganche (excluido por flg_last_loan_in_chain)
da751b98-4c85-4d05-942c-d987cd198323,1740.78,Punto ciego dayslate (bug 9)
725df447-81de-49ee-a2b5-d2e9d5a5a5c7,224.55,Punto ciego dayslate (bug 9)
ce8db59a-d7f8-4494-b822-885ddbb0f02c,1357.79,Punto ciego dayslate (bug 9)
1b26f269-1fa9-43b9-ac70-07eeaeba46d6,805.18,Punto ciego dayslate (bug 9)
28d3c6b3-f665-43ae-8079-f70fb3d4c7b8,317.93,Punto ciego dayslate (bug 9)
03cd3865-bdd0-459e-b3c3-96eeba9df7f4,839.08,Punto ciego dayslate (bug 9)
951df210-f756-45d9-9353-3a56ce1a4168,389.76,Punto ciego dayslate (bug 9)
6e0006d1-a827-4372-829a-ca3de02dcf9f,118.98,Punto ciego dayslate (bug 9)
9726cd19-db9b-41d4-ae21-aa40b7a3e602,127.2,Punto ciego dayslate (bug 9)
a2c39054-f8ff-4e98-a885-412844d7014f,4407.1,Punto ciego dayslate (bug 9)
0a46ed63-3eae-4f74-99e7-c04ec36d3bcc,2699.59,Punto ciego dayslate (bug 9)
52697371-2aa3-49b4-a3f9-08173092051c,4863.96,Punto ciego dayslate (bug 9)
a4a67b63-5bb0-4561-b477-48431477ebcc,996.76,Punto ciego dayslate (bug 9)
e955569c-f06c-41d5-b8a7-3a7aabf6256a,326.33,Punto ciego dayslate (bug 9)
68e23b0b-cf9d-44b9-ad3e-04463b6a456a,5349.97,Punto ciego dayslate (bug 9)
9138a634-17f0-47ec-8287-c9d8444d3d47,1069.63,Punto ciego dayslate (bug 9)
75725013-c1da-487e-b19e-76ec76c5fb64,1897.2,Punto ciego dayslate (bug 9)
388e7d27-72ce-4b65-afcd-079603de0912,444.37,Punto ciego dayslate (bug 9)
62d082da-bf38-4048-a2f0-2a6833866bf7,1971.78,Punto ciego dayslate (bug 9)
3e25e8e4-3448-42ea-aab0-5a35d78e50f5,866.31,Punto ciego dayslate (bug 9)
a1ba899e-8050-4619-9e5b-2f63fa85ed99,946.35,Reenganche (excluido por flg_last_loan_in_chain)
aa888438-4157-4034-a7e3-24753f5c5d76,243.34,Punto ciego dayslate (bug 9)
af5c13e6-3d1f-432d-aace-60c03052b50c,729.04,Punto ciego dayslate (bug 9)
e1fea442-bd33-49f1-92a3-4b1e590e9925,1424.18,Punto ciego dayslate (bug 9)
4faded6c-ff5e-4850-aa62-7b11eb5931e3,2318.8,Punto ciego dayslate (bug 9)
21226f01-386f-4b6d-a927-508740d489af,507.11,Punto ciego dayslate (bug 9)
574ab0f8-07cf-4e9b-b39c-86b0725b9509,675.74,Punto ciego dayslate (bug 9)
4a24d0db-6838-4253-be8f-059465e13966,2348.91,Punto ciego dayslate (bug 9)
0bffb5b4-1f01-4713-b28b-494b89a2ed51,3596.12,Punto ciego dayslate (bug 9)
5a5f40a7-caed-4823-a997-db13dd0b959e,840.53,Punto ciego dayslate (bug 9)
7a6e0668-cc19-403d-a7b3-e79d27ad161c,179.89,Punto ciego dayslate (bug 9)
e06a5eda-9991-4c2a-8ed3-f73d3ed8fb21,1453.0,Punto ciego dayslate (bug 9)
6040cd50-7ea5-4d04-85b4-f227a61ef1ce,378.56,Punto ciego dayslate (bug 9)
4e8244c2-7f71-4c7d-8378-98658766de99,411.02,Punto ciego dayslate (bug 9)
d6ea0c27-136f-46e0-bc87-26c5b52a1d18,3511.87,Reenganche (excluido por flg_last_loan_in_chain)
11bdde08-0949-4225-b65f-efacd9186c49,4988.2,Punto ciego dayslate (bug 9)
7e6a5579-5bf0-4cd6-85e0-ee782f3adcc3,1424.18,Punto ciego dayslate (bug 9)
04a462e7-f3ab-49a0-be44-78d889a19dde,868.53,Punto ciego dayslate (bug 9)
070c1d25-12bb-4e9b-8a9a-49bb525d9dc4,2092.04,Punto ciego dayslate (bug 9)
16326adf-dd6f-46d5-821d-a8856d6ed38b,419.36,Punto ciego dayslate (bug 9)
1d644250-8d42-44d9-8bda-1e5573a9eecb,2742.46,Punto ciego dayslate (bug 9)
a18ca920-31aa-46fb-9cd0-c28403fb659c,740.39,Punto ciego dayslate (bug 9)
38e59d77-66d9-49f7-8009-d82c0c5862ff,1131.55,Punto ciego dayslate (bug 9)
5229c05f-02d5-4324-bae1-4a037bc8c6e8,1934.28,Punto ciego dayslate (bug 9)
ce69c7b2-d996-4038-80a3-4b3b612f5851,753.98,Punto ciego dayslate (bug 9)
acc3c1e2-2274-47ef-8f23-a8268d161aff,915.18,Punto ciego dayslate (bug 9)
48f67b69-e1b1-4dfb-b113-7e1c0d4dff41,1108.45,Punto ciego dayslate (bug 9)
ce4dc1db-72e7-4c36-9d07-08fa79a413c1,1452.09,Punto ciego dayslate (bug 9)
0bc51807-b1f7-4f1c-be51-557cfd30010f,1018.0,Punto ciego dayslate (bug 9)
8ac5c4df-bd6c-4933-9edb-76131799757a,2646.8,Punto ciego dayslate (bug 9)
acda6540-eb15-430c-ae70-46ed78368f7b,2373.79,Punto ciego dayslate (bug 9)
