"tipo","periodo_meta","tramo","avance_band","dia","saldo","creditos"
"base","202501","a. 1-8","a. avance <10%","-1","252123.2","116"
"act","202501","a. 1-8","a. avance <10%","1","14167.18",
"act","202501","a. 1-8","a. avance <10%","2","47335.65",
"act","202501","a. 1-8","a. avance <10%","3","17139.92",
"act","202501","a. 1-8","a. avance <10%","4","10799.63",
"act","202501","a. 1-8","a. avance <10%","6","10248.1",
"act","202501","a. 1-8","a. avance <10%","7","8973.66",
"act","202501","a. 1-8","a. avance <10%","8","1617.18",
"act","202501","a. 1-8","a. avance <10%","9","4803.2",
"act","202501","a. 1-8","a. avance <10%","10","5687.31",
"act","202501","a. 1-8","a. avance <10%","11","909.79",
"act","202501","a. 1-8","a. avance <10%","14","1786.97",
"act","202501","a. 1-8","a. avance <10%","15","3029.78",
"act","202501","a. 1-8","a. avance <10%","16","2013.7",
"act","202501","a. 1-8","a. avance <10%","17","1273.6",
"act","202501","a. 1-8","a. avance <10%","20","5371.91",
"act","202501","a. 1-8","a. avance <10%","21","2126.91",
"act","202501","a. 1-8","a. avance <10%","22","403.79",
"act","202501","a. 1-8","a. avance <10%","23","2550.0",
"act","202501","a. 1-8","a. avance <10%","24","2069.26",
"act","202501","a. 1-8","a. avance <10%","27","4974.52",
"act","202501","a. 1-8","a. avance <10%","28","14234.9",
"act","202501","a. 1-8","a. avance <10%","30","5021.95",
"act","202501","a. 1-8","a. avance <10%","31","3136.81",
"base","202501","a. 1-8","b. avance 10-40%","-1","317159.15","216"
"act","202501","a. 1-8","b. avance 10-40%","1","15949.33",
"act","202501","a. 1-8","b. avance 10-40%","2","48096.32",
"act","202501","a. 1-8","b. avance 10-40%","3","45658.8",
"act","202501","a. 1-8","b. avance 10-40%","4","7116.43",
"act","202501","a. 1-8","b. avance 10-40%","5","7089.99",
"act","202501","a. 1-8","b. avance 10-40%","6","11517.44",
"act","202501","a. 1-8","b. avance 10-40%","7","6374.8",
"act","202501","a. 1-8","b. avance 10-40%","8","157.86",
"act","202501","a. 1-8","b. avance 10-40%","9","410.86",
"act","202501","a. 1-8","b. avance 10-40%","10","11456.9",
"act","202501","a. 1-8","b. avance 10-40%","11","1827.69",
"act","202501","a. 1-8","b. avance 10-40%","12","1385.63",
"act","202501","a. 1-8","b. avance 10-40%","13","4321.36",
"act","202501","a. 1-8","b. avance 10-40%","15","2628.82",
"act","202501","a. 1-8","b. avance 10-40%","16","4985.91",
"act","202501","a. 1-8","b. avance 10-40%","18","4579.5",
"act","202501","a. 1-8","b. avance 10-40%","19","1234.66",
"act","202501","a. 1-8","b. avance 10-40%","20","4863.48",
"act","202501","a. 1-8","b. avance 10-40%","21","715.2",
"act","202501","a. 1-8","b. avance 10-40%","23","893.44",
"act","202501","a. 1-8","b. avance 10-40%","24","6884.39",
"act","202501","a. 1-8","b. avance 10-40%","25","5076.69",
"act","202501","a. 1-8","b. avance 10-40%","26","2021.42",
"act","202501","a. 1-8","b. avance 10-40%","27","8928.47",
"act","202501","a. 1-8","b. avance 10-40%","28","6762.04",
"act","202501","a. 1-8","b. avance 10-40%","29","10294.32",
"act","202501","a. 1-8","b. avance 10-40%","30","20319.67",
"act","202501","a. 1-8","b. avance 10-40%","31","14558.67",
"base","202501","a. 1-8","c. avance 40-70%","-1","112348.32","154"
"act","202501","a. 1-8","c. avance 40-70%","1","3723.76",
"act","202501","a. 1-8","c. avance 40-70%","2","14533.87",
"act","202501","a. 1-8","c. avance 40-70%","3","14146.69",
"act","202501","a. 1-8","c. avance 40-70%","4","8757.01",
"act","202501","a. 1-8","c. avance 40-70%","5","176.55",
"act","202501","a. 1-8","c. avance 40-70%","6","7277.12",
"act","202501","a. 1-8","c. avance 40-70%","7","8045.92",
"act","202501","a. 1-8","c. avance 40-70%","8","1470.7",
"act","202501","a. 1-8","c. avance 40-70%","9","5022.94",
"act","202501","a. 1-8","c. avance 40-70%","10","1441.6",
"act","202501","a. 1-8","c. avance 40-70%","11","1106.82",
"act","202501","a. 1-8","c. avance 40-70%","13","656.93",
"act","202501","a. 1-8","c. avance 40-70%","15","536.41",
"act","202501","a. 1-8","c. avance 40-70%","16","1693.85",
"act","202501","a. 1-8","c. avance 40-70%","17","514.53",
"act","202501","a. 1-8","c. avance 40-70%","19","855.07",
"act","202501","a. 1-8","c. avance 40-70%","20","478.72",
"act","202501","a. 1-8","c. avance 40-70%","21","555.6",
"act","202501","a. 1-8","c. avance 40-70%","22","2907.33",
"act","202501","a. 1-8","c. avance 40-70%","23","798.71",
"act","202501","a. 1-8","c. avance 40-70%","24","155.8",
"act","202501","a. 1-8","c. avance 40-70%","27","6646.93",
"act","202501","a. 1-8","c. avance 40-70%","28","2252.31",
"act","202501","a. 1-8","c. avance 40-70%","29","1608.59",
"act","202501","a. 1-8","c. avance 40-70%","30","10899.65",
"act","202501","a. 1-8","c. avance 40-70%","31","4923.33",
"base","202501","a. 1-8","d. avance 70%+","-1","18127.4","60"
"act","202501","a. 1-8","d. avance 70%+","1","257.75",
"act","202501","a. 1-8","d. avance 70%+","2","2032.33",
"act","202501","a. 1-8","d. avance 70%+","3","1378.58",
"act","202501","a. 1-8","d. avance 70%+","4","428.89",
"act","202501","a. 1-8","d. avance 70%+","5","206.1",
"act","202501","a. 1-8","d. avance 70%+","6","2406.02",
"act","202501","a. 1-8","d. avance 70%+","7","746.94",
"act","202501","a. 1-8","d. avance 70%+","8","525.23",
"act","202501","a. 1-8","d. avance 70%+","10","517.46",
"act","202501","a. 1-8","d. avance 70%+","13","417.74",
"act","202501","a. 1-8","d. avance 70%+","14","174.42",
"act","202501","a. 1-8","d. avance 70%+","19","199.32",
"act","202501","a. 1-8","d. avance 70%+","20","146.58",
"act","202501","a. 1-8","d. avance 70%+","21","998.91",
"act","202501","a. 1-8","d. avance 70%+","22","281.13",
"act","202501","a. 1-8","d. avance 70%+","24","269.34",
"act","202501","a. 1-8","d. avance 70%+","28","331.36",
"act","202501","a. 1-8","d. avance 70%+","29","652.98",
"act","202501","a. 1-8","d. avance 70%+","30","1654.93",
"act","202501","a. 1-8","d. avance 70%+","31","657.66",
"base","202501","b. 9-15","a. avance <10%","-1","33498.33","21"
"act","202501","b. 9-15","a. avance <10%","2","8320.14",
"act","202501","b. 9-15","a. avance <10%","3","6121.29",
"act","202501","b. 9-15","a. avance <10%","6","1385.18",
"act","202501","b. 9-15","a. avance <10%","7","521.67",
"act","202501","b. 9-15","a. avance <10%","9","2022.99",
"act","202501","b. 9-15","a. avance <10%","11","2035.58",
"act","202501","b. 9-15","a. avance <10%","14","1059.32",
"act","202501","b. 9-15","a. avance <10%","17","511.95",
"act","202501","b. 9-15","a. avance <10%","20","203.81",
"act","202501","b. 9-15","a. avance <10%","28","1408.91",
"act","202501","b. 9-15","a. avance <10%","31","1404.01",
"base","202501","b. 9-15","b. avance 10-40%","-1","18889.83","13"
"act","202501","b. 9-15","b. avance 10-40%","2","493.33",
"act","202501","b. 9-15","b. avance 10-40%","3","927.27",
"act","202501","b. 9-15","b. avance 10-40%","6","1278.75",
"act","202501","b. 9-15","b. avance 10-40%","9","2967.14",
"act","202501","b. 9-15","b. avance 10-40%","10","347.92",
"act","202501","b. 9-15","b. avance 10-40%","11","729.74",
"act","202501","b. 9-15","b. avance 10-40%","17","2215.45",
"act","202501","b. 9-15","b. avance 10-40%","20","5045.46",
"act","202501","b. 9-15","b. avance 10-40%","23","1099.91",
"act","202501","b. 9-15","b. avance 10-40%","29","2186.89",
"base","202501","b. 9-15","c. avance 40-70%","-1","12211.15","21"
"act","202501","b. 9-15","c. avance 40-70%","2","1754.08",
"act","202501","b. 9-15","c. avance 40-70%","3","122.64",
"act","202501","b. 9-15","c. avance 40-70%","4","586.33",
"act","202501","b. 9-15","c. avance 40-70%","6","1250.08",
"act","202501","b. 9-15","c. avance 40-70%","7","258.93",
"act","202501","b. 9-15","c. avance 40-70%","9","193.12",
"act","202501","b. 9-15","c. avance 40-70%","10","530.18",
"act","202501","b. 9-15","c. avance 40-70%","21","756.46",
"act","202501","b. 9-15","c. avance 40-70%","22","726.23",
"act","202501","b. 9-15","c. avance 40-70%","27","461.97",
"act","202501","b. 9-15","c. avance 40-70%","30","1165.47",
"act","202501","b. 9-15","c. avance 40-70%","31","613.18",
"base","202501","b. 9-15","d. avance 70%+","-1","1506.94","5"
"act","202501","b. 9-15","d. avance 70%+","2","581.36",
"act","202501","b. 9-15","d. avance 70%+","5","133.06",
"act","202501","b. 9-15","d. avance 70%+","10","572.68",
"base","202501","c. 16-30","a. avance <10%","-1","20859.8","16"
"act","202501","c. 16-30","a. avance <10%","2","218.87",
"act","202501","c. 16-30","a. avance <10%","3","466.86",
"act","202501","c. 16-30","a. avance <10%","4","2515.0",
"act","202501","c. 16-30","a. avance <10%","14","2316.89",
"base","202501","c. 16-30","b. avance 10-40%","-1","21873.17","19"
"act","202501","c. 16-30","b. avance 10-40%","2","2094.42",
"act","202501","c. 16-30","b. avance 10-40%","4","627.44",
"act","202501","c. 16-30","b. avance 10-40%","6","259.89",
"act","202501","c. 16-30","b. avance 10-40%","7","1081.12",
"act","202501","c. 16-30","b. avance 10-40%","9","1119.21",
"act","202501","c. 16-30","b. avance 10-40%","10","1312.72",
"act","202501","c. 16-30","b. avance 10-40%","14","819.1",
"act","202501","c. 16-30","b. avance 10-40%","17","716.68",
"act","202501","c. 16-30","b. avance 10-40%","25","349.21",
"act","202501","c. 16-30","b. avance 10-40%","28","709.13",
"act","202501","c. 16-30","b. avance 10-40%","31","893.37",
"base","202501","c. 16-30","c. avance 40-70%","-1","1179.1","5"
"act","202501","c. 16-30","c. avance 40-70%","2","738.39",
"act","202501","c. 16-30","c. avance 40-70%","4","159.09",
"act","202501","c. 16-30","c. avance 40-70%","7","174.59",
"act","202501","c. 16-30","c. avance 40-70%","15","107.03",
"base","202501","c. 16-30","d. avance 70%+","-1","972.89","1"
"act","202501","c. 16-30","d. avance 70%+","15","972.89",
"base","202502","a. 1-8","a. avance <10%","-1","477465.41","207"
"act","202502","a. 1-8","a. avance <10%","1","75636.09",
"act","202502","a. 1-8","a. avance <10%","2","14293.9",
"act","202502","a. 1-8","a. avance <10%","3","53033.53",
"act","202502","a. 1-8","a. avance <10%","4","23488.94",
"act","202502","a. 1-8","a. avance <10%","5","25983.03",
"act","202502","a. 1-8","a. avance <10%","6","6085.19",
"act","202502","a. 1-8","a. avance <10%","7","200.8",
"act","202502","a. 1-8","a. avance <10%","8","13198.54",
"act","202502","a. 1-8","a. avance <10%","9","7649.13",
"act","202502","a. 1-8","a. avance <10%","10","6516.74",
"act","202502","a. 1-8","a. avance <10%","11","3712.55",
"act","202502","a. 1-8","a. avance <10%","13","13909.96",
"act","202502","a. 1-8","a. avance <10%","14","8146.12",
"act","202502","a. 1-8","a. avance <10%","16","1472.56",
"act","202502","a. 1-8","a. avance <10%","17","7165.64",
"act","202502","a. 1-8","a. avance <10%","18","3364.8",
"act","202502","a. 1-8","a. avance <10%","19","2049.26",
"act","202502","a. 1-8","a. avance <10%","22","2982.46",
"act","202502","a. 1-8","a. avance <10%","23","1871.12",
"act","202502","a. 1-8","a. avance <10%","24","1536.0",
"act","202502","a. 1-8","a. avance <10%","25","3229.15",
"act","202502","a. 1-8","a. avance <10%","26","2985.9",
"act","202502","a. 1-8","a. avance <10%","27","4835.07",
"act","202502","a. 1-8","a. avance <10%","28","45103.15",
"base","202502","a. 1-8","b. avance 10-40%","-1","319769.82","238"
"act","202502","a. 1-8","b. avance 10-40%","1","32547.94",
"act","202502","a. 1-8","b. avance 10-40%","2","10205.01",
"act","202502","a. 1-8","b. avance 10-40%","3","52022.67",
"act","202502","a. 1-8","b. avance 10-40%","4","27096.75",
"act","202502","a. 1-8","b. avance 10-40%","5","18856.93",
"act","202502","a. 1-8","b. avance 10-40%","6","6462.17",
"act","202502","a. 1-8","b. avance 10-40%","7","9818.92",
"act","202502","a. 1-8","b. avance 10-40%","8","6686.79",
"act","202502","a. 1-8","b. avance 10-40%","10","939.86",
"act","202502","a. 1-8","b. avance 10-40%","11","2554.44",
"act","202502","a. 1-8","b. avance 10-40%","12","2992.85",
"act","202502","a. 1-8","b. avance 10-40%","14","1367.72",
"act","202502","a. 1-8","b. avance 10-40%","15","3268.49",
"act","202502","a. 1-8","b. avance 10-40%","17","1374.18",
"act","202502","a. 1-8","b. avance 10-40%","18","1483.15",
"act","202502","a. 1-8","b. avance 10-40%","19","1474.75",
"act","202502","a. 1-8","b. avance 10-40%","20","1456.7",
"act","202502","a. 1-8","b. avance 10-40%","21","1818.88",
"act","202502","a. 1-8","b. avance 10-40%","22","697.52",
"act","202502","a. 1-8","b. avance 10-40%","24","6990.52",
"act","202502","a. 1-8","b. avance 10-40%","25","4473.27",
"act","202502","a. 1-8","b. avance 10-40%","26","6287.87",
"act","202502","a. 1-8","b. avance 10-40%","27","4561.82",
"act","202502","a. 1-8","b. avance 10-40%","28","32257.38",
"base","202502","a. 1-8","c. avance 40-70%","-1","115188.42","165"
"act","202502","a. 1-8","c. avance 40-70%","1","10371.32",
"act","202502","a. 1-8","c. avance 40-70%","2","2808.34",
"act","202502","a. 1-8","c. avance 40-70%","3","11548.02",
"act","202502","a. 1-8","c. avance 40-70%","4","2332.07",
"act","202502","a. 1-8","c. avance 40-70%","5","2427.94",
"act","202502","a. 1-8","c. avance 40-70%","6","3629.08",
"act","202502","a. 1-8","c. avance 40-70%","7","6900.67",
"act","202502","a. 1-8","c. avance 40-70%","10","3956.81",
"act","202502","a. 1-8","c. avance 40-70%","11","85.83",
"act","202502","a. 1-8","c. avance 40-70%","12","781.06",
"act","202502","a. 1-8","c. avance 40-70%","13","2179.96",
"act","202502","a. 1-8","c. avance 40-70%","14","2598.21",
"act","202502","a. 1-8","c. avance 40-70%","15","1362.12",
"act","202502","a. 1-8","c. avance 40-70%","17","695.47",
"act","202502","a. 1-8","c. avance 40-70%","18","383.38",
"act","202502","a. 1-8","c. avance 40-70%","19","225.02",
"act","202502","a. 1-8","c. avance 40-70%","21","1920.78",
"act","202502","a. 1-8","c. avance 40-70%","23","101.98",
"act","202502","a. 1-8","c. avance 40-70%","25","123.29",
"act","202502","a. 1-8","c. avance 40-70%","26","1023.16",
"act","202502","a. 1-8","c. avance 40-70%","27","8154.25",
"act","202502","a. 1-8","c. avance 40-70%","28","10857.78",
"base","202502","a. 1-8","d. avance 70%+","-1","28190.9","64"
"act","202502","a. 1-8","d. avance 70%+","1","2657.07",
"act","202502","a. 1-8","d. avance 70%+","2","2913.07",
"act","202502","a. 1-8","d. avance 70%+","3","3164.82",
"act","202502","a. 1-8","d. avance 70%+","4","1881.55",
"act","202502","a. 1-8","d. avance 70%+","5","1029.67",
"act","202502","a. 1-8","d. avance 70%+","6","2608.33",
"act","202502","a. 1-8","d. avance 70%+","8","265.34",
"act","202502","a. 1-8","d. avance 70%+","11","140.53",
"act","202502","a. 1-8","d. avance 70%+","12","1435.58",
"act","202502","a. 1-8","d. avance 70%+","13","1101.3",
"act","202502","a. 1-8","d. avance 70%+","14","1583.92",
"act","202502","a. 1-8","d. avance 70%+","17","1184.76",
"act","202502","a. 1-8","d. avance 70%+","22","154.14",
"act","202502","a. 1-8","d. avance 70%+","24","1159.39",
"act","202502","a. 1-8","d. avance 70%+","25","1983.51",
"act","202502","a. 1-8","d. avance 70%+","26","559.45",
"act","202502","a. 1-8","d. avance 70%+","27","274.48",
"act","202502","a. 1-8","d. avance 70%+","28","1076.76",
"base","202502","b. 9-15","a. avance <10%","-1","61962.7","28"
"act","202502","b. 9-15","a. avance <10%","1","3464.05",
"act","202502","b. 9-15","a. avance <10%","2","2355.61",
"act","202502","b. 9-15","a. avance <10%","3","248.99",
"act","202502","b. 9-15","a. avance <10%","4","3919.73",
"act","202502","b. 9-15","a. avance <10%","5","3332.34",
"act","202502","b. 9-15","a. avance <10%","6","390.56",
"act","202502","b. 9-15","a. avance <10%","10","625.63",
"act","202502","b. 9-15","a. avance <10%","12","1518.0",
"act","202502","b. 9-15","a. avance <10%","13","308.23",
"act","202502","b. 9-15","a. avance <10%","18","2387.05",
"act","202502","b. 9-15","a. avance <10%","22","3787.58",
"act","202502","b. 9-15","a. avance <10%","25","1499.44",
"base","202502","b. 9-15","b. avance 10-40%","-1","29014.74","19"
"act","202502","b. 9-15","b. avance 10-40%","3","2416.95",
"act","202502","b. 9-15","b. avance 10-40%","6","402.49",
"act","202502","b. 9-15","b. avance 10-40%","8","2975.87",
"act","202502","b. 9-15","b. avance 10-40%","10","1492.6",
"act","202502","b. 9-15","b. avance 10-40%","12","1711.6",
"act","202502","b. 9-15","b. avance 10-40%","21","1438.69",
"act","202502","b. 9-15","b. avance 10-40%","22","2161.95",
"act","202502","b. 9-15","b. avance 10-40%","24","1660.18",
"act","202502","b. 9-15","b. avance 10-40%","25","4479.91",
"act","202502","b. 9-15","b. avance 10-40%","28","684.92",
"base","202502","b. 9-15","c. avance 40-70%","-1","15027.91","18"
"act","202502","b. 9-15","c. avance 40-70%","1","464.83",
"act","202502","b. 9-15","c. avance 40-70%","3","714.23",
"act","202502","b. 9-15","c. avance 40-70%","4","2505.98",
"act","202502","b. 9-15","c. avance 40-70%","5","1370.39",
"act","202502","b. 9-15","c. avance 40-70%","12","320.0",
"act","202502","b. 9-15","c. avance 40-70%","13","132.58",
"act","202502","b. 9-15","c. avance 40-70%","16","329.46",
"act","202502","b. 9-15","c. avance 40-70%","17","1974.22",
"act","202502","b. 9-15","c. avance 40-70%","18","557.51",
"act","202502","b. 9-15","c. avance 40-70%","21","168.49",
"act","202502","b. 9-15","c. avance 40-70%","23","865.48",
"act","202502","b. 9-15","c. avance 40-70%","26","1118.63",
"act","202502","b. 9-15","c. avance 40-70%","28","110.9",
"base","202502","b. 9-15","d. avance 70%+","-1","113.21","1"
"act","202502","b. 9-15","d. avance 70%+","3","113.21",
"base","202502","c. 16-30","a. avance <10%","-1","124242.85","43"
"act","202502","c. 16-30","a. avance <10%","1","4552.92",
"act","202502","c. 16-30","a. avance <10%","3","2692.03",
"act","202502","c. 16-30","a. avance <10%","7","3132.14",
"act","202502","c. 16-30","a. avance <10%","9","2860.89",
"act","202502","c. 16-30","a. avance <10%","12","4804.0",
"act","202502","c. 16-30","a. avance <10%","13","1910.39",
"act","202502","c. 16-30","a. avance <10%","18","2060.11",
"act","202502","c. 16-30","a. avance <10%","21","1085.47",
"base","202502","c. 16-30","b. avance 10-40%","-1","56068.84","28"
"act","202502","c. 16-30","b. avance 10-40%","3","2498.17",
"act","202502","c. 16-30","b. avance 10-40%","5","8846.4",
"act","202502","c. 16-30","b. avance 10-40%","6","1534.68",
"act","202502","c. 16-30","b. avance 10-40%","7","4598.63",
"act","202502","c. 16-30","b. avance 10-40%","8","5140.68",
"act","202502","c. 16-30","b. avance 10-40%","10","3680.5",
"act","202502","c. 16-30","b. avance 10-40%","11","635.82",
"act","202502","c. 16-30","b. avance 10-40%","13","1669.09",
"act","202502","c. 16-30","b. avance 10-40%","15","1292.81",
"act","202502","c. 16-30","b. avance 10-40%","16","4242.94",
"act","202502","c. 16-30","b. avance 10-40%","18","1032.3",
"act","202502","c. 16-30","b. avance 10-40%","21","2006.2",
"act","202502","c. 16-30","b. avance 10-40%","26","1036.82",
"base","202502","c. 16-30","c. avance 40-70%","-1","12519.3","18"
"act","202502","c. 16-30","c. avance 40-70%","3","2491.84",
"act","202502","c. 16-30","c. avance 40-70%","4","493.48",
"act","202502","c. 16-30","c. avance 40-70%","6","632.35",
"act","202502","c. 16-30","c. avance 40-70%","7","951.71",
"act","202502","c. 16-30","c. avance 40-70%","8","111.48",
"act","202502","c. 16-30","c. avance 40-70%","10","113.08",
"base","202502","c. 16-30","d. avance 70%+","-1","1609.62","5"
"act","202502","c. 16-30","d. avance 70%+","2","299.95",
"act","202502","c. 16-30","d. avance 70%+","3","311.33",
"base","202503","a. 1-8","a. avance <10%","-1","188198.71","88"
"act","202503","a. 1-8","a. avance <10%","1","16046.86",
"act","202503","a. 1-8","a. avance <10%","2","4886.58",
"act","202503","a. 1-8","a. avance <10%","3","18482.24",
"act","202503","a. 1-8","a. avance <10%","4","10067.84",
"act","202503","a. 1-8","a. avance <10%","5","11909.68",
"act","202503","a. 1-8","a. avance <10%","6","6885.51",
"act","202503","a. 1-8","a. avance <10%","7","1929.45",
"act","202503","a. 1-8","a. avance <10%","8","3420.46",
"act","202503","a. 1-8","a. avance <10%","10","7563.88",
"act","202503","a. 1-8","a. avance <10%","13","2078.32",
"act","202503","a. 1-8","a. avance <10%","14","8874.83",
"act","202503","a. 1-8","a. avance <10%","16","2018.39",
"act","202503","a. 1-8","a. avance <10%","17","1724.03",
"act","202503","a. 1-8","a. avance <10%","18","2335.06",
"act","202503","a. 1-8","a. avance <10%","20","4479.37",
"act","202503","a. 1-8","a. avance <10%","21","6787.69",
"act","202503","a. 1-8","a. avance <10%","24","5010.6",
"act","202503","a. 1-8","a. avance <10%","26","14927.9",
"act","202503","a. 1-8","a. avance <10%","28","3402.87",
"act","202503","a. 1-8","a. avance <10%","29","2686.61",
"act","202503","a. 1-8","a. avance <10%","31","3612.5",
"base","202503","a. 1-8","b. avance 10-40%","-1","208547.15","132"
"act","202503","a. 1-8","b. avance 10-40%","1","28172.38",
"act","202503","a. 1-8","b. avance 10-40%","2","7523.13",
"act","202503","a. 1-8","b. avance 10-40%","3","15082.3",
"act","202503","a. 1-8","b. avance 10-40%","4","17760.03",
"act","202503","a. 1-8","b. avance 10-40%","5","8500.59",
"act","202503","a. 1-8","b. avance 10-40%","6","6997.4",
"act","202503","a. 1-8","b. avance 10-40%","7","1501.44",
"act","202503","a. 1-8","b. avance 10-40%","8","5051.17",
"act","202503","a. 1-8","b. avance 10-40%","9","2514.38",
"act","202503","a. 1-8","b. avance 10-40%","10","7414.05",
"act","202503","a. 1-8","b. avance 10-40%","12","732.03",
"act","202503","a. 1-8","b. avance 10-40%","14","4420.06",
"act","202503","a. 1-8","b. avance 10-40%","16","5310.73",
"act","202503","a. 1-8","b. avance 10-40%","17","5656.14",
"act","202503","a. 1-8","b. avance 10-40%","18","757.92",
"act","202503","a. 1-8","b. avance 10-40%","19","3513.21",
"act","202503","a. 1-8","b. avance 10-40%","20","411.18",
"act","202503","a. 1-8","b. avance 10-40%","21","2353.69",
"act","202503","a. 1-8","b. avance 10-40%","22","2686.15",
"act","202503","a. 1-8","b. avance 10-40%","23","760.34",
"act","202503","a. 1-8","b. avance 10-40%","24","8566.84",
"act","202503","a. 1-8","b. avance 10-40%","25","8073.11",
"act","202503","a. 1-8","b. avance 10-40%","26","6038.78",
"act","202503","a. 1-8","b. avance 10-40%","27","2448.28",
"act","202503","a. 1-8","b. avance 10-40%","28","5737.72",
"act","202503","a. 1-8","b. avance 10-40%","29","13477.15",
"act","202503","a. 1-8","b. avance 10-40%","30","1029.5",
"act","202503","a. 1-8","b. avance 10-40%","31","1222.28",
"base","202503","a. 1-8","c. avance 40-70%","-1","72312.21","118"
"act","202503","a. 1-8","c. avance 40-70%","1","7549.0",
"act","202503","a. 1-8","c. avance 40-70%","2","2409.97",
"act","202503","a. 1-8","c. avance 40-70%","3","7351.19",
"act","202503","a. 1-8","c. avance 40-70%","4","4038.77",
"act","202503","a. 1-8","c. avance 40-70%","5","7070.07",
"act","202503","a. 1-8","c. avance 40-70%","6","1113.6",
"act","202503","a. 1-8","c. avance 40-70%","7","1915.94",
"act","202503","a. 1-8","c. avance 40-70%","8","1206.54",
"act","202503","a. 1-8","c. avance 40-70%","9","1620.16",
"act","202503","a. 1-8","c. avance 40-70%","10","1224.52",
"act","202503","a. 1-8","c. avance 40-70%","11","218.68",
"act","202503","a. 1-8","c. avance 40-70%","12","1430.29",
"act","202503","a. 1-8","c. avance 40-70%","14","102.66",
"act","202503","a. 1-8","c. avance 40-70%","17","175.66",
"act","202503","a. 1-8","c. avance 40-70%","18","991.06",
"act","202503","a. 1-8","c. avance 40-70%","19","105.17",
"act","202503","a. 1-8","c. avance 40-70%","20","361.33",
"act","202503","a. 1-8","c. avance 40-70%","21","1055.99",
"act","202503","a. 1-8","c. avance 40-70%","23","421.93",
"act","202503","a. 1-8","c. avance 40-70%","24","663.09",
"act","202503","a. 1-8","c. avance 40-70%","25","3262.71",
"act","202503","a. 1-8","c. avance 40-70%","26","3944.12",
"act","202503","a. 1-8","c. avance 40-70%","27","2403.38",
"act","202503","a. 1-8","c. avance 40-70%","28","4141.37",
"act","202503","a. 1-8","c. avance 40-70%","29","2112.1",
"act","202503","a. 1-8","c. avance 40-70%","31","1266.59",
"base","202503","a. 1-8","d. avance 70%+","-1","7075.08","16"
"act","202503","a. 1-8","d. avance 70%+","1","336.47",
"act","202503","a. 1-8","d. avance 70%+","3","205.76",
"act","202503","a. 1-8","d. avance 70%+","5","294.82",
"act","202503","a. 1-8","d. avance 70%+","6","529.79",
"act","202503","a. 1-8","d. avance 70%+","7","829.55",
"act","202503","a. 1-8","d. avance 70%+","11","830.17",
"act","202503","a. 1-8","d. avance 70%+","12","980.97",
"act","202503","a. 1-8","d. avance 70%+","14","1425.49",
"act","202503","a. 1-8","d. avance 70%+","16","206.88",
"act","202503","a. 1-8","d. avance 70%+","25","461.18",
"act","202503","a. 1-8","d. avance 70%+","27","115.12",
"base","202503","b. 9-15","a. avance <10%","-1","56528.21","23"
"act","202503","b. 9-15","a. avance <10%","3","781.66",
"act","202503","b. 9-15","a. avance <10%","4","1608.78",
"act","202503","b. 9-15","a. avance <10%","5","735.72",
"act","202503","b. 9-15","a. avance <10%","7","3005.38",
"act","202503","b. 9-15","a. avance <10%","8","499.99",
"act","202503","b. 9-15","a. avance <10%","10","7964.67",
"act","202503","b. 9-15","a. avance <10%","21","1172.43",
"act","202503","b. 9-15","a. avance <10%","31","2229.52",
"base","202503","b. 9-15","b. avance 10-40%","-1","70305.69","38"
"act","202503","b. 9-15","b. avance 10-40%","1","1270.92",
"act","202503","b. 9-15","b. avance 10-40%","3","5343.08",
"act","202503","b. 9-15","b. avance 10-40%","4","4724.64",
"act","202503","b. 9-15","b. avance 10-40%","5","1301.74",
"act","202503","b. 9-15","b. avance 10-40%","8","2864.07",
"act","202503","b. 9-15","b. avance 10-40%","10","1760.48",
"act","202503","b. 9-15","b. avance 10-40%","12","1144.02",
"act","202503","b. 9-15","b. avance 10-40%","14","1217.55",
"act","202503","b. 9-15","b. avance 10-40%","15","2831.22",
"act","202503","b. 9-15","b. avance 10-40%","16","1125.43",
"act","202503","b. 9-15","b. avance 10-40%","17","1061.78",
"act","202503","b. 9-15","b. avance 10-40%","21","2643.64",
"act","202503","b. 9-15","b. avance 10-40%","24","6339.8",
"act","202503","b. 9-15","b. avance 10-40%","25","3298.71",
"act","202503","b. 9-15","b. avance 10-40%","26","509.75",
"act","202503","b. 9-15","b. avance 10-40%","28","1506.14",
"act","202503","b. 9-15","b. avance 10-40%","29","1009.03",
"base","202503","b. 9-15","c. avance 40-70%","-1","12743.58","19"
"act","202503","b. 9-15","c. avance 40-70%","3","1422.91",
"act","202503","b. 9-15","c. avance 40-70%","5","676.63",
"act","202503","b. 9-15","c. avance 40-70%","7","1364.95",
"act","202503","b. 9-15","c. avance 40-70%","14","1609.06",
"act","202503","b. 9-15","c. avance 40-70%","15","134.23",
"act","202503","b. 9-15","c. avance 40-70%","17","3237.29",
"act","202503","b. 9-15","c. avance 40-70%","21","130.87",
"act","202503","b. 9-15","c. avance 40-70%","24","274.65",
"act","202503","b. 9-15","c. avance 40-70%","25","325.18",
"base","202503","b. 9-15","d. avance 70%+","-1","1017.74","4"
"act","202503","b. 9-15","d. avance 70%+","4","394.79",
"act","202503","b. 9-15","d. avance 70%+","6","80.04",
"act","202503","b. 9-15","d. avance 70%+","20","542.91",
"base","202503","c. 16-30","a. avance <10%","-1","167352.75","51"
"act","202503","c. 16-30","a. avance <10%","1","5193.56",
"act","202503","c. 16-30","a. avance <10%","3","5193.89",
"act","202503","c. 16-30","a. avance <10%","4","5520.11",
"act","202503","c. 16-30","a. avance <10%","5","13114.52",
"act","202503","c. 16-30","a. avance <10%","13","948.24",
"act","202503","c. 16-30","a. avance <10%","15","200.8",
"act","202503","c. 16-30","a. avance <10%","19","356.42",
"act","202503","c. 16-30","a. avance <10%","21","4148.6",
"act","202503","c. 16-30","a. avance <10%","31","7019.5",
"base","202503","c. 16-30","b. avance 10-40%","-1","73430.79","42"
"act","202503","c. 16-30","b. avance 10-40%","2","1346.75",
"act","202503","c. 16-30","b. avance 10-40%","3","974.68",
"act","202503","c. 16-30","b. avance 10-40%","4","1209.14",
"act","202503","c. 16-30","b. avance 10-40%","5","11603.18",
"act","202503","c. 16-30","b. avance 10-40%","8","2315.92",
"act","202503","c. 16-30","b. avance 10-40%","10","4242.83",
"act","202503","c. 16-30","b. avance 10-40%","15","2645.73",
"act","202503","c. 16-30","b. avance 10-40%","18","714.6",
"act","202503","c. 16-30","b. avance 10-40%","20","747.17",
"act","202503","c. 16-30","b. avance 10-40%","26","1891.26",
"act","202503","c. 16-30","b. avance 10-40%","30","2670.52",
"act","202503","c. 16-30","b. avance 10-40%","31","5028.57",
"base","202503","c. 16-30","c. avance 40-70%","-1","27271.02","26"
"act","202503","c. 16-30","c. avance 40-70%","1","1623.36",
"act","202503","c. 16-30","c. avance 40-70%","3","3096.64",
"act","202503","c. 16-30","c. avance 40-70%","4","8983.89",
"act","202503","c. 16-30","c. avance 40-70%","5","663.79",
"act","202503","c. 16-30","c. avance 40-70%","7","1772.56",
"act","202503","c. 16-30","c. avance 40-70%","8","542.35",
"act","202503","c. 16-30","c. avance 40-70%","14","804.12",
"act","202503","c. 16-30","c. avance 40-70%","17","185.73",
"act","202503","c. 16-30","c. avance 40-70%","20","344.04",
"base","202503","c. 16-30","d. avance 70%+","-1","1383.08","5"
"act","202503","c. 16-30","d. avance 70%+","7","163.06",
"act","202503","c. 16-30","d. avance 70%+","13","335.77",
"base","202504","a. 1-8","a. avance <10%","-1","230614.73","84"
"act","202504","a. 1-8","a. avance <10%","1","28979.78",
"act","202504","a. 1-8","a. avance <10%","2","24091.99",
"act","202504","a. 1-8","a. avance <10%","3","19494.42",
"act","202504","a. 1-8","a. avance <10%","4","16107.71",
"act","202504","a. 1-8","a. avance <10%","5","3719.99",
"act","202504","a. 1-8","a. avance <10%","6","4413.36",
"act","202504","a. 1-8","a. avance <10%","7","1588.03",
"act","202504","a. 1-8","a. avance <10%","8","3884.75",
"act","202504","a. 1-8","a. avance <10%","9","3453.15",
"act","202504","a. 1-8","a. avance <10%","10","1984.66",
"act","202504","a. 1-8","a. avance <10%","11","3015.65",
"act","202504","a. 1-8","a. avance <10%","13","4844.57",
"act","202504","a. 1-8","a. avance <10%","14","1105.59",
"act","202504","a. 1-8","a. avance <10%","15","3315.2",
"act","202504","a. 1-8","a. avance <10%","22","369.47",
"act","202504","a. 1-8","a. avance <10%","24","1261.82",
"act","202504","a. 1-8","a. avance <10%","25","703.19",
"act","202504","a. 1-8","a. avance <10%","26","2681.84",
"act","202504","a. 1-8","a. avance <10%","28","7482.2",
"act","202504","a. 1-8","a. avance <10%","29","1376.78",
"act","202504","a. 1-8","a. avance <10%","30","2524.74",
"base","202504","a. 1-8","b. avance 10-40%","-1","224247.75","140"
"act","202504","a. 1-8","b. avance 10-40%","1","25472.05",
"act","202504","a. 1-8","b. avance 10-40%","2","12871.95",
"act","202504","a. 1-8","b. avance 10-40%","3","13191.7",
"act","202504","a. 1-8","b. avance 10-40%","4","17065.43",
"act","202504","a. 1-8","b. avance 10-40%","5","6914.53",
"act","202504","a. 1-8","b. avance 10-40%","6","1713.24",
"act","202504","a. 1-8","b. avance 10-40%","7","9847.26",
"act","202504","a. 1-8","b. avance 10-40%","8","2345.5",
"act","202504","a. 1-8","b. avance 10-40%","10","4575.44",
"act","202504","a. 1-8","b. avance 10-40%","11","4772.7",
"act","202504","a. 1-8","b. avance 10-40%","12","8300.01",
"act","202504","a. 1-8","b. avance 10-40%","13","5054.39",
"act","202504","a. 1-8","b. avance 10-40%","14","6560.47",
"act","202504","a. 1-8","b. avance 10-40%","15","2729.77",
"act","202504","a. 1-8","b. avance 10-40%","16","2847.71",
"act","202504","a. 1-8","b. avance 10-40%","17","699.67",
"act","202504","a. 1-8","b. avance 10-40%","21","3700.26",
"act","202504","a. 1-8","b. avance 10-40%","22","2658.53",
"act","202504","a. 1-8","b. avance 10-40%","23","3039.25",
"act","202504","a. 1-8","b. avance 10-40%","25","4064.09",
"act","202504","a. 1-8","b. avance 10-40%","26","5051.44",
"act","202504","a. 1-8","b. avance 10-40%","28","4628.46",
"act","202504","a. 1-8","b. avance 10-40%","29","7750.3",
"act","202504","a. 1-8","b. avance 10-40%","30","16930.82",
"base","202504","a. 1-8","c. avance 40-70%","-1","88728.25","105"
"act","202504","a. 1-8","c. avance 40-70%","1","14365.66",
"act","202504","a. 1-8","c. avance 40-70%","2","6830.05",
"act","202504","a. 1-8","c. avance 40-70%","3","8660.82",
"act","202504","a. 1-8","c. avance 40-70%","4","3692.9",
"act","202504","a. 1-8","c. avance 40-70%","5","4176.54",
"act","202504","a. 1-8","c. avance 40-70%","6","349.49",
"act","202504","a. 1-8","c. avance 40-70%","7","8226.67",
"act","202504","a. 1-8","c. avance 40-70%","8","3878.89",
"act","202504","a. 1-8","c. avance 40-70%","10","645.32",
"act","202504","a. 1-8","c. avance 40-70%","11","141.82",
"act","202504","a. 1-8","c. avance 40-70%","12","947.57",
"act","202504","a. 1-8","c. avance 40-70%","14","782.21",
"act","202504","a. 1-8","c. avance 40-70%","15","508.84",
"act","202504","a. 1-8","c. avance 40-70%","16","184.79",
"act","202504","a. 1-8","c. avance 40-70%","19","127.25",
"act","202504","a. 1-8","c. avance 40-70%","21","271.53",
"act","202504","a. 1-8","c. avance 40-70%","23","447.21",
"act","202504","a. 1-8","c. avance 40-70%","25","2769.19",
"act","202504","a. 1-8","c. avance 40-70%","26","912.49",
"act","202504","a. 1-8","c. avance 40-70%","28","1376.55",
"act","202504","a. 1-8","c. avance 40-70%","29","2317.79",
"act","202504","a. 1-8","c. avance 40-70%","30","2005.31",
"base","202504","a. 1-8","d. avance 70%+","-1","14768.52","26"
"act","202504","a. 1-8","d. avance 70%+","1","708.98",
"act","202504","a. 1-8","d. avance 70%+","2","1457.56",
"act","202504","a. 1-8","d. avance 70%+","3","510.3",
"act","202504","a. 1-8","d. avance 70%+","6","2982.27",
"act","202504","a. 1-8","d. avance 70%+","9","891.88",
"act","202504","a. 1-8","d. avance 70%+","10","793.33",
"act","202504","a. 1-8","d. avance 70%+","11","829.62",
"act","202504","a. 1-8","d. avance 70%+","12","1665.71",
"act","202504","a. 1-8","d. avance 70%+","14","404.15",
"act","202504","a. 1-8","d. avance 70%+","21","475.29",
"act","202504","a. 1-8","d. avance 70%+","27","373.58",
"act","202504","a. 1-8","d. avance 70%+","29","363.71",
"act","202504","a. 1-8","d. avance 70%+","30","264.23",
"base","202504","b. 9-15","a. avance <10%","-1","32493.61","19"
"act","202504","b. 9-15","a. avance <10%","1","257.02",
"act","202504","b. 9-15","a. avance <10%","3","1404.2",
"act","202504","b. 9-15","a. avance <10%","8","8354.52",
"act","202504","b. 9-15","a. avance <10%","14","1353.53",
"act","202504","b. 9-15","a. avance <10%","23","1496.87",
"act","202504","b. 9-15","a. avance <10%","24","1515.08",
"act","202504","b. 9-15","a. avance <10%","25","230.94",
"act","202504","b. 9-15","a. avance <10%","26","371.21",
"act","202504","b. 9-15","a. avance <10%","29","1619.2",
"act","202504","b. 9-15","a. avance <10%","30","1662.29",
"base","202504","b. 9-15","b. avance 10-40%","-1","56095.21","38"
"act","202504","b. 9-15","b. avance 10-40%","1","5095.12",
"act","202504","b. 9-15","b. avance 10-40%","3","5118.51",
"act","202504","b. 9-15","b. avance 10-40%","4","4794.19",
"act","202504","b. 9-15","b. avance 10-40%","6","1626.5",
"act","202504","b. 9-15","b. avance 10-40%","7","4306.27",
"act","202504","b. 9-15","b. avance 10-40%","12","1678.38",
"act","202504","b. 9-15","b. avance 10-40%","14","2802.41",
"act","202504","b. 9-15","b. avance 10-40%","15","1596.29",
"act","202504","b. 9-15","b. avance 10-40%","16","1961.76",
"act","202504","b. 9-15","b. avance 10-40%","21","3718.47",
"act","202504","b. 9-15","b. avance 10-40%","22","1982.15",
"act","202504","b. 9-15","b. avance 10-40%","26","1879.08",
"act","202504","b. 9-15","b. avance 10-40%","29","413.45",
"act","202504","b. 9-15","b. avance 10-40%","30","2711.71",
"base","202504","b. 9-15","c. avance 40-70%","-1","26126.94","30"
"act","202504","b. 9-15","c. avance 40-70%","1","4698.08",
"act","202504","b. 9-15","c. avance 40-70%","2","225.22",
"act","202504","b. 9-15","c. avance 40-70%","4","443.89",
"act","202504","b. 9-15","c. avance 40-70%","5","191.08",
"act","202504","b. 9-15","c. avance 40-70%","6","568.17",
"act","202504","b. 9-15","c. avance 40-70%","7","1257.93",
"act","202504","b. 9-15","c. avance 40-70%","8","995.28",
"act","202504","b. 9-15","c. avance 40-70%","14","1550.5",
"act","202504","b. 9-15","c. avance 40-70%","16","246.82",
"act","202504","b. 9-15","c. avance 40-70%","22","2307.61",
"act","202504","b. 9-15","c. avance 40-70%","23","456.83",
"act","202504","b. 9-15","c. avance 40-70%","24","929.52",
"act","202504","b. 9-15","c. avance 40-70%","28","184.15",
"act","202504","b. 9-15","c. avance 40-70%","30","316.59",
"base","202504","b. 9-15","d. avance 70%+","-1","3524.37","8"
"act","202504","b. 9-15","d. avance 70%+","5","204.37",
"act","202504","b. 9-15","d. avance 70%+","7","563.28",
"act","202504","b. 9-15","d. avance 70%+","17","969.66",
"act","202504","b. 9-15","d. avance 70%+","29","281.47",
"act","202504","b. 9-15","d. avance 70%+","30","748.77",
"base","202504","c. 16-30","a. avance <10%","-1","198360.02","60"
"act","202504","c. 16-30","a. avance <10%","1","630.52",
"act","202504","c. 16-30","a. avance <10%","3","2139.46",
"act","202504","c. 16-30","a. avance <10%","4","935.19",
"act","202504","c. 16-30","a. avance <10%","7","1518.0",
"act","202504","c. 16-30","a. avance <10%","11","1909.67",
"act","202504","c. 16-30","a. avance <10%","16","14472.0",
"act","202504","c. 16-30","a. avance <10%","21","1402.12",
"act","202504","c. 16-30","a. avance <10%","23","8813.72",
"base","202504","c. 16-30","b. avance 10-40%","-1","85973.16","47"
"act","202504","c. 16-30","b. avance 10-40%","1","6618.58",
"act","202504","c. 16-30","b. avance 10-40%","2","925.29",
"act","202504","c. 16-30","b. avance 10-40%","3","2063.32",
"act","202504","c. 16-30","b. avance 10-40%","5","3271.63",
"act","202504","c. 16-30","b. avance 10-40%","6","1678.3",
"act","202504","c. 16-30","b. avance 10-40%","7","4121.81",
"act","202504","c. 16-30","b. avance 10-40%","8","3114.49",
"act","202504","c. 16-30","b. avance 10-40%","9","836.15",
"act","202504","c. 16-30","b. avance 10-40%","10","2135.72",
"act","202504","c. 16-30","b. avance 10-40%","11","2680.38",
"act","202504","c. 16-30","b. avance 10-40%","13","850.12",
"act","202504","c. 16-30","b. avance 10-40%","14","965.08",
"act","202504","c. 16-30","b. avance 10-40%","15","1134.36",
"act","202504","c. 16-30","b. avance 10-40%","25","2279.54",
"act","202504","c. 16-30","b. avance 10-40%","30","2462.28",
"base","202504","c. 16-30","c. avance 40-70%","-1","33907.49","40"
"act","202504","c. 16-30","c. avance 40-70%","1","1399.69",
"act","202504","c. 16-30","c. avance 40-70%","2","2475.96",
"act","202504","c. 16-30","c. avance 40-70%","7","1136.0",
"act","202504","c. 16-30","c. avance 40-70%","8","572.59",
"act","202504","c. 16-30","c. avance 40-70%","9","1372.94",
"act","202504","c. 16-30","c. avance 40-70%","12","511.06",
"act","202504","c. 16-30","c. avance 40-70%","17","968.16",
"act","202504","c. 16-30","c. avance 40-70%","19","1333.35",
"base","202504","c. 16-30","d. avance 70%+","-1","3604.32","5"
"act","202504","c. 16-30","d. avance 70%+","2","414.62",
"act","202504","c. 16-30","d. avance 70%+","3","637.26",
"base","202505","a. 1-8","a. avance <10%","-1","389803.02","120"
"act","202505","a. 1-8","a. avance <10%","1","28913.36",
"act","202505","a. 1-8","a. avance <10%","2","29196.88",
"act","202505","a. 1-8","a. avance <10%","3","13061.44",
"act","202505","a. 1-8","a. avance <10%","4","2487.5",
"act","202505","a. 1-8","a. avance <10%","5","29438.89",
"act","202505","a. 1-8","a. avance <10%","6","270.08",
"act","202505","a. 1-8","a. avance <10%","7","12196.66",
"act","202505","a. 1-8","a. avance <10%","8","7204.06",
"act","202505","a. 1-8","a. avance <10%","9","9895.97",
"act","202505","a. 1-8","a. avance <10%","10","1536.0",
"act","202505","a. 1-8","a. avance <10%","12","12192.12",
"act","202505","a. 1-8","a. avance <10%","13","2250.67",
"act","202505","a. 1-8","a. avance <10%","14","18564.6",
"act","202505","a. 1-8","a. avance <10%","15","3950.4",
"act","202505","a. 1-8","a. avance <10%","16","3568.35",
"act","202505","a. 1-8","a. avance <10%","17","430.72",
"act","202505","a. 1-8","a. avance <10%","18","3643.43",
"act","202505","a. 1-8","a. avance <10%","19","5341.34",
"act","202505","a. 1-8","a. avance <10%","20","2355.88",
"act","202505","a. 1-8","a. avance <10%","21","2239.57",
"act","202505","a. 1-8","a. avance <10%","23","5485.42",
"act","202505","a. 1-8","a. avance <10%","24","7851.68",
"act","202505","a. 1-8","a. avance <10%","26","18474.47",
"act","202505","a. 1-8","a. avance <10%","27","6655.46",
"act","202505","a. 1-8","a. avance <10%","28","7488.61",
"act","202505","a. 1-8","a. avance <10%","29","21604.17",
"act","202505","a. 1-8","a. avance <10%","30","9856.79",
"act","202505","a. 1-8","a. avance <10%","31","1554.0",
"base","202505","a. 1-8","b. avance 10-40%","-1","326088.66","195"
"act","202505","a. 1-8","b. avance 10-40%","1","37098.43",
"act","202505","a. 1-8","b. avance 10-40%","2","21139.67",
"act","202505","a. 1-8","b. avance 10-40%","3","14554.64",
"act","202505","a. 1-8","b. avance 10-40%","4","8083.66",
"act","202505","a. 1-8","b. avance 10-40%","5","15146.86",
"act","202505","a. 1-8","b. avance 10-40%","6","9008.91",
"act","202505","a. 1-8","b. avance 10-40%","7","9393.38",
"act","202505","a. 1-8","b. avance 10-40%","8","10626.51",
"act","202505","a. 1-8","b. avance 10-40%","9","9613.57",
"act","202505","a. 1-8","b. avance 10-40%","10","3536.81",
"act","202505","a. 1-8","b. avance 10-40%","12","5618.45",
"act","202505","a. 1-8","b. avance 10-40%","13","3608.44",
"act","202505","a. 1-8","b. avance 10-40%","14","4647.5",
"act","202505","a. 1-8","b. avance 10-40%","15","6384.1",
"act","202505","a. 1-8","b. avance 10-40%","16","2412.36",
"act","202505","a. 1-8","b. avance 10-40%","17","8052.42",
"act","202505","a. 1-8","b. avance 10-40%","18","2950.9",
"act","202505","a. 1-8","b. avance 10-40%","19","4114.46",
"act","202505","a. 1-8","b. avance 10-40%","20","12298.63",
"act","202505","a. 1-8","b. avance 10-40%","21","5310.62",
"act","202505","a. 1-8","b. avance 10-40%","22","8088.15",
"act","202505","a. 1-8","b. avance 10-40%","23","1878.27",
"act","202505","a. 1-8","b. avance 10-40%","24","4400.13",
"act","202505","a. 1-8","b. avance 10-40%","25","1689.62",
"act","202505","a. 1-8","b. avance 10-40%","26","5156.72",
"act","202505","a. 1-8","b. avance 10-40%","27","11414.25",
"act","202505","a. 1-8","b. avance 10-40%","28","15342.25",
"act","202505","a. 1-8","b. avance 10-40%","29","15285.44",
"act","202505","a. 1-8","b. avance 10-40%","30","12525.53",
"act","202505","a. 1-8","b. avance 10-40%","31","8683.41",
"base","202505","a. 1-8","c. avance 40-70%","-1","102630.33","141"
"act","202505","a. 1-8","c. avance 40-70%","1","12771.0",
"act","202505","a. 1-8","c. avance 40-70%","2","10501.92",
"act","202505","a. 1-8","c. avance 40-70%","3","4169.38",
"act","202505","a. 1-8","c. avance 40-70%","4","7370.63",
"act","202505","a. 1-8","c. avance 40-70%","5","5566.42",
"act","202505","a. 1-8","c. avance 40-70%","6","6054.98",
"act","202505","a. 1-8","c. avance 40-70%","7","4728.26",
"act","202505","a. 1-8","c. avance 40-70%","8","5132.75",
"act","202505","a. 1-8","c. avance 40-70%","9","1464.19",
"act","202505","a. 1-8","c. avance 40-70%","10","864.26",
"act","202505","a. 1-8","c. avance 40-70%","12","2163.1",
"act","202505","a. 1-8","c. avance 40-70%","13","3485.24",
"act","202505","a. 1-8","c. avance 40-70%","14","2160.95",
"act","202505","a. 1-8","c. avance 40-70%","16","1165.75",
"act","202505","a. 1-8","c. avance 40-70%","17","1100.56",
"act","202505","a. 1-8","c. avance 40-70%","19","1652.68",
"act","202505","a. 1-8","c. avance 40-70%","20","1026.17",
"act","202505","a. 1-8","c. avance 40-70%","21","558.53",
"act","202505","a. 1-8","c. avance 40-70%","22","977.66",
"act","202505","a. 1-8","c. avance 40-70%","23","193.16",
"act","202505","a. 1-8","c. avance 40-70%","24","984.0",
"act","202505","a. 1-8","c. avance 40-70%","25","1810.11",
"act","202505","a. 1-8","c. avance 40-70%","27","2112.52",
"act","202505","a. 1-8","c. avance 40-70%","28","2707.02",
"act","202505","a. 1-8","c. avance 40-70%","29","3785.37",
"act","202505","a. 1-8","c. avance 40-70%","30","5437.22",
"act","202505","a. 1-8","c. avance 40-70%","31","2660.67",
"base","202505","a. 1-8","d. avance 70%+","-1","20455.53","52"
"act","202505","a. 1-8","d. avance 70%+","1","1358.45",
"act","202505","a. 1-8","d. avance 70%+","2","435.49",
"act","202505","a. 1-8","d. avance 70%+","3","1627.58",
"act","202505","a. 1-8","d. avance 70%+","4","1353.32",
"act","202505","a. 1-8","d. avance 70%+","5","2571.24",
"act","202505","a. 1-8","d. avance 70%+","6","578.3",
"act","202505","a. 1-8","d. avance 70%+","10","368.78",
"act","202505","a. 1-8","d. avance 70%+","12","204.91",
"act","202505","a. 1-8","d. avance 70%+","14","285.41",
"act","202505","a. 1-8","d. avance 70%+","16","748.48",
"act","202505","a. 1-8","d. avance 70%+","17","179.66",
"act","202505","a. 1-8","d. avance 70%+","19","227.32",
"act","202505","a. 1-8","d. avance 70%+","20","335.73",
"act","202505","a. 1-8","d. avance 70%+","21","1143.05",
"act","202505","a. 1-8","d. avance 70%+","24","1183.43",
"act","202505","a. 1-8","d. avance 70%+","26","307.74",
"act","202505","a. 1-8","d. avance 70%+","27","2529.34",
"act","202505","a. 1-8","d. avance 70%+","28","677.39",
"act","202505","a. 1-8","d. avance 70%+","29","1018.68",
"act","202505","a. 1-8","d. avance 70%+","30","613.09",
"act","202505","a. 1-8","d. avance 70%+","31","1293.47",
"base","202505","b. 9-15","a. avance <10%","-1","93388.77","31"
"act","202505","b. 9-15","a. avance <10%","1","3458.79",
"act","202505","b. 9-15","a. avance <10%","2","11527.81",
"act","202505","b. 9-15","a. avance <10%","5","6778.57",
"act","202505","b. 9-15","a. avance <10%","6","3372.09",
"act","202505","b. 9-15","a. avance <10%","13","1295.73",
"act","202505","b. 9-15","a. avance <10%","14","836.09",
"act","202505","b. 9-15","a. avance <10%","19","1598.89",
"act","202505","b. 9-15","a. avance <10%","21","1155.89",
"act","202505","b. 9-15","a. avance <10%","22","1435.52",
"base","202505","b. 9-15","b. avance 10-40%","-1","100227.17","58"
"act","202505","b. 9-15","b. avance 10-40%","1","16435.17",
"act","202505","b. 9-15","b. avance 10-40%","2","4310.31",
"act","202505","b. 9-15","b. avance 10-40%","3","6099.04",
"act","202505","b. 9-15","b. avance 10-40%","5","6689.79",
"act","202505","b. 9-15","b. avance 10-40%","6","6316.77",
"act","202505","b. 9-15","b. avance 10-40%","7","4314.24",
"act","202505","b. 9-15","b. avance 10-40%","9","3679.78",
"act","202505","b. 9-15","b. avance 10-40%","13","1727.25",
"act","202505","b. 9-15","b. avance 10-40%","15","7872.0",
"act","202505","b. 9-15","b. avance 10-40%","16","11297.67",
"act","202505","b. 9-15","b. avance 10-40%","19","2196.88",
"act","202505","b. 9-15","b. avance 10-40%","20","473.63",
"act","202505","b. 9-15","b. avance 10-40%","21","3475.84",
"act","202505","b. 9-15","b. avance 10-40%","24","608.74",
"act","202505","b. 9-15","b. avance 10-40%","27","1512.23",
"act","202505","b. 9-15","b. avance 10-40%","28","1290.68",
"act","202505","b. 9-15","b. avance 10-40%","30","1906.75",
"base","202505","b. 9-15","c. avance 40-70%","-1","31638.47","51"
"act","202505","b. 9-15","c. avance 40-70%","1","586.07",
"act","202505","b. 9-15","c. avance 40-70%","2","1556.58",
"act","202505","b. 9-15","c. avance 40-70%","5","5289.5",
"act","202505","b. 9-15","c. avance 40-70%","6","1157.11",
"act","202505","b. 9-15","c. avance 40-70%","7","99.89",
"act","202505","b. 9-15","c. avance 40-70%","8","722.45",
"act","202505","b. 9-15","c. avance 40-70%","9","1713.06",
"act","202505","b. 9-15","c. avance 40-70%","12","839.9",
"act","202505","b. 9-15","c. avance 40-70%","13","803.17",
"act","202505","b. 9-15","c. avance 40-70%","14","984.02",
"act","202505","b. 9-15","c. avance 40-70%","16","1751.9",
"act","202505","b. 9-15","c. avance 40-70%","17","485.88",
"act","202505","b. 9-15","c. avance 40-70%","19","632.08",
"act","202505","b. 9-15","c. avance 40-70%","20","981.03",
"act","202505","b. 9-15","c. avance 40-70%","22","364.47",
"act","202505","b. 9-15","c. avance 40-70%","26","433.5",
"act","202505","b. 9-15","c. avance 40-70%","27","618.2",
"act","202505","b. 9-15","c. avance 40-70%","28","2154.02",
"act","202505","b. 9-15","c. avance 40-70%","30","1982.59",
"act","202505","b. 9-15","c. avance 40-70%","31","839.4",
"base","202505","b. 9-15","d. avance 70%+","-1","7661.95","20"
"act","202505","b. 9-15","d. avance 70%+","1","1150.34",
"act","202505","b. 9-15","d. avance 70%+","2","755.23",
"act","202505","b. 9-15","d. avance 70%+","3","981.52",
"act","202505","b. 9-15","d. avance 70%+","8","155.66",
"act","202505","b. 9-15","d. avance 70%+","14","877.7",
"act","202505","b. 9-15","d. avance 70%+","15","431.87",
"act","202505","b. 9-15","d. avance 70%+","16","391.23",
"act","202505","b. 9-15","d. avance 70%+","20","226.85",
"act","202505","b. 9-15","d. avance 70%+","22","789.85",
"act","202505","b. 9-15","d. avance 70%+","27","356.36",
"act","202505","b. 9-15","d. avance 70%+","28","491.06",
"base","202505","c. 16-30","a. avance <10%","-1","183551.15","71"
"act","202505","c. 16-30","a. avance <10%","1","5503.5",
"act","202505","c. 16-30","a. avance <10%","2","957.95",
"act","202505","c. 16-30","a. avance <10%","3","1845.65",
"act","202505","c. 16-30","a. avance <10%","4","3231.74",
"act","202505","c. 16-30","a. avance <10%","5","1210.9",
"act","202505","c. 16-30","a. avance <10%","7","350.4",
"act","202505","c. 16-30","a. avance <10%","8","4470.78",
"act","202505","c. 16-30","a. avance <10%","10","1554.0",
"act","202505","c. 16-30","a. avance <10%","12","3432.84",
"act","202505","c. 16-30","a. avance <10%","14","10662.35",
"act","202505","c. 16-30","a. avance <10%","15","5545.22",
"act","202505","c. 16-30","a. avance <10%","16","15553.14",
"act","202505","c. 16-30","a. avance <10%","17","3157.55",
"act","202505","c. 16-30","a. avance <10%","18","1596.94",
"act","202505","c. 16-30","a. avance <10%","23","14017.19",
"act","202505","c. 16-30","a. avance <10%","25","288.72",
"act","202505","c. 16-30","a. avance <10%","29","1740.8",
"base","202505","c. 16-30","b. avance 10-40%","-1","126005.96","84"
"act","202505","c. 16-30","b. avance 10-40%","1","3611.96",
"act","202505","c. 16-30","b. avance 10-40%","2","1412.17",
"act","202505","c. 16-30","b. avance 10-40%","3","1890.37",
"act","202505","c. 16-30","b. avance 10-40%","5","1266.66",
"act","202505","c. 16-30","b. avance 10-40%","6","1636.09",
"act","202505","c. 16-30","b. avance 10-40%","7","3099.56",
"act","202505","c. 16-30","b. avance 10-40%","8","4125.02",
"act","202505","c. 16-30","b. avance 10-40%","9","471.67",
"act","202505","c. 16-30","b. avance 10-40%","10","1354.24",
"act","202505","c. 16-30","b. avance 10-40%","12","11777.51",
"act","202505","c. 16-30","b. avance 10-40%","13","517.03",
"act","202505","c. 16-30","b. avance 10-40%","14","4298.92",
"act","202505","c. 16-30","b. avance 10-40%","15","8933.46",
"act","202505","c. 16-30","b. avance 10-40%","16","6611.44",
"act","202505","c. 16-30","b. avance 10-40%","17","685.22",
"act","202505","c. 16-30","b. avance 10-40%","18","1131.35",
"act","202505","c. 16-30","b. avance 10-40%","19","723.14",
"act","202505","c. 16-30","b. avance 10-40%","21","1581.55",
"act","202505","c. 16-30","b. avance 10-40%","24","3544.83",
"act","202505","c. 16-30","b. avance 10-40%","26","1294.99",
"act","202505","c. 16-30","b. avance 10-40%","28","660.98",
"act","202505","c. 16-30","b. avance 10-40%","31","1419.02",
"base","202505","c. 16-30","c. avance 40-70%","-1","44946.17","46"
"act","202505","c. 16-30","c. avance 40-70%","1","4211.94",
"act","202505","c. 16-30","c. avance 40-70%","2","2160.44",
"act","202505","c. 16-30","c. avance 40-70%","3","971.69",
"act","202505","c. 16-30","c. avance 40-70%","4","952.94",
"act","202505","c. 16-30","c. avance 40-70%","5","4968.5",
"act","202505","c. 16-30","c. avance 40-70%","6","1007.99",
"act","202505","c. 16-30","c. avance 40-70%","8","322.26",
"act","202505","c. 16-30","c. avance 40-70%","12","3520.62",
"act","202505","c. 16-30","c. avance 40-70%","13","117.55",
"act","202505","c. 16-30","c. avance 40-70%","14","2411.14",
"act","202505","c. 16-30","c. avance 40-70%","23","661.77",
"act","202505","c. 16-30","c. avance 40-70%","24","1076.3",
"act","202505","c. 16-30","c. avance 40-70%","26","723.79",
"act","202505","c. 16-30","c. avance 40-70%","29","3773.25",
"act","202505","c. 16-30","c. avance 40-70%","30","804.24",
"act","202505","c. 16-30","c. avance 40-70%","31","676.32",
"base","202505","c. 16-30","d. avance 70%+","-1","4607.26","11"
"act","202505","c. 16-30","d. avance 70%+","2","470.85",
"act","202505","c. 16-30","d. avance 70%+","4","94.88",
"act","202505","c. 16-30","d. avance 70%+","5","137.98",
"act","202505","c. 16-30","d. avance 70%+","6","1011.21",
"act","202505","c. 16-30","d. avance 70%+","13","1132.08",
"base","202506","a. 1-8","a. avance <10%","-1","542460.62","194"
"act","202506","a. 1-8","a. avance <10%","1","50637.45",
"act","202506","a. 1-8","a. avance <10%","2","83311.38",
"act","202506","a. 1-8","a. avance <10%","3","30716.47",
"act","202506","a. 1-8","a. avance <10%","4","19838.16",
"act","202506","a. 1-8","a. avance <10%","5","21485.6",
"act","202506","a. 1-8","a. avance <10%","6","6921.01",
"act","202506","a. 1-8","a. avance <10%","7","11475.3",
"act","202506","a. 1-8","a. avance <10%","9","14918.19",
"act","202506","a. 1-8","a. avance <10%","10","7073.27",
"act","202506","a. 1-8","a. avance <10%","11","21087.44",
"act","202506","a. 1-8","a. avance <10%","12","12089.31",
"act","202506","a. 1-8","a. avance <10%","14","9340.43",
"act","202506","a. 1-8","a. avance <10%","16","10125.48",
"act","202506","a. 1-8","a. avance <10%","19","1367.46",
"act","202506","a. 1-8","a. avance <10%","20","14929.11",
"act","202506","a. 1-8","a. avance <10%","23","19085.72",
"act","202506","a. 1-8","a. avance <10%","25","4196.84",
"act","202506","a. 1-8","a. avance <10%","26","5457.72",
"act","202506","a. 1-8","a. avance <10%","28","1655.14",
"act","202506","a. 1-8","a. avance <10%","29","1912.83",
"act","202506","a. 1-8","a. avance <10%","30","27063.45",
"base","202506","a. 1-8","b. avance 10-40%","-1","591234.24","348"
"act","202506","a. 1-8","b. avance 10-40%","1","69553.01",
"act","202506","a. 1-8","b. avance 10-40%","2","64117.26",
"act","202506","a. 1-8","b. avance 10-40%","3","27442.53",
"act","202506","a. 1-8","b. avance 10-40%","4","32620.99",
"act","202506","a. 1-8","b. avance 10-40%","5","13968.32",
"act","202506","a. 1-8","b. avance 10-40%","6","24771.93",
"act","202506","a. 1-8","b. avance 10-40%","7","5102.09",
"act","202506","a. 1-8","b. avance 10-40%","8","4491.38",
"act","202506","a. 1-8","b. avance 10-40%","9","21280.93",
"act","202506","a. 1-8","b. avance 10-40%","10","8580.37",
"act","202506","a. 1-8","b. avance 10-40%","11","9686.27",
"act","202506","a. 1-8","b. avance 10-40%","12","3163.82",
"act","202506","a. 1-8","b. avance 10-40%","13","16932.58",
"act","202506","a. 1-8","b. avance 10-40%","14","988.06",
"act","202506","a. 1-8","b. avance 10-40%","16","1046.49",
"act","202506","a. 1-8","b. avance 10-40%","17","11714.53",
"act","202506","a. 1-8","b. avance 10-40%","18","4446.28",
"act","202506","a. 1-8","b. avance 10-40%","19","3456.61",
"act","202506","a. 1-8","b. avance 10-40%","20","6568.18",
"act","202506","a. 1-8","b. avance 10-40%","21","3650.84",
"act","202506","a. 1-8","b. avance 10-40%","23","850.65",
"act","202506","a. 1-8","b. avance 10-40%","25","758.07",
"act","202506","a. 1-8","b. avance 10-40%","26","13552.15",
"act","202506","a. 1-8","b. avance 10-40%","27","11225.22",
"act","202506","a. 1-8","b. avance 10-40%","28","8357.85",
"act","202506","a. 1-8","b. avance 10-40%","30","75511.95",
"base","202506","a. 1-8","c. avance 40-70%","-1","172272.58","224"
"act","202506","a. 1-8","c. avance 40-70%","1","16668.56",
"act","202506","a. 1-8","c. avance 40-70%","2","26524.83",
"act","202506","a. 1-8","c. avance 40-70%","3","23240.65",
"act","202506","a. 1-8","c. avance 40-70%","4","6055.67",
"act","202506","a. 1-8","c. avance 40-70%","5","9483.05",
"act","202506","a. 1-8","c. avance 40-70%","6","4823.61",
"act","202506","a. 1-8","c. avance 40-70%","7","3627.69",
"act","202506","a. 1-8","c. avance 40-70%","8","1276.18",
"act","202506","a. 1-8","c. avance 40-70%","9","7518.54",
"act","202506","a. 1-8","c. avance 40-70%","10","3873.78",
"act","202506","a. 1-8","c. avance 40-70%","11","1444.39",
"act","202506","a. 1-8","c. avance 40-70%","12","2408.22",
"act","202506","a. 1-8","c. avance 40-70%","15","219.09",
"act","202506","a. 1-8","c. avance 40-70%","16","799.81",
"act","202506","a. 1-8","c. avance 40-70%","17","2147.66",
"act","202506","a. 1-8","c. avance 40-70%","18","2162.0",
"act","202506","a. 1-8","c. avance 40-70%","19","1837.41",
"act","202506","a. 1-8","c. avance 40-70%","20","3292.07",
"act","202506","a. 1-8","c. avance 40-70%","21","493.74",
"act","202506","a. 1-8","c. avance 40-70%","24","4903.86",
"act","202506","a. 1-8","c. avance 40-70%","25","928.72",
"act","202506","a. 1-8","c. avance 40-70%","27","2282.54",
"act","202506","a. 1-8","c. avance 40-70%","28","4475.48",
"act","202506","a. 1-8","c. avance 40-70%","29","2119.92",
"act","202506","a. 1-8","c. avance 40-70%","30","15255.21",
"base","202506","a. 1-8","d. avance 70%+","-1","41813.49","96"
"act","202506","a. 1-8","d. avance 70%+","1","3114.63",
"act","202506","a. 1-8","d. avance 70%+","2","6784.23",
"act","202506","a. 1-8","d. avance 70%+","3","6654.76",
"act","202506","a. 1-8","d. avance 70%+","4","620.85",
"act","202506","a. 1-8","d. avance 70%+","5","741.47",
"act","202506","a. 1-8","d. avance 70%+","6","1076.81",
"act","202506","a. 1-8","d. avance 70%+","7","1698.01",
"act","202506","a. 1-8","d. avance 70%+","9","766.39",
"act","202506","a. 1-8","d. avance 70%+","10","1640.47",
"act","202506","a. 1-8","d. avance 70%+","11","1261.89",
"act","202506","a. 1-8","d. avance 70%+","13","1784.07",
"act","202506","a. 1-8","d. avance 70%+","14","485.5",
"act","202506","a. 1-8","d. avance 70%+","16","988.08",
"act","202506","a. 1-8","d. avance 70%+","20","280.34",
"act","202506","a. 1-8","d. avance 70%+","21","637.68",
"act","202506","a. 1-8","d. avance 70%+","22","586.82",
"act","202506","a. 1-8","d. avance 70%+","24","642.09",
"act","202506","a. 1-8","d. avance 70%+","25","263.77",
"act","202506","a. 1-8","d. avance 70%+","26","595.29",
"act","202506","a. 1-8","d. avance 70%+","28","1765.5",
"act","202506","a. 1-8","d. avance 70%+","29","689.8",
"act","202506","a. 1-8","d. avance 70%+","30","5225.5",
"base","202506","b. 9-15","a. avance <10%","-1","107789.69","35"
"act","202506","b. 9-15","a. avance <10%","1","5120.77",
"act","202506","b. 9-15","a. avance <10%","2","1843.2",
"act","202506","b. 9-15","a. avance <10%","4","2244.0",
"act","202506","b. 9-15","a. avance <10%","5","9536.8",
"act","202506","b. 9-15","a. avance <10%","6","5388.16",
"act","202506","b. 9-15","a. avance <10%","7","1875.2",
"act","202506","b. 9-15","a. avance <10%","12","2215.82",
"act","202506","b. 9-15","a. avance <10%","16","2785.38",
"act","202506","b. 9-15","a. avance <10%","18","4012.69",
"act","202506","b. 9-15","a. avance <10%","20","1720.4",
"act","202506","b. 9-15","a. avance <10%","25","2123.33",
"base","202506","b. 9-15","b. avance 10-40%","-1","55651.67","39"
"act","202506","b. 9-15","b. avance 10-40%","1","2999.81",
"act","202506","b. 9-15","b. avance 10-40%","2","6826.52",
"act","202506","b. 9-15","b. avance 10-40%","3","8315.19",
"act","202506","b. 9-15","b. avance 10-40%","4","2692.91",
"act","202506","b. 9-15","b. avance 10-40%","5","723.6",
"act","202506","b. 9-15","b. avance 10-40%","6","1146.29",
"act","202506","b. 9-15","b. avance 10-40%","8","1509.4",
"act","202506","b. 9-15","b. avance 10-40%","9","2178.59",
"act","202506","b. 9-15","b. avance 10-40%","10","444.18",
"act","202506","b. 9-15","b. avance 10-40%","13","683.2",
"act","202506","b. 9-15","b. avance 10-40%","14","1613.87",
"act","202506","b. 9-15","b. avance 10-40%","20","2622.15",
"act","202506","b. 9-15","b. avance 10-40%","26","1333.56",
"base","202506","b. 9-15","c. avance 40-70%","-1","12109.75","15"
"act","202506","b. 9-15","c. avance 40-70%","1","1457.64",
"act","202506","b. 9-15","c. avance 40-70%","2","1481.39",
"act","202506","b. 9-15","c. avance 40-70%","3","1998.95",
"act","202506","b. 9-15","c. avance 40-70%","4","2172.72",
"act","202506","b. 9-15","c. avance 40-70%","5","1063.59",
"act","202506","b. 9-15","c. avance 40-70%","6","560.7",
"act","202506","b. 9-15","c. avance 40-70%","9","205.22",
"act","202506","b. 9-15","c. avance 40-70%","12","258.5",
"act","202506","b. 9-15","c. avance 40-70%","23","394.31",
"act","202506","b. 9-15","c. avance 40-70%","24","465.53",
"base","202506","b. 9-15","d. avance 70%+","-1","4601.32","11"
"act","202506","b. 9-15","d. avance 70%+","1","529.5",
"act","202506","b. 9-15","d. avance 70%+","2","741.56",
"act","202506","b. 9-15","d. avance 70%+","3","514.59",
"act","202506","b. 9-15","d. avance 70%+","4","94.3",
"act","202506","b. 9-15","d. avance 70%+","12","170.46",
"act","202506","b. 9-15","d. avance 70%+","16","488.23",
"act","202506","b. 9-15","d. avance 70%+","26","178.81",
"act","202506","b. 9-15","d. avance 70%+","27","362.89",
"act","202506","b. 9-15","d. avance 70%+","28","608.14",
"base","202506","c. 16-30","a. avance <10%","-1","248584.39","62"
"act","202506","c. 16-30","a. avance <10%","1","3634.83",
"act","202506","c. 16-30","a. avance <10%","2","1299.75",
"act","202506","c. 16-30","a. avance <10%","3","3289.28",
"act","202506","c. 16-30","a. avance <10%","5","7044.74",
"act","202506","c. 16-30","a. avance <10%","7","1530.0",
"act","202506","c. 16-30","a. avance <10%","9","2470.76",
"act","202506","c. 16-30","a. avance <10%","10","13699.02",
"act","202506","c. 16-30","a. avance <10%","12","2160.37",
"act","202506","c. 16-30","a. avance <10%","17","12855.87",
"base","202506","c. 16-30","b. avance 10-40%","-1","139081.81","62"
"act","202506","c. 16-30","b. avance 10-40%","2","4021.88",
"act","202506","c. 16-30","b. avance 10-40%","3","5592.57",
"act","202506","c. 16-30","b. avance 10-40%","4","4024.48",
"act","202506","c. 16-30","b. avance 10-40%","5","988.91",
"act","202506","c. 16-30","b. avance 10-40%","6","14691.67",
"act","202506","c. 16-30","b. avance 10-40%","9","3552.14",
"act","202506","c. 16-30","b. avance 10-40%","10","6222.56",
"act","202506","c. 16-30","b. avance 10-40%","11","5975.06",
"act","202506","c. 16-30","b. avance 10-40%","12","1745.98",
"act","202506","c. 16-30","b. avance 10-40%","14","3117.15",
"act","202506","c. 16-30","b. avance 10-40%","16","1210.78",
"act","202506","c. 16-30","b. avance 10-40%","18","3936.55",
"act","202506","c. 16-30","b. avance 10-40%","19","1943.65",
"act","202506","c. 16-30","b. avance 10-40%","20","1229.89",
"act","202506","c. 16-30","b. avance 10-40%","21","1657.66",
"act","202506","c. 16-30","b. avance 10-40%","25","5173.89",
"act","202506","c. 16-30","b. avance 10-40%","27","711.87",
"act","202506","c. 16-30","b. avance 10-40%","28","1481.76",
"base","202506","c. 16-30","c. avance 40-70%","-1","40856.42","47"
"act","202506","c. 16-30","c. avance 40-70%","1","283.17",
"act","202506","c. 16-30","c. avance 40-70%","2","2204.04",
"act","202506","c. 16-30","c. avance 40-70%","3","1490.59",
"act","202506","c. 16-30","c. avance 40-70%","4","4261.63",
"act","202506","c. 16-30","c. avance 40-70%","5","4067.44",
"act","202506","c. 16-30","c. avance 40-70%","6","610.56",
"act","202506","c. 16-30","c. avance 40-70%","7","2902.69",
"act","202506","c. 16-30","c. avance 40-70%","9","561.31",
"act","202506","c. 16-30","c. avance 40-70%","15","896.73",
"act","202506","c. 16-30","c. avance 40-70%","16","511.29",
"act","202506","c. 16-30","c. avance 40-70%","17","2554.54",
"act","202506","c. 16-30","c. avance 40-70%","23","103.09",
"act","202506","c. 16-30","c. avance 40-70%","25","683.94",
"act","202506","c. 16-30","c. avance 40-70%","27","1503.1",
"act","202506","c. 16-30","c. avance 40-70%","29","1428.47",
"base","202506","c. 16-30","d. avance 70%+","-1","5668.11","14"
"act","202506","c. 16-30","d. avance 70%+","2","1510.13",
"act","202506","c. 16-30","d. avance 70%+","4","303.16",
"act","202506","c. 16-30","d. avance 70%+","9","683.46",
"act","202506","c. 16-30","d. avance 70%+","13","391.42",
"act","202506","c. 16-30","d. avance 70%+","25","377.66",
"act","202506","c. 16-30","d. avance 70%+","30","606.28",
"base","202507","a. 1-8","a. avance <10%","-1","371235.4","131"
"act","202507","a. 1-8","a. avance <10%","1","54343.66",
"act","202507","a. 1-8","a. avance <10%","2","27289.84",
"act","202507","a. 1-8","a. avance <10%","3","29339.42",
"act","202507","a. 1-8","a. avance <10%","4","8308.35",
"act","202507","a. 1-8","a. avance <10%","5","2731.39",
"act","202507","a. 1-8","a. avance <10%","6","5345.31",
"act","202507","a. 1-8","a. avance <10%","7","9054.67",
"act","202507","a. 1-8","a. avance <10%","8","10538.89",
"act","202507","a. 1-8","a. avance <10%","9","13301.61",
"act","202507","a. 1-8","a. avance <10%","10","4351.2",
"act","202507","a. 1-8","a. avance <10%","11","28859.04",
"act","202507","a. 1-8","a. avance <10%","12","11985.51",
"act","202507","a. 1-8","a. avance <10%","13","5583.74",
"act","202507","a. 1-8","a. avance <10%","14","1830.08",
"act","202507","a. 1-8","a. avance <10%","15","1247.66",
"act","202507","a. 1-8","a. avance <10%","16","11395.3",
"act","202507","a. 1-8","a. avance <10%","20","3474.99",
"act","202507","a. 1-8","a. avance <10%","23","2899.5",
"act","202507","a. 1-8","a. avance <10%","24","7282.66",
"act","202507","a. 1-8","a. avance <10%","25","7597.42",
"act","202507","a. 1-8","a. avance <10%","28","2915.87",
"act","202507","a. 1-8","a. avance <10%","29","1528.82",
"act","202507","a. 1-8","a. avance <10%","30","11048.76",
"act","202507","a. 1-8","a. avance <10%","31","12432.92",
"base","202507","a. 1-8","b. avance 10-40%","-1","382958.44","219"
"act","202507","a. 1-8","b. avance 10-40%","1","53014.8",
"act","202507","a. 1-8","b. avance 10-40%","2","40248.4",
"act","202507","a. 1-8","b. avance 10-40%","3","26129.44",
"act","202507","a. 1-8","b. avance 10-40%","4","18045.29",
"act","202507","a. 1-8","b. avance 10-40%","5","7394.91",
"act","202507","a. 1-8","b. avance 10-40%","6","3455.69",
"act","202507","a. 1-8","b. avance 10-40%","7","8272.01",
"act","202507","a. 1-8","b. avance 10-40%","8","17382.32",
"act","202507","a. 1-8","b. avance 10-40%","9","6137.88",
"act","202507","a. 1-8","b. avance 10-40%","10","9461.74",
"act","202507","a. 1-8","b. avance 10-40%","11","15743.96",
"act","202507","a. 1-8","b. avance 10-40%","12","8139.36",
"act","202507","a. 1-8","b. avance 10-40%","13","2676.04",
"act","202507","a. 1-8","b. avance 10-40%","14","1380.69",
"act","202507","a. 1-8","b. avance 10-40%","15","5116.9",
"act","202507","a. 1-8","b. avance 10-40%","16","1959.66",
"act","202507","a. 1-8","b. avance 10-40%","17","1614.98",
"act","202507","a. 1-8","b. avance 10-40%","18","2936.05",
"act","202507","a. 1-8","b. avance 10-40%","19","2440.85",
"act","202507","a. 1-8","b. avance 10-40%","20","980.52",
"act","202507","a. 1-8","b. avance 10-40%","21","6700.35",
"act","202507","a. 1-8","b. avance 10-40%","22","3979.99",
"act","202507","a. 1-8","b. avance 10-40%","23","1799.83",
"act","202507","a. 1-8","b. avance 10-40%","24","6213.85",
"act","202507","a. 1-8","b. avance 10-40%","25","943.72",
"act","202507","a. 1-8","b. avance 10-40%","26","6504.31",
"act","202507","a. 1-8","b. avance 10-40%","27","5417.96",
"act","202507","a. 1-8","b. avance 10-40%","28","1209.77",
"act","202507","a. 1-8","b. avance 10-40%","29","2061.18",
"act","202507","a. 1-8","b. avance 10-40%","30","15386.68",
"act","202507","a. 1-8","b. avance 10-40%","31","10150.36",
"base","202507","a. 1-8","c. avance 40-70%","-1","133397.85","164"
"act","202507","a. 1-8","c. avance 40-70%","1","16675.14",
"act","202507","a. 1-8","c. avance 40-70%","2","6756.38",
"act","202507","a. 1-8","c. avance 40-70%","3","10281.62",
"act","202507","a. 1-8","c. avance 40-70%","4","10296.86",
"act","202507","a. 1-8","c. avance 40-70%","5","704.63",
"act","202507","a. 1-8","c. avance 40-70%","6","708.06",
"act","202507","a. 1-8","c. avance 40-70%","7","3602.29",
"act","202507","a. 1-8","c. avance 40-70%","8","6620.87",
"act","202507","a. 1-8","c. avance 40-70%","9","3924.59",
"act","202507","a. 1-8","c. avance 40-70%","10","784.45",
"act","202507","a. 1-8","c. avance 40-70%","11","793.21",
"act","202507","a. 1-8","c. avance 40-70%","12","324.17",
"act","202507","a. 1-8","c. avance 40-70%","13","117.89",
"act","202507","a. 1-8","c. avance 40-70%","14","798.45",
"act","202507","a. 1-8","c. avance 40-70%","15","1860.45",
"act","202507","a. 1-8","c. avance 40-70%","16","1816.49",
"act","202507","a. 1-8","c. avance 40-70%","17","422.91",
"act","202507","a. 1-8","c. avance 40-70%","18","1777.42",
"act","202507","a. 1-8","c. avance 40-70%","19","3868.27",
"act","202507","a. 1-8","c. avance 40-70%","20","1175.52",
"act","202507","a. 1-8","c. avance 40-70%","21","839.15",
"act","202507","a. 1-8","c. avance 40-70%","24","1223.94",
"act","202507","a. 1-8","c. avance 40-70%","25","3220.22",
"act","202507","a. 1-8","c. avance 40-70%","26","4525.15",
"act","202507","a. 1-8","c. avance 40-70%","28","2279.73",
"act","202507","a. 1-8","c. avance 40-70%","29","750.38",
"act","202507","a. 1-8","c. avance 40-70%","30","12736.46",
"act","202507","a. 1-8","c. avance 40-70%","31","2532.93",
"base","202507","a. 1-8","d. avance 70%+","-1","19875.3","57"
"act","202507","a. 1-8","d. avance 70%+","1","4471.34",
"act","202507","a. 1-8","d. avance 70%+","2","2180.54",
"act","202507","a. 1-8","d. avance 70%+","3","188.17",
"act","202507","a. 1-8","d. avance 70%+","4","2261.58",
"act","202507","a. 1-8","d. avance 70%+","5","812.82",
"act","202507","a. 1-8","d. avance 70%+","6","150.4",
"act","202507","a. 1-8","d. avance 70%+","7","70.75",
"act","202507","a. 1-8","d. avance 70%+","8","872.37",
"act","202507","a. 1-8","d. avance 70%+","9","718.34",
"act","202507","a. 1-8","d. avance 70%+","11","1570.3",
"act","202507","a. 1-8","d. avance 70%+","12","1007.73",
"act","202507","a. 1-8","d. avance 70%+","14","535.42",
"act","202507","a. 1-8","d. avance 70%+","15","251.81",
"act","202507","a. 1-8","d. avance 70%+","18","227.11",
"act","202507","a. 1-8","d. avance 70%+","19","187.24",
"act","202507","a. 1-8","d. avance 70%+","24","148.14",
"act","202507","a. 1-8","d. avance 70%+","26","910.53",
"act","202507","a. 1-8","d. avance 70%+","27","198.42",
"act","202507","a. 1-8","d. avance 70%+","28","263.12",
"act","202507","a. 1-8","d. avance 70%+","30","1002.88",
"act","202507","a. 1-8","d. avance 70%+","31","945.4",
"base","202507","b. 9-15","a. avance <10%","-1","139424.8","44"
"act","202507","b. 9-15","a. avance <10%","1","25893.98",
"act","202507","b. 9-15","a. avance <10%","2","606.19",
"act","202507","b. 9-15","a. avance <10%","3","2353.22",
"act","202507","b. 9-15","a. avance <10%","5","11790.54",
"act","202507","b. 9-15","a. avance <10%","6","1842.18",
"act","202507","b. 9-15","a. avance <10%","7","2647.1",
"act","202507","b. 9-15","a. avance <10%","11","6024.97",
"act","202507","b. 9-15","a. avance <10%","15","2134.5",
"act","202507","b. 9-15","a. avance <10%","16","2704.38",
"act","202507","b. 9-15","a. avance <10%","18","960.39",
"act","202507","b. 9-15","a. avance <10%","19","2252.8",
"act","202507","b. 9-15","a. avance <10%","21","2056.01",
"act","202507","b. 9-15","a. avance <10%","30","3547.83",
"base","202507","b. 9-15","b. avance 10-40%","-1","200618.57","81"
"act","202507","b. 9-15","b. avance 10-40%","1","8977.64",
"act","202507","b. 9-15","b. avance 10-40%","2","10027.62",
"act","202507","b. 9-15","b. avance 10-40%","3","5470.8",
"act","202507","b. 9-15","b. avance 10-40%","4","6066.62",
"act","202507","b. 9-15","b. avance 10-40%","5","6647.49",
"act","202507","b. 9-15","b. avance 10-40%","6","596.27",
"act","202507","b. 9-15","b. avance 10-40%","7","1457.99",
"act","202507","b. 9-15","b. avance 10-40%","8","789.36",
"act","202507","b. 9-15","b. avance 10-40%","9","1108.29",
"act","202507","b. 9-15","b. avance 10-40%","10","8210.44",
"act","202507","b. 9-15","b. avance 10-40%","11","12057.3",
"act","202507","b. 9-15","b. avance 10-40%","12","4829.6",
"act","202507","b. 9-15","b. avance 10-40%","14","3982.83",
"act","202507","b. 9-15","b. avance 10-40%","15","13640.6",
"act","202507","b. 9-15","b. avance 10-40%","17","4275.42",
"act","202507","b. 9-15","b. avance 10-40%","18","3124.75",
"act","202507","b. 9-15","b. avance 10-40%","21","11662.2",
"act","202507","b. 9-15","b. avance 10-40%","24","11722.9",
"act","202507","b. 9-15","b. avance 10-40%","25","14246.65",
"act","202507","b. 9-15","b. avance 10-40%","26","8169.38",
"act","202507","b. 9-15","b. avance 10-40%","31","6813.54",
"base","202507","b. 9-15","c. avance 40-70%","-1","48371.51","53"
"act","202507","b. 9-15","c. avance 40-70%","1","4809.67",
"act","202507","b. 9-15","c. avance 40-70%","2","2891.86",
"act","202507","b. 9-15","c. avance 40-70%","3","2427.43",
"act","202507","b. 9-15","c. avance 40-70%","4","1431.63",
"act","202507","b. 9-15","c. avance 40-70%","5","466.26",
"act","202507","b. 9-15","c. avance 40-70%","7","4218.5",
"act","202507","b. 9-15","c. avance 40-70%","8","593.11",
"act","202507","b. 9-15","c. avance 40-70%","9","2865.34",
"act","202507","b. 9-15","c. avance 40-70%","11","380.09",
"act","202507","b. 9-15","c. avance 40-70%","14","2942.19",
"act","202507","b. 9-15","c. avance 40-70%","15","693.97",
"act","202507","b. 9-15","c. avance 40-70%","16","4493.43",
"act","202507","b. 9-15","c. avance 40-70%","17","410.14",
"act","202507","b. 9-15","c. avance 40-70%","18","2722.84",
"act","202507","b. 9-15","c. avance 40-70%","20","156.53",
"act","202507","b. 9-15","c. avance 40-70%","21","1257.51",
"act","202507","b. 9-15","c. avance 40-70%","22","1701.64",
"act","202507","b. 9-15","c. avance 40-70%","23","3234.34",
"act","202507","b. 9-15","c. avance 40-70%","25","2262.47",
"act","202507","b. 9-15","c. avance 40-70%","30","139.76",
"base","202507","b. 9-15","d. avance 70%+","-1","2521.06","8"
"act","202507","b. 9-15","d. avance 70%+","2","643.98",
"act","202507","b. 9-15","d. avance 70%+","3","436.89",
"act","202507","b. 9-15","d. avance 70%+","7","700.94",
"act","202507","b. 9-15","d. avance 70%+","8","227.23",
"act","202507","b. 9-15","d. avance 70%+","24","241.04",
"base","202507","c. 16-30","a. avance <10%","-1","208994.59","73"
"act","202507","c. 16-30","a. avance <10%","1","10663.83",
"act","202507","c. 16-30","a. avance <10%","2","3579.82",
"act","202507","c. 16-30","a. avance <10%","3","2060.05",
"act","202507","c. 16-30","a. avance <10%","5","4358.36",
"act","202507","c. 16-30","a. avance <10%","6","2445.73",
"act","202507","c. 16-30","a. avance <10%","8","1008.59",
"act","202507","c. 16-30","a. avance <10%","9","1699.76",
"act","202507","c. 16-30","a. avance <10%","10","3027.75",
"act","202507","c. 16-30","a. avance <10%","11","970.45",
"act","202507","c. 16-30","a. avance <10%","14","2207.8",
"act","202507","c. 16-30","a. avance <10%","15","4631.88",
"act","202507","c. 16-30","a. avance <10%","17","3724.16",
"act","202507","c. 16-30","a. avance <10%","19","2234.92",
"act","202507","c. 16-30","a. avance <10%","21","1400.85",
"act","202507","c. 16-30","a. avance <10%","23","1778.74",
"act","202507","c. 16-30","a. avance <10%","24","1670.42",
"base","202507","c. 16-30","b. avance 10-40%","-1","149230.59","78"
"act","202507","c. 16-30","b. avance 10-40%","1","7449.65",
"act","202507","c. 16-30","b. avance 10-40%","2","3402.67",
"act","202507","c. 16-30","b. avance 10-40%","3","1680.12",
"act","202507","c. 16-30","b. avance 10-40%","4","1844.44",
"act","202507","c. 16-30","b. avance 10-40%","5","1133.5",
"act","202507","c. 16-30","b. avance 10-40%","6","9056.56",
"act","202507","c. 16-30","b. avance 10-40%","7","4143.14",
"act","202507","c. 16-30","b. avance 10-40%","8","7440.36",
"act","202507","c. 16-30","b. avance 10-40%","10","2478.19",
"act","202507","c. 16-30","b. avance 10-40%","11","9575.41",
"act","202507","c. 16-30","b. avance 10-40%","12","5981.93",
"act","202507","c. 16-30","b. avance 10-40%","14","2175.82",
"act","202507","c. 16-30","b. avance 10-40%","15","2409.51",
"act","202507","c. 16-30","b. avance 10-40%","16","1383.11",
"act","202507","c. 16-30","b. avance 10-40%","18","681.19",
"act","202507","c. 16-30","b. avance 10-40%","21","6007.72",
"act","202507","c. 16-30","b. avance 10-40%","25","828.84",
"act","202507","c. 16-30","b. avance 10-40%","31","2263.36",
"base","202507","c. 16-30","c. avance 40-70%","-1","51123.83","49"
"act","202507","c. 16-30","c. avance 40-70%","1","922.24",
"act","202507","c. 16-30","c. avance 40-70%","2","839.19",
"act","202507","c. 16-30","c. avance 40-70%","3","619.38",
"act","202507","c. 16-30","c. avance 40-70%","4","1843.89",
"act","202507","c. 16-30","c. avance 40-70%","6","2539.48",
"act","202507","c. 16-30","c. avance 40-70%","8","1185.37",
"act","202507","c. 16-30","c. avance 40-70%","10","1512.54",
"act","202507","c. 16-30","c. avance 40-70%","11","1033.44",
"act","202507","c. 16-30","c. avance 40-70%","15","1519.96",
"act","202507","c. 16-30","c. avance 40-70%","16","2109.95",
"act","202507","c. 16-30","c. avance 40-70%","18","3497.56",
"act","202507","c. 16-30","c. avance 40-70%","19","2775.41",
"act","202507","c. 16-30","c. avance 40-70%","20","2236.55",
"act","202507","c. 16-30","c. avance 40-70%","21","656.41",
"act","202507","c. 16-30","c. avance 40-70%","27","336.72",
"base","202507","c. 16-30","d. avance 70%+","-1","10885.92","27"
"act","202507","c. 16-30","d. avance 70%+","1","252.02",
"act","202507","c. 16-30","d. avance 70%+","3","761.69",
"act","202507","c. 16-30","d. avance 70%+","4","195.35",
"act","202507","c. 16-30","d. avance 70%+","5","663.3",
"act","202507","c. 16-30","d. avance 70%+","6","209.18",
"act","202507","c. 16-30","d. avance 70%+","8","1191.67",
"act","202507","c. 16-30","d. avance 70%+","10","584.49",
"act","202507","c. 16-30","d. avance 70%+","12","552.23",
"act","202507","c. 16-30","d. avance 70%+","14","65.57",
"act","202507","c. 16-30","d. avance 70%+","18","666.63",
"act","202507","c. 16-30","d. avance 70%+","19","448.84",
"act","202507","c. 16-30","d. avance 70%+","27","175.46",
"act","202507","c. 16-30","d. avance 70%+","30","416.29",
"base","202508","a. 1-8","a. avance <10%","-1","856759.7","277"
"act","202508","a. 1-8","a. avance <10%","1","186246.82",
"act","202508","a. 1-8","a. avance <10%","2","55909.1",
"act","202508","a. 1-8","a. avance <10%","3","11229.29",
"act","202508","a. 1-8","a. avance <10%","4","42180.75",
"act","202508","a. 1-8","a. avance <10%","5","24333.48",
"act","202508","a. 1-8","a. avance <10%","6","569.4",
"act","202508","a. 1-8","a. avance <10%","7","52511.5",
"act","202508","a. 1-8","a. avance <10%","8","16014.88",
"act","202508","a. 1-8","a. avance <10%","9","8811.89",
"act","202508","a. 1-8","a. avance <10%","10","15462.05",
"act","202508","a. 1-8","a. avance <10%","11","7718.16",
"act","202508","a. 1-8","a. avance <10%","12","13699.72",
"act","202508","a. 1-8","a. avance <10%","13","606.19",
"act","202508","a. 1-8","a. avance <10%","14","20004.08",
"act","202508","a. 1-8","a. avance <10%","15","27977.13",
"act","202508","a. 1-8","a. avance <10%","16","11040.13",
"act","202508","a. 1-8","a. avance <10%","19","1191.12",
"act","202508","a. 1-8","a. avance <10%","20","7649.83",
"act","202508","a. 1-8","a. avance <10%","21","5367.53",
"act","202508","a. 1-8","a. avance <10%","24","10553.32",
"act","202508","a. 1-8","a. avance <10%","26","7188.28",
"act","202508","a. 1-8","a. avance <10%","27","21039.85",
"act","202508","a. 1-8","a. avance <10%","29","25558.21",
"act","202508","a. 1-8","a. avance <10%","30","24518.77",
"act","202508","a. 1-8","a. avance <10%","31","9346.0",
"base","202508","a. 1-8","b. avance 10-40%","-1","1049800.31","566"
"act","202508","a. 1-8","b. avance 10-40%","1","168566.31",
"act","202508","a. 1-8","b. avance 10-40%","2","44636.12",
"act","202508","a. 1-8","b. avance 10-40%","3","33016.47",
"act","202508","a. 1-8","b. avance 10-40%","4","50559.01",
"act","202508","a. 1-8","b. avance 10-40%","5","13598.22",
"act","202508","a. 1-8","b. avance 10-40%","6","6096.88",
"act","202508","a. 1-8","b. avance 10-40%","7","10225.13",
"act","202508","a. 1-8","b. avance 10-40%","8","25019.7",
"act","202508","a. 1-8","b. avance 10-40%","9","14903.31",
"act","202508","a. 1-8","b. avance 10-40%","10","7602.16",
"act","202508","a. 1-8","b. avance 10-40%","11","7050.49",
"act","202508","a. 1-8","b. avance 10-40%","12","5103.48",
"act","202508","a. 1-8","b. avance 10-40%","13","7393.84",
"act","202508","a. 1-8","b. avance 10-40%","14","23085.01",
"act","202508","a. 1-8","b. avance 10-40%","15","5259.57",
"act","202508","a. 1-8","b. avance 10-40%","16","6842.12",
"act","202508","a. 1-8","b. avance 10-40%","17","3072.64",
"act","202508","a. 1-8","b. avance 10-40%","18","11270.26",
"act","202508","a. 1-8","b. avance 10-40%","19","5515.67",
"act","202508","a. 1-8","b. avance 10-40%","20","14961.47",
"act","202508","a. 1-8","b. avance 10-40%","21","25778.36",
"act","202508","a. 1-8","b. avance 10-40%","22","22847.83",
"act","202508","a. 1-8","b. avance 10-40%","23","6555.16",
"act","202508","a. 1-8","b. avance 10-40%","24","2182.54",
"act","202508","a. 1-8","b. avance 10-40%","25","6061.44",
"act","202508","a. 1-8","b. avance 10-40%","26","21690.73",
"act","202508","a. 1-8","b. avance 10-40%","27","18034.38",
"act","202508","a. 1-8","b. avance 10-40%","28","70063.81",
"act","202508","a. 1-8","b. avance 10-40%","29","74516.8",
"act","202508","a. 1-8","b. avance 10-40%","30","16201.63",
"act","202508","a. 1-8","b. avance 10-40%","31","62699.56",
"base","202508","a. 1-8","c. avance 40-70%","-1","391466.21","421"
"act","202508","a. 1-8","c. avance 40-70%","1","53798.14",
"act","202508","a. 1-8","c. avance 40-70%","2","36065.12",
"act","202508","a. 1-8","c. avance 40-70%","3","17141.54",
"act","202508","a. 1-8","c. avance 40-70%","4","12352.38",
"act","202508","a. 1-8","c. avance 40-70%","5","18201.86",
"act","202508","a. 1-8","c. avance 40-70%","6","8281.36",
"act","202508","a. 1-8","c. avance 40-70%","7","7848.75",
"act","202508","a. 1-8","c. avance 40-70%","8","4418.92",
"act","202508","a. 1-8","c. avance 40-70%","9","5512.39",
"act","202508","a. 1-8","c. avance 40-70%","10","3780.07",
"act","202508","a. 1-8","c. avance 40-70%","11","4472.57",
"act","202508","a. 1-8","c. avance 40-70%","12","4801.67",
"act","202508","a. 1-8","c. avance 40-70%","13","3463.42",
"act","202508","a. 1-8","c. avance 40-70%","14","5926.6",
"act","202508","a. 1-8","c. avance 40-70%","15","1991.86",
"act","202508","a. 1-8","c. avance 40-70%","16","4656.97",
"act","202508","a. 1-8","c. avance 40-70%","17","3680.65",
"act","202508","a. 1-8","c. avance 40-70%","18","1229.95",
"act","202508","a. 1-8","c. avance 40-70%","19","5360.15",
"act","202508","a. 1-8","c. avance 40-70%","20","3302.84",
"act","202508","a. 1-8","c. avance 40-70%","21","2239.6",
"act","202508","a. 1-8","c. avance 40-70%","22","3943.92",
"act","202508","a. 1-8","c. avance 40-70%","23","6011.01",
"act","202508","a. 1-8","c. avance 40-70%","24","2869.84",
"act","202508","a. 1-8","c. avance 40-70%","25","4160.96",
"act","202508","a. 1-8","c. avance 40-70%","26","4879.98",
"act","202508","a. 1-8","c. avance 40-70%","27","20616.25",
"act","202508","a. 1-8","c. avance 40-70%","28","11023.14",
"act","202508","a. 1-8","c. avance 40-70%","29","19130.35",
"act","202508","a. 1-8","c. avance 40-70%","30","13486.3",
"act","202508","a. 1-8","c. avance 40-70%","31","13008.52",
"base","202508","a. 1-8","d. avance 70%+","-1","30062.85","92"
"act","202508","a. 1-8","d. avance 70%+","1","5749.81",
"act","202508","a. 1-8","d. avance 70%+","2","1208.27",
"act","202508","a. 1-8","d. avance 70%+","3","1275.75",
"act","202508","a. 1-8","d. avance 70%+","4","2252.06",
"act","202508","a. 1-8","d. avance 70%+","5","1433.41",
"act","202508","a. 1-8","d. avance 70%+","6","612.98",
"act","202508","a. 1-8","d. avance 70%+","7","479.76",
"act","202508","a. 1-8","d. avance 70%+","8","780.58",
"act","202508","a. 1-8","d. avance 70%+","9","496.84",
"act","202508","a. 1-8","d. avance 70%+","10","304.47",
"act","202508","a. 1-8","d. avance 70%+","12","513.09",
"act","202508","a. 1-8","d. avance 70%+","15","392.65",
"act","202508","a. 1-8","d. avance 70%+","18","180.4",
"act","202508","a. 1-8","d. avance 70%+","20","1552.45",
"act","202508","a. 1-8","d. avance 70%+","21","94.04",
"act","202508","a. 1-8","d. avance 70%+","22","1045.37",
"act","202508","a. 1-8","d. avance 70%+","23","417.79",
"act","202508","a. 1-8","d. avance 70%+","24","280.2",
"act","202508","a. 1-8","d. avance 70%+","25","640.52",
"act","202508","a. 1-8","d. avance 70%+","26","1182.27",
"act","202508","a. 1-8","d. avance 70%+","27","69.28",
"act","202508","a. 1-8","d. avance 70%+","28","1272.77",
"act","202508","a. 1-8","d. avance 70%+","29","791.18",
"act","202508","a. 1-8","d. avance 70%+","30","448.49",
"act","202508","a. 1-8","d. avance 70%+","31","1415.91",
"base","202508","b. 9-15","a. avance <10%","-1","106495.81","41"
"act","202508","b. 9-15","a. avance <10%","2","1094.53",
"act","202508","b. 9-15","a. avance <10%","4","4961.59",
"act","202508","b. 9-15","a. avance <10%","5","1728.19",
"act","202508","b. 9-15","a. avance <10%","6","2267.76",
"act","202508","b. 9-15","a. avance <10%","7","2762.2",
"act","202508","b. 9-15","a. avance <10%","8","17505.76",
"act","202508","b. 9-15","a. avance <10%","12","748.65",
"act","202508","b. 9-15","a. avance <10%","15","2600.99",
"act","202508","b. 9-15","a. avance <10%","18","3688.76",
"act","202508","b. 9-15","a. avance <10%","19","14472.26",
"act","202508","b. 9-15","a. avance <10%","23","3998.46",
"act","202508","b. 9-15","a. avance <10%","24","450.8",
"base","202508","b. 9-15","b. avance 10-40%","-1","82672.07","51"
"act","202508","b. 9-15","b. avance 10-40%","1","13229.44",
"act","202508","b. 9-15","b. avance 10-40%","2","5432.62",
"act","202508","b. 9-15","b. avance 10-40%","3","1097.08",
"act","202508","b. 9-15","b. avance 10-40%","4","5918.93",
"act","202508","b. 9-15","b. avance 10-40%","5","2467.37",
"act","202508","b. 9-15","b. avance 10-40%","6","1325.54",
"act","202508","b. 9-15","b. avance 10-40%","8","4674.7",
"act","202508","b. 9-15","b. avance 10-40%","9","5488.98",
"act","202508","b. 9-15","b. avance 10-40%","12","287.36",
"act","202508","b. 9-15","b. avance 10-40%","13","895.01",
"act","202508","b. 9-15","b. avance 10-40%","14","1527.47",
"act","202508","b. 9-15","b. avance 10-40%","16","1242.32",
"act","202508","b. 9-15","b. avance 10-40%","18","990.78",
"act","202508","b. 9-15","b. avance 10-40%","19","1198.78",
"act","202508","b. 9-15","b. avance 10-40%","21","1863.26",
"act","202508","b. 9-15","b. avance 10-40%","22","940.99",
"act","202508","b. 9-15","b. avance 10-40%","23","1284.52",
"act","202508","b. 9-15","b. avance 10-40%","24","456.17",
"act","202508","b. 9-15","b. avance 10-40%","25","1354.33",
"act","202508","b. 9-15","b. avance 10-40%","27","1096.0",
"act","202508","b. 9-15","b. avance 10-40%","29","1629.43",
"base","202508","b. 9-15","c. avance 40-70%","-1","32491.21","44"
"act","202508","b. 9-15","c. avance 40-70%","1","4058.7",
"act","202508","b. 9-15","c. avance 40-70%","2","106.83",
"act","202508","b. 9-15","c. avance 40-70%","3","2117.33",
"act","202508","b. 9-15","c. avance 40-70%","4","802.5",
"act","202508","b. 9-15","c. avance 40-70%","5","2943.66",
"act","202508","b. 9-15","c. avance 40-70%","6","929.43",
"act","202508","b. 9-15","c. avance 40-70%","7","1206.42",
"act","202508","b. 9-15","c. avance 40-70%","8","603.16",
"act","202508","b. 9-15","c. avance 40-70%","13","580.33",
"act","202508","b. 9-15","c. avance 40-70%","14","1807.69",
"act","202508","b. 9-15","c. avance 40-70%","15","1852.14",
"act","202508","b. 9-15","c. avance 40-70%","16","928.86",
"act","202508","b. 9-15","c. avance 40-70%","18","1601.2",
"act","202508","b. 9-15","c. avance 40-70%","19","349.97",
"act","202508","b. 9-15","c. avance 40-70%","22","1015.37",
"act","202508","b. 9-15","c. avance 40-70%","24","982.39",
"act","202508","b. 9-15","c. avance 40-70%","25","1118.34",
"act","202508","b. 9-15","c. avance 40-70%","29","2052.55",
"act","202508","b. 9-15","c. avance 40-70%","31","154.09",
"base","202508","b. 9-15","d. avance 70%+","-1","4345.95","14"
"act","202508","b. 9-15","d. avance 70%+","2","276.58",
"act","202508","b. 9-15","d. avance 70%+","3","138.1",
"act","202508","b. 9-15","d. avance 70%+","4","221.92",
"act","202508","b. 9-15","d. avance 70%+","5","233.64",
"act","202508","b. 9-15","d. avance 70%+","6","314.22",
"act","202508","b. 9-15","d. avance 70%+","7","747.88",
"act","202508","b. 9-15","d. avance 70%+","13","208.61",
"act","202508","b. 9-15","d. avance 70%+","14","620.08",
"act","202508","b. 9-15","d. avance 70%+","15","166.33",
"act","202508","b. 9-15","d. avance 70%+","18","594.59",
"act","202508","b. 9-15","d. avance 70%+","23","363.55",
"act","202508","b. 9-15","d. avance 70%+","25","106.38",
"base","202508","c. 16-30","a. avance <10%","-1","182450.76","60"
"act","202508","c. 16-30","a. avance <10%","1","7920.36",
"act","202508","c. 16-30","a. avance <10%","2","1677.9",
"act","202508","c. 16-30","a. avance <10%","5","4550.2",
"act","202508","c. 16-30","a. avance <10%","7","3648.36",
"act","202508","c. 16-30","a. avance <10%","8","214.31",
"act","202508","c. 16-30","a. avance <10%","9","4105.88",
"act","202508","c. 16-30","a. avance <10%","14","11795.2",
"act","202508","c. 16-30","a. avance <10%","15","1606.78",
"act","202508","c. 16-30","a. avance <10%","18","434.39",
"act","202508","c. 16-30","a. avance <10%","19","4945.34",
"act","202508","c. 16-30","a. avance <10%","20","8913.47",
"act","202508","c. 16-30","a. avance <10%","21","4329.29",
"act","202508","c. 16-30","a. avance <10%","23","1413.76",
"act","202508","c. 16-30","a. avance <10%","26","4521.42",
"base","202508","c. 16-30","b. avance 10-40%","-1","153631.77","76"
"act","202508","c. 16-30","b. avance 10-40%","1","7271.09",
"act","202508","c. 16-30","b. avance 10-40%","2","5105.16",
"act","202508","c. 16-30","b. avance 10-40%","3","2068.07",
"act","202508","c. 16-30","b. avance 10-40%","4","1859.98",
"act","202508","c. 16-30","b. avance 10-40%","5","3759.79",
"act","202508","c. 16-30","b. avance 10-40%","7","1997.53",
"act","202508","c. 16-30","b. avance 10-40%","11","1872.33",
"act","202508","c. 16-30","b. avance 10-40%","12","4360.65",
"act","202508","c. 16-30","b. avance 10-40%","14","2821.88",
"act","202508","c. 16-30","b. avance 10-40%","20","725.44",
"act","202508","c. 16-30","b. avance 10-40%","21","1677.1",
"act","202508","c. 16-30","b. avance 10-40%","22","7096.0",
"act","202508","c. 16-30","b. avance 10-40%","26","13409.81",
"act","202508","c. 16-30","b. avance 10-40%","27","1099.6",
"act","202508","c. 16-30","b. avance 10-40%","28","2798.32",
"act","202508","c. 16-30","b. avance 10-40%","29","2299.41",
"act","202508","c. 16-30","b. avance 10-40%","31","14059.77",
"base","202508","c. 16-30","c. avance 40-70%","-1","44247.16","45"
"act","202508","c. 16-30","c. avance 40-70%","3","686.19",
"act","202508","c. 16-30","c. avance 40-70%","4","3549.87",
"act","202508","c. 16-30","c. avance 40-70%","5","1741.82",
"act","202508","c. 16-30","c. avance 40-70%","6","171.45",
"act","202508","c. 16-30","c. avance 40-70%","7","2033.81",
"act","202508","c. 16-30","c. avance 40-70%","8","2675.24",
"act","202508","c. 16-30","c. avance 40-70%","11","486.12",
"act","202508","c. 16-30","c. avance 40-70%","12","611.71",
"act","202508","c. 16-30","c. avance 40-70%","14","4380.32",
"act","202508","c. 16-30","c. avance 40-70%","20","732.93",
"act","202508","c. 16-30","c. avance 40-70%","23","3154.02",
"act","202508","c. 16-30","c. avance 40-70%","27","2240.12",
"act","202508","c. 16-30","c. avance 40-70%","29","80.85",
"act","202508","c. 16-30","c. avance 40-70%","31","587.05",
"base","202508","c. 16-30","d. avance 70%+","-1","11499.83","24"
"act","202508","c. 16-30","d. avance 70%+","1","1347.52",
"act","202508","c. 16-30","d. avance 70%+","2","482.66",
"act","202508","c. 16-30","d. avance 70%+","5","315.8",
"act","202508","c. 16-30","d. avance 70%+","8","251.88",
"act","202508","c. 16-30","d. avance 70%+","12","1413.04",
"act","202508","c. 16-30","d. avance 70%+","13","1295.21",
"act","202508","c. 16-30","d. avance 70%+","17","222.44",
"act","202508","c. 16-30","d. avance 70%+","20","355.37",
"act","202508","c. 16-30","d. avance 70%+","27","935.46",
"base","202509","a. 1-8","a. avance <10%","-1","332160.44","126"
"act","202509","a. 1-8","a. avance <10%","1","50974.68",
"act","202509","a. 1-8","a. avance <10%","2","43545.13",
"act","202509","a. 1-8","a. avance <10%","3","27567.4",
"act","202509","a. 1-8","a. avance <10%","4","12734.06",
"act","202509","a. 1-8","a. avance <10%","5","5440.77",
"act","202509","a. 1-8","a. avance <10%","6","5060.48",
"act","202509","a. 1-8","a. avance <10%","9","2857.75",
"act","202509","a. 1-8","a. avance <10%","10","1015.87",
"act","202509","a. 1-8","a. avance <10%","14","1390.73",
"act","202509","a. 1-8","a. avance <10%","15","7073.4",
"act","202509","a. 1-8","a. avance <10%","16","2901.51",
"act","202509","a. 1-8","a. avance <10%","17","4593.0",
"act","202509","a. 1-8","a. avance <10%","19","7804.87",
"act","202509","a. 1-8","a. avance <10%","23","13512.21",
"act","202509","a. 1-8","a. avance <10%","25","1523.16",
"act","202509","a. 1-8","a. avance <10%","26","3155.82",
"act","202509","a. 1-8","a. avance <10%","29","4418.56",
"act","202509","a. 1-8","a. avance <10%","30","15699.58",
"base","202509","a. 1-8","b. avance 10-40%","-1","485781.65","238"
"act","202509","a. 1-8","b. avance 10-40%","1","72357.8",
"act","202509","a. 1-8","b. avance 10-40%","2","34915.3",
"act","202509","a. 1-8","b. avance 10-40%","3","34887.75",
"act","202509","a. 1-8","b. avance 10-40%","4","16483.76",
"act","202509","a. 1-8","b. avance 10-40%","5","24960.06",
"act","202509","a. 1-8","b. avance 10-40%","6","15045.58",
"act","202509","a. 1-8","b. avance 10-40%","7","632.24",
"act","202509","a. 1-8","b. avance 10-40%","8","4026.56",
"act","202509","a. 1-8","b. avance 10-40%","9","10179.36",
"act","202509","a. 1-8","b. avance 10-40%","10","4004.62",
"act","202509","a. 1-8","b. avance 10-40%","11","4410.59",
"act","202509","a. 1-8","b. avance 10-40%","12","12558.53",
"act","202509","a. 1-8","b. avance 10-40%","14","4008.21",
"act","202509","a. 1-8","b. avance 10-40%","15","20143.35",
"act","202509","a. 1-8","b. avance 10-40%","16","14023.59",
"act","202509","a. 1-8","b. avance 10-40%","17","13190.01",
"act","202509","a. 1-8","b. avance 10-40%","18","6810.63",
"act","202509","a. 1-8","b. avance 10-40%","19","15681.27",
"act","202509","a. 1-8","b. avance 10-40%","20","1979.03",
"act","202509","a. 1-8","b. avance 10-40%","21","1174.98",
"act","202509","a. 1-8","b. avance 10-40%","22","5927.36",
"act","202509","a. 1-8","b. avance 10-40%","23","4566.51",
"act","202509","a. 1-8","b. avance 10-40%","24","4958.49",
"act","202509","a. 1-8","b. avance 10-40%","25","2777.24",
"act","202509","a. 1-8","b. avance 10-40%","26","10077.95",
"act","202509","a. 1-8","b. avance 10-40%","27","4506.81",
"act","202509","a. 1-8","b. avance 10-40%","28","6277.99",
"act","202509","a. 1-8","b. avance 10-40%","29","5625.21",
"act","202509","a. 1-8","b. avance 10-40%","30","31711.6",
"base","202509","a. 1-8","c. avance 40-70%","-1","184781.72","215"
"act","202509","a. 1-8","c. avance 40-70%","1","30635.01",
"act","202509","a. 1-8","c. avance 40-70%","2","23409.61",
"act","202509","a. 1-8","c. avance 40-70%","3","15512.87",
"act","202509","a. 1-8","c. avance 40-70%","4","6879.6",
"act","202509","a. 1-8","c. avance 40-70%","5","7074.37",
"act","202509","a. 1-8","c. avance 40-70%","6","347.41",
"act","202509","a. 1-8","c. avance 40-70%","7","385.14",
"act","202509","a. 1-8","c. avance 40-70%","8","1507.1",
"act","202509","a. 1-8","c. avance 40-70%","9","5281.34",
"act","202509","a. 1-8","c. avance 40-70%","10","1574.59",
"act","202509","a. 1-8","c. avance 40-70%","11","2600.83",
"act","202509","a. 1-8","c. avance 40-70%","12","2305.81",
"act","202509","a. 1-8","c. avance 40-70%","13","469.44",
"act","202509","a. 1-8","c. avance 40-70%","15","3574.77",
"act","202509","a. 1-8","c. avance 40-70%","17","1095.16",
"act","202509","a. 1-8","c. avance 40-70%","19","1683.0",
"act","202509","a. 1-8","c. avance 40-70%","20","2133.95",
"act","202509","a. 1-8","c. avance 40-70%","21","167.48",
"act","202509","a. 1-8","c. avance 40-70%","22","864.92",
"act","202509","a. 1-8","c. avance 40-70%","23","2291.38",
"act","202509","a. 1-8","c. avance 40-70%","24","1159.3",
"act","202509","a. 1-8","c. avance 40-70%","25","1497.95",
"act","202509","a. 1-8","c. avance 40-70%","26","1959.8",
"act","202509","a. 1-8","c. avance 40-70%","27","3542.08",
"act","202509","a. 1-8","c. avance 40-70%","28","7043.86",
"act","202509","a. 1-8","c. avance 40-70%","29","14628.03",
"act","202509","a. 1-8","c. avance 40-70%","30","3079.27",
"base","202509","a. 1-8","d. avance 70%+","-1","19045.08","44"
"act","202509","a. 1-8","d. avance 70%+","1","3743.53",
"act","202509","a. 1-8","d. avance 70%+","2","756.09",
"act","202509","a. 1-8","d. avance 70%+","3","1185.2",
"act","202509","a. 1-8","d. avance 70%+","4","2029.57",
"act","202509","a. 1-8","d. avance 70%+","5","247.03",
"act","202509","a. 1-8","d. avance 70%+","6","385.05",
"act","202509","a. 1-8","d. avance 70%+","8","589.53",
"act","202509","a. 1-8","d. avance 70%+","10","165.61",
"act","202509","a. 1-8","d. avance 70%+","11","947.74",
"act","202509","a. 1-8","d. avance 70%+","13","273.05",
"act","202509","a. 1-8","d. avance 70%+","16","1086.46",
"act","202509","a. 1-8","d. avance 70%+","18","235.16",
"act","202509","a. 1-8","d. avance 70%+","20","219.67",
"act","202509","a. 1-8","d. avance 70%+","22","271.57",
"act","202509","a. 1-8","d. avance 70%+","23","810.39",
"act","202509","a. 1-8","d. avance 70%+","26","359.81",
"act","202509","a. 1-8","d. avance 70%+","27","2196.33",
"act","202509","a. 1-8","d. avance 70%+","29","190.34",
"act","202509","a. 1-8","d. avance 70%+","30","125.75",
"base","202509","b. 9-15","a. avance <10%","-1","133428.18","46"
"act","202509","b. 9-15","a. avance <10%","1","16770.98",
"act","202509","b. 9-15","a. avance <10%","2","15276.1",
"act","202509","b. 9-15","a. avance <10%","3","381.17",
"act","202509","b. 9-15","a. avance <10%","4","6078.46",
"act","202509","b. 9-15","a. avance <10%","7","1512.75",
"act","202509","b. 9-15","a. avance <10%","9","3243.17",
"act","202509","b. 9-15","a. avance <10%","10","15343.1",
"act","202509","b. 9-15","a. avance <10%","15","8272.35",
"act","202509","b. 9-15","a. avance <10%","17","1760.16",
"act","202509","b. 9-15","a. avance <10%","18","14191.18",
"act","202509","b. 9-15","a. avance <10%","24","1124.07",
"act","202509","b. 9-15","a. avance <10%","26","2024.0",
"act","202509","b. 9-15","a. avance <10%","27","2787.47",
"act","202509","b. 9-15","a. avance <10%","30","921.6",
"base","202509","b. 9-15","b. avance 10-40%","-1","117872.82","59"
"act","202509","b. 9-15","b. avance 10-40%","1","3842.58",
"act","202509","b. 9-15","b. avance 10-40%","2","4475.36",
"act","202509","b. 9-15","b. avance 10-40%","3","13039.9",
"act","202509","b. 9-15","b. avance 10-40%","4","2607.67",
"act","202509","b. 9-15","b. avance 10-40%","5","7739.07",
"act","202509","b. 9-15","b. avance 10-40%","6","19118.25",
"act","202509","b. 9-15","b. avance 10-40%","7","657.18",
"act","202509","b. 9-15","b. avance 10-40%","8","792.56",
"act","202509","b. 9-15","b. avance 10-40%","9","982.67",
"act","202509","b. 9-15","b. avance 10-40%","10","2867.59",
"act","202509","b. 9-15","b. avance 10-40%","11","1673.0",
"act","202509","b. 9-15","b. avance 10-40%","15","1605.47",
"act","202509","b. 9-15","b. avance 10-40%","16","3171.12",
"act","202509","b. 9-15","b. avance 10-40%","17","1751.65",
"act","202509","b. 9-15","b. avance 10-40%","18","3156.37",
"act","202509","b. 9-15","b. avance 10-40%","20","1900.31",
"act","202509","b. 9-15","b. avance 10-40%","21","139.28",
"act","202509","b. 9-15","b. avance 10-40%","23","14852.82",
"act","202509","b. 9-15","b. avance 10-40%","26","1017.76",
"base","202509","b. 9-15","c. avance 40-70%","-1","49841.34","49"
"act","202509","b. 9-15","c. avance 40-70%","1","3110.28",
"act","202509","b. 9-15","c. avance 40-70%","2","3565.96",
"act","202509","b. 9-15","c. avance 40-70%","3","347.39",
"act","202509","b. 9-15","c. avance 40-70%","4","200.6",
"act","202509","b. 9-15","c. avance 40-70%","5","4021.7",
"act","202509","b. 9-15","c. avance 40-70%","8","237.43",
"act","202509","b. 9-15","c. avance 40-70%","9","2136.13",
"act","202509","b. 9-15","c. avance 40-70%","10","866.42",
"act","202509","b. 9-15","c. avance 40-70%","11","2916.08",
"act","202509","b. 9-15","c. avance 40-70%","12","263.57",
"act","202509","b. 9-15","c. avance 40-70%","13","4152.15",
"act","202509","b. 9-15","c. avance 40-70%","14","647.51",
"act","202509","b. 9-15","c. avance 40-70%","16","3492.07",
"act","202509","b. 9-15","c. avance 40-70%","17","1500.42",
"act","202509","b. 9-15","c. avance 40-70%","24","769.16",
"act","202509","b. 9-15","c. avance 40-70%","25","610.51",
"act","202509","b. 9-15","c. avance 40-70%","27","1909.64",
"act","202509","b. 9-15","c. avance 40-70%","28","1644.16",
"base","202509","b. 9-15","d. avance 70%+","-1","5138.18","13"
"act","202509","b. 9-15","d. avance 70%+","1","1234.32",
"act","202509","b. 9-15","d. avance 70%+","2","216.89",
"act","202509","b. 9-15","d. avance 70%+","3","441.71",
"act","202509","b. 9-15","d. avance 70%+","5","566.15",
"act","202509","b. 9-15","d. avance 70%+","18","464.25",
"act","202509","b. 9-15","d. avance 70%+","20","1006.09",
"act","202509","b. 9-15","d. avance 70%+","22","719.87",
"act","202509","b. 9-15","d. avance 70%+","29","71.52",
"base","202509","c. 16-30","a. avance <10%","-1","261576.09","82"
"act","202509","c. 16-30","a. avance <10%","1","12989.09",
"act","202509","c. 16-30","a. avance <10%","2","9505.87",
"act","202509","c. 16-30","a. avance <10%","3","2481.03",
"act","202509","c. 16-30","a. avance <10%","4","5694.86",
"act","202509","c. 16-30","a. avance <10%","5","2370.31",
"act","202509","c. 16-30","a. avance <10%","8","2803.55",
"act","202509","c. 16-30","a. avance <10%","9","4550.31",
"act","202509","c. 16-30","a. avance <10%","10","3090.0",
"act","202509","c. 16-30","a. avance <10%","12","2864.77",
"act","202509","c. 16-30","a. avance <10%","15","2781.22",
"act","202509","c. 16-30","a. avance <10%","21","1922.8",
"act","202509","c. 16-30","a. avance <10%","25","1661.57",
"base","202509","c. 16-30","b. avance 10-40%","-1","233980.66","92"
"act","202509","c. 16-30","b. avance 10-40%","1","7854.38",
"act","202509","c. 16-30","b. avance 10-40%","2","5204.41",
"act","202509","c. 16-30","b. avance 10-40%","3","13798.53",
"act","202509","c. 16-30","b. avance 10-40%","4","1976.04",
"act","202509","c. 16-30","b. avance 10-40%","5","9772.34",
"act","202509","c. 16-30","b. avance 10-40%","6","1774.76",
"act","202509","c. 16-30","b. avance 10-40%","8","1006.6",
"act","202509","c. 16-30","b. avance 10-40%","9","7396.28",
"act","202509","c. 16-30","b. avance 10-40%","10","2306.28",
"act","202509","c. 16-30","b. avance 10-40%","11","5982.52",
"act","202509","c. 16-30","b. avance 10-40%","15","2096.14",
"act","202509","c. 16-30","b. avance 10-40%","19","2396.56",
"act","202509","c. 16-30","b. avance 10-40%","20","4013.69",
"act","202509","c. 16-30","b. avance 10-40%","22","4107.15",
"act","202509","c. 16-30","b. avance 10-40%","26","980.11",
"act","202509","c. 16-30","b. avance 10-40%","27","2187.01",
"act","202509","c. 16-30","b. avance 10-40%","30","3188.27",
"base","202509","c. 16-30","c. avance 40-70%","-1","58943.81","65"
"act","202509","c. 16-30","c. avance 40-70%","1","3188.02",
"act","202509","c. 16-30","c. avance 40-70%","2","6927.58",
"act","202509","c. 16-30","c. avance 40-70%","3","5277.55",
"act","202509","c. 16-30","c. avance 40-70%","4","3259.8",
"act","202509","c. 16-30","c. avance 40-70%","5","404.03",
"act","202509","c. 16-30","c. avance 40-70%","6","223.44",
"act","202509","c. 16-30","c. avance 40-70%","8","725.59",
"act","202509","c. 16-30","c. avance 40-70%","9","578.46",
"act","202509","c. 16-30","c. avance 40-70%","10","833.38",
"act","202509","c. 16-30","c. avance 40-70%","11","1288.7",
"act","202509","c. 16-30","c. avance 40-70%","13","716.28",
"act","202509","c. 16-30","c. avance 40-70%","16","1227.08",
"act","202509","c. 16-30","c. avance 40-70%","20","1504.39",
"act","202509","c. 16-30","c. avance 40-70%","22","2096.57",
"act","202509","c. 16-30","c. avance 40-70%","24","246.55",
"act","202509","c. 16-30","c. avance 40-70%","25","3561.19",
"act","202509","c. 16-30","c. avance 40-70%","27","817.7",
"act","202509","c. 16-30","c. avance 40-70%","30","1311.21",
"base","202509","c. 16-30","d. avance 70%+","-1","7688.67","17"
"act","202509","c. 16-30","d. avance 70%+","1","619.26",
"act","202509","c. 16-30","d. avance 70%+","3","1012.96",
"act","202509","c. 16-30","d. avance 70%+","4","354.88",
"act","202509","c. 16-30","d. avance 70%+","7","1088.42",
"act","202509","c. 16-30","d. avance 70%+","14","240.46",
"act","202509","c. 16-30","d. avance 70%+","16","166.03",
"act","202509","c. 16-30","d. avance 70%+","18","771.71",
"act","202509","c. 16-30","d. avance 70%+","21","1048.85",
"base","202510","a. 1-8","a. avance <10%","-1","414387.89","131"
"act","202510","a. 1-8","a. avance <10%","1","47207.81",
"act","202510","a. 1-8","a. avance <10%","2","30348.02",
"act","202510","a. 1-8","a. avance <10%","3","15526.34",
"act","202510","a. 1-8","a. avance <10%","4","15326.97",
"act","202510","a. 1-8","a. avance <10%","5","1073.71",
"act","202510","a. 1-8","a. avance <10%","6","6530.27",
"act","202510","a. 1-8","a. avance <10%","8","11694.58",
"act","202510","a. 1-8","a. avance <10%","9","1483.78",
"act","202510","a. 1-8","a. avance <10%","10","20839.46",
"act","202510","a. 1-8","a. avance <10%","13","2782.56",
"act","202510","a. 1-8","a. avance <10%","14","1059.23",
"act","202510","a. 1-8","a. avance <10%","15","2416.76",
"act","202510","a. 1-8","a. avance <10%","16","7115.51",
"act","202510","a. 1-8","a. avance <10%","20","3491.51",
"act","202510","a. 1-8","a. avance <10%","21","11837.81",
"act","202510","a. 1-8","a. avance <10%","22","1854.64",
"act","202510","a. 1-8","a. avance <10%","23","2938.98",
"act","202510","a. 1-8","a. avance <10%","24","2099.57",
"act","202510","a. 1-8","a. avance <10%","25","1824.11",
"act","202510","a. 1-8","a. avance <10%","27","4854.8",
"act","202510","a. 1-8","a. avance <10%","28","9437.0",
"act","202510","a. 1-8","a. avance <10%","29","33363.57",
"act","202510","a. 1-8","a. avance <10%","30","25043.05",
"act","202510","a. 1-8","a. avance <10%","31","5365.82",
"base","202510","a. 1-8","b. avance 10-40%","-1","667616.22","328"
"act","202510","a. 1-8","b. avance 10-40%","1","79351.99",
"act","202510","a. 1-8","b. avance 10-40%","2","57056.84",
"act","202510","a. 1-8","b. avance 10-40%","3","58802.62",
"act","202510","a. 1-8","b. avance 10-40%","4","10803.71",
"act","202510","a. 1-8","b. avance 10-40%","5","8020.49",
"act","202510","a. 1-8","b. avance 10-40%","6","38979.89",
"act","202510","a. 1-8","b. avance 10-40%","8","34518.95",
"act","202510","a. 1-8","b. avance 10-40%","9","9460.04",
"act","202510","a. 1-8","b. avance 10-40%","10","8722.78",
"act","202510","a. 1-8","b. avance 10-40%","11","6500.15",
"act","202510","a. 1-8","b. avance 10-40%","12","592.89",
"act","202510","a. 1-8","b. avance 10-40%","13","8103.44",
"act","202510","a. 1-8","b. avance 10-40%","14","6119.26",
"act","202510","a. 1-8","b. avance 10-40%","15","9582.32",
"act","202510","a. 1-8","b. avance 10-40%","16","12606.64",
"act","202510","a. 1-8","b. avance 10-40%","17","3170.95",
"act","202510","a. 1-8","b. avance 10-40%","18","6333.78",
"act","202510","a. 1-8","b. avance 10-40%","19","1774.26",
"act","202510","a. 1-8","b. avance 10-40%","20","3031.42",
"act","202510","a. 1-8","b. avance 10-40%","21","5730.69",
"act","202510","a. 1-8","b. avance 10-40%","22","5724.51",
"act","202510","a. 1-8","b. avance 10-40%","23","6937.98",
"act","202510","a. 1-8","b. avance 10-40%","24","8036.49",
"act","202510","a. 1-8","b. avance 10-40%","25","1198.32",
"act","202510","a. 1-8","b. avance 10-40%","26","3959.19",
"act","202510","a. 1-8","b. avance 10-40%","27","35022.9",
"act","202510","a. 1-8","b. avance 10-40%","28","36983.27",
"act","202510","a. 1-8","b. avance 10-40%","29","33497.7",
"act","202510","a. 1-8","b. avance 10-40%","30","13722.86",
"act","202510","a. 1-8","b. avance 10-40%","31","15972.15",
"base","202510","a. 1-8","c. avance 40-70%","-1","231961.16","276"
"act","202510","a. 1-8","c. avance 40-70%","1","41692.08",
"act","202510","a. 1-8","c. avance 40-70%","2","26356.59",
"act","202510","a. 1-8","c. avance 40-70%","3","8485.89",
"act","202510","a. 1-8","c. avance 40-70%","4","5198.49",
"act","202510","a. 1-8","c. avance 40-70%","5","2245.48",
"act","202510","a. 1-8","c. avance 40-70%","6","1877.37",
"act","202510","a. 1-8","c. avance 40-70%","7","247.0",
"act","202510","a. 1-8","c. avance 40-70%","8","2990.91",
"act","202510","a. 1-8","c. avance 40-70%","9","7228.88",
"act","202510","a. 1-8","c. avance 40-70%","10","1420.23",
"act","202510","a. 1-8","c. avance 40-70%","11","561.52",
"act","202510","a. 1-8","c. avance 40-70%","12","922.21",
"act","202510","a. 1-8","c. avance 40-70%","13","1475.76",
"act","202510","a. 1-8","c. avance 40-70%","14","5094.98",
"act","202510","a. 1-8","c. avance 40-70%","15","1136.73",
"act","202510","a. 1-8","c. avance 40-70%","16","1568.28",
"act","202510","a. 1-8","c. avance 40-70%","17","141.92",
"act","202510","a. 1-8","c. avance 40-70%","18","10068.75",
"act","202510","a. 1-8","c. avance 40-70%","20","1280.63",
"act","202510","a. 1-8","c. avance 40-70%","21","836.93",
"act","202510","a. 1-8","c. avance 40-70%","22","5638.45",
"act","202510","a. 1-8","c. avance 40-70%","23","1377.86",
"act","202510","a. 1-8","c. avance 40-70%","24","2368.28",
"act","202510","a. 1-8","c. avance 40-70%","25","3604.92",
"act","202510","a. 1-8","c. avance 40-70%","26","860.46",
"act","202510","a. 1-8","c. avance 40-70%","27","7118.36",
"act","202510","a. 1-8","c. avance 40-70%","28","13253.35",
"act","202510","a. 1-8","c. avance 40-70%","29","20134.26",
"act","202510","a. 1-8","c. avance 40-70%","30","7177.97",
"act","202510","a. 1-8","c. avance 40-70%","31","7974.59",
"base","202510","a. 1-8","d. avance 70%+","-1","43123.82","111"
"act","202510","a. 1-8","d. avance 70%+","1","9504.25",
"act","202510","a. 1-8","d. avance 70%+","2","4663.97",
"act","202510","a. 1-8","d. avance 70%+","3","2045.63",
"act","202510","a. 1-8","d. avance 70%+","4","2039.96",
"act","202510","a. 1-8","d. avance 70%+","6","406.73",
"act","202510","a. 1-8","d. avance 70%+","7","403.59",
"act","202510","a. 1-8","d. avance 70%+","8","3049.96",
"act","202510","a. 1-8","d. avance 70%+","9","507.66",
"act","202510","a. 1-8","d. avance 70%+","10","450.28",
"act","202510","a. 1-8","d. avance 70%+","11","1648.37",
"act","202510","a. 1-8","d. avance 70%+","12","284.32",
"act","202510","a. 1-8","d. avance 70%+","13","201.37",
"act","202510","a. 1-8","d. avance 70%+","15","1583.47",
"act","202510","a. 1-8","d. avance 70%+","16","99.81",
"act","202510","a. 1-8","d. avance 70%+","20","347.97",
"act","202510","a. 1-8","d. avance 70%+","21","619.9",
"act","202510","a. 1-8","d. avance 70%+","23","965.7",
"act","202510","a. 1-8","d. avance 70%+","24","407.42",
"act","202510","a. 1-8","d. avance 70%+","25","346.35",
"act","202510","a. 1-8","d. avance 70%+","26","487.69",
"act","202510","a. 1-8","d. avance 70%+","27","2667.81",
"act","202510","a. 1-8","d. avance 70%+","28","1918.04",
"act","202510","a. 1-8","d. avance 70%+","29","1609.02",
"act","202510","a. 1-8","d. avance 70%+","30","343.7",
"act","202510","a. 1-8","d. avance 70%+","31","1343.02",
"base","202510","b. 9-15","a. avance <10%","-1","156226.17","47"
"act","202510","b. 9-15","a. avance <10%","1","4024.07",
"act","202510","b. 9-15","a. avance <10%","2","2491.33",
"act","202510","b. 9-15","a. avance <10%","3","9887.54",
"act","202510","b. 9-15","a. avance <10%","6","4808.23",
"act","202510","b. 9-15","a. avance <10%","10","5330.79",
"act","202510","b. 9-15","a. avance <10%","16","8361.73",
"act","202510","b. 9-15","a. avance <10%","17","6169.38",
"act","202510","b. 9-15","a. avance <10%","22","1821.6",
"act","202510","b. 9-15","a. avance <10%","24","3080.53",
"act","202510","b. 9-15","a. avance <10%","31","14001.4",
"base","202510","b. 9-15","b. avance 10-40%","-1","157162.9","80"
"act","202510","b. 9-15","b. avance 10-40%","1","16170.88",
"act","202510","b. 9-15","b. avance 10-40%","2","4890.87",
"act","202510","b. 9-15","b. avance 10-40%","3","5181.17",
"act","202510","b. 9-15","b. avance 10-40%","5","1541.61",
"act","202510","b. 9-15","b. avance 10-40%","6","5451.81",
"act","202510","b. 9-15","b. avance 10-40%","8","1224.9",
"act","202510","b. 9-15","b. avance 10-40%","9","259.99",
"act","202510","b. 9-15","b. avance 10-40%","11","448.04",
"act","202510","b. 9-15","b. avance 10-40%","13","1474.33",
"act","202510","b. 9-15","b. avance 10-40%","14","14913.78",
"act","202510","b. 9-15","b. avance 10-40%","15","5512.84",
"act","202510","b. 9-15","b. avance 10-40%","17","1900.86",
"act","202510","b. 9-15","b. avance 10-40%","19","527.07",
"act","202510","b. 9-15","b. avance 10-40%","20","3160.89",
"act","202510","b. 9-15","b. avance 10-40%","21","1121.13",
"act","202510","b. 9-15","b. avance 10-40%","22","2186.11",
"act","202510","b. 9-15","b. avance 10-40%","23","4122.73",
"act","202510","b. 9-15","b. avance 10-40%","24","806.89",
"act","202510","b. 9-15","b. avance 10-40%","31","458.46",
"base","202510","b. 9-15","c. avance 40-70%","-1","73992.71","73"
"act","202510","b. 9-15","c. avance 40-70%","1","3601.27",
"act","202510","b. 9-15","c. avance 40-70%","2","5056.2",
"act","202510","b. 9-15","c. avance 40-70%","3","3336.72",
"act","202510","b. 9-15","c. avance 40-70%","4","440.72",
"act","202510","b. 9-15","c. avance 40-70%","6","2824.44",
"act","202510","b. 9-15","c. avance 40-70%","8","3830.49",
"act","202510","b. 9-15","c. avance 40-70%","9","4906.15",
"act","202510","b. 9-15","c. avance 40-70%","10","400.79",
"act","202510","b. 9-15","c. avance 40-70%","12","1224.48",
"act","202510","b. 9-15","c. avance 40-70%","13","808.93",
"act","202510","b. 9-15","c. avance 40-70%","14","3248.37",
"act","202510","b. 9-15","c. avance 40-70%","15","1793.66",
"act","202510","b. 9-15","c. avance 40-70%","16","2399.47",
"act","202510","b. 9-15","c. avance 40-70%","17","1413.0",
"act","202510","b. 9-15","c. avance 40-70%","18","4017.7",
"act","202510","b. 9-15","c. avance 40-70%","19","691.58",
"act","202510","b. 9-15","c. avance 40-70%","21","2407.06",
"act","202510","b. 9-15","c. avance 40-70%","22","248.77",
"act","202510","b. 9-15","c. avance 40-70%","23","926.2",
"act","202510","b. 9-15","c. avance 40-70%","25","233.9",
"act","202510","b. 9-15","c. avance 40-70%","28","5712.14",
"act","202510","b. 9-15","c. avance 40-70%","30","2715.25",
"act","202510","b. 9-15","c. avance 40-70%","31","2238.41",
"base","202510","b. 9-15","d. avance 70%+","-1","8117.59","17"
"act","202510","b. 9-15","d. avance 70%+","1","736.68",
"act","202510","b. 9-15","d. avance 70%+","2","148.23",
"act","202510","b. 9-15","d. avance 70%+","3","859.98",
"act","202510","b. 9-15","d. avance 70%+","5","208.88",
"act","202510","b. 9-15","d. avance 70%+","8","1045.49",
"act","202510","b. 9-15","d. avance 70%+","9","524.18",
"act","202510","b. 9-15","d. avance 70%+","11","478.2",
"act","202510","b. 9-15","d. avance 70%+","31","1316.35",
"base","202510","c. 16-30","a. avance <10%","-1","330931.68","90"
"act","202510","c. 16-30","a. avance <10%","1","29591.48",
"act","202510","c. 16-30","a. avance <10%","2","1842.12",
"act","202510","c. 16-30","a. avance <10%","6","3136.91",
"act","202510","c. 16-30","a. avance <10%","8","5300.96",
"act","202510","c. 16-30","a. avance <10%","9","6483.51",
"act","202510","c. 16-30","a. avance <10%","11","8284.11",
"act","202510","c. 16-30","a. avance <10%","19","1084.89",
"act","202510","c. 16-30","a. avance <10%","21","909.79",
"act","202510","c. 16-30","a. avance <10%","22","1958.16",
"act","202510","c. 16-30","a. avance <10%","23","10224.94",
"act","202510","c. 16-30","a. avance <10%","29","1154.2",
"act","202510","c. 16-30","a. avance <10%","31","3079.11",
"base","202510","c. 16-30","b. avance 10-40%","-1","234367.26","108"
"act","202510","c. 16-30","b. avance 10-40%","1","17541.52",
"act","202510","c. 16-30","b. avance 10-40%","2","13804.79",
"act","202510","c. 16-30","b. avance 10-40%","3","3931.57",
"act","202510","c. 16-30","b. avance 10-40%","4","3342.17",
"act","202510","c. 16-30","b. avance 10-40%","5","4906.71",
"act","202510","c. 16-30","b. avance 10-40%","6","341.76",
"act","202510","c. 16-30","b. avance 10-40%","11","592.98",
"act","202510","c. 16-30","b. avance 10-40%","13","1910.67",
"act","202510","c. 16-30","b. avance 10-40%","14","1767.33",
"act","202510","c. 16-30","b. avance 10-40%","15","1058.11",
"act","202510","c. 16-30","b. avance 10-40%","16","2642.85",
"act","202510","c. 16-30","b. avance 10-40%","21","375.29",
"act","202510","c. 16-30","b. avance 10-40%","22","1882.79",
"act","202510","c. 16-30","b. avance 10-40%","24","4569.26",
"act","202510","c. 16-30","b. avance 10-40%","26","3414.08",
"act","202510","c. 16-30","b. avance 10-40%","30","1946.75",
"act","202510","c. 16-30","b. avance 10-40%","31","13051.2",
"base","202510","c. 16-30","c. avance 40-70%","-1","72403.79","77"
"act","202510","c. 16-30","c. avance 40-70%","1","6444.84",
"act","202510","c. 16-30","c. avance 40-70%","2","5571.14",
"act","202510","c. 16-30","c. avance 40-70%","3","401.56",
"act","202510","c. 16-30","c. avance 40-70%","5","366.34",
"act","202510","c. 16-30","c. avance 40-70%","6","417.32",
"act","202510","c. 16-30","c. avance 40-70%","7","1813.36",
"act","202510","c. 16-30","c. avance 40-70%","8","1406.49",
"act","202510","c. 16-30","c. avance 40-70%","9","1940.24",
"act","202510","c. 16-30","c. avance 40-70%","10","1416.66",
"act","202510","c. 16-30","c. avance 40-70%","12","372.67",
"act","202510","c. 16-30","c. avance 40-70%","14","1231.29",
"act","202510","c. 16-30","c. avance 40-70%","15","2699.77",
"act","202510","c. 16-30","c. avance 40-70%","16","1736.77",
"act","202510","c. 16-30","c. avance 40-70%","29","4164.78",
"act","202510","c. 16-30","c. avance 40-70%","30","1885.7",
"act","202510","c. 16-30","c. avance 40-70%","31","927.95",
"base","202510","c. 16-30","d. avance 70%+","-1","15105.28","34"
"act","202510","c. 16-30","d. avance 70%+","1","2958.81",
"act","202510","c. 16-30","d. avance 70%+","2","494.94",
"act","202510","c. 16-30","d. avance 70%+","3","408.14",
"act","202510","c. 16-30","d. avance 70%+","5","572.83",
"act","202510","c. 16-30","d. avance 70%+","8","278.51",
"act","202510","c. 16-30","d. avance 70%+","9","1204.49",
"act","202510","c. 16-30","d. avance 70%+","13","487.85",
"act","202510","c. 16-30","d. avance 70%+","15","300.74",
"act","202510","c. 16-30","d. avance 70%+","16","303.66",
"act","202510","c. 16-30","d. avance 70%+","21","1022.54",
"act","202510","c. 16-30","d. avance 70%+","22","362.45",
"act","202510","c. 16-30","d. avance 70%+","24","710.12",
"act","202510","c. 16-30","d. avance 70%+","27","269.51",
"act","202510","c. 16-30","d. avance 70%+","28","1162.24",
"act","202510","c. 16-30","d. avance 70%+","30","707.03",
"base","202511","a. 1-8","a. avance <10%","-1","711436.47","228"
"act","202511","a. 1-8","a. avance <10%","1","91767.26",
"act","202511","a. 1-8","a. avance <10%","2","16196.22",
"act","202511","a. 1-8","a. avance <10%","3","59267.93",
"act","202511","a. 1-8","a. avance <10%","4","32354.78",
"act","202511","a. 1-8","a. avance <10%","5","40836.07",
"act","202511","a. 1-8","a. avance <10%","6","20845.9",
"act","202511","a. 1-8","a. avance <10%","7","15104.07",
"act","202511","a. 1-8","a. avance <10%","8","15684.32",
"act","202511","a. 1-8","a. avance <10%","10","2890.23",
"act","202511","a. 1-8","a. avance <10%","11","5521.69",
"act","202511","a. 1-8","a. avance <10%","13","23704.18",
"act","202511","a. 1-8","a. avance <10%","14","25886.12",
"act","202511","a. 1-8","a. avance <10%","15","4394.02",
"act","202511","a. 1-8","a. avance <10%","16","17220.86",
"act","202511","a. 1-8","a. avance <10%","17","6621.65",
"act","202511","a. 1-8","a. avance <10%","18","2355.2",
"act","202511","a. 1-8","a. avance <10%","19","5643.3",
"act","202511","a. 1-8","a. avance <10%","20","991.96",
"act","202511","a. 1-8","a. avance <10%","24","1720.09",
"act","202511","a. 1-8","a. avance <10%","26","5765.07",
"act","202511","a. 1-8","a. avance <10%","27","13306.37",
"act","202511","a. 1-8","a. avance <10%","28","36021.63",
"act","202511","a. 1-8","a. avance <10%","29","32228.49",
"act","202511","a. 1-8","a. avance <10%","30","15399.88",
"base","202511","a. 1-8","b. avance 10-40%","-1","1051614.13","495"
"act","202511","a. 1-8","b. avance 10-40%","1","107378.78",
"act","202511","a. 1-8","b. avance 10-40%","2","37453.4",
"act","202511","a. 1-8","b. avance 10-40%","3","107130.94",
"act","202511","a. 1-8","b. avance 10-40%","4","49585.26",
"act","202511","a. 1-8","b. avance 10-40%","5","48507.11",
"act","202511","a. 1-8","b. avance 10-40%","6","26504.85",
"act","202511","a. 1-8","b. avance 10-40%","7","10226.69",
"act","202511","a. 1-8","b. avance 10-40%","8","15460.12",
"act","202511","a. 1-8","b. avance 10-40%","9","2217.74",
"act","202511","a. 1-8","b. avance 10-40%","10","9626.66",
"act","202511","a. 1-8","b. avance 10-40%","11","13099.33",
"act","202511","a. 1-8","b. avance 10-40%","12","15670.59",
"act","202511","a. 1-8","b. avance 10-40%","13","22100.25",
"act","202511","a. 1-8","b. avance 10-40%","14","25843.28",
"act","202511","a. 1-8","b. avance 10-40%","15","10545.7",
"act","202511","a. 1-8","b. avance 10-40%","16","2689.1",
"act","202511","a. 1-8","b. avance 10-40%","17","5919.23",
"act","202511","a. 1-8","b. avance 10-40%","19","17699.83",
"act","202511","a. 1-8","b. avance 10-40%","20","21706.73",
"act","202511","a. 1-8","b. avance 10-40%","21","11206.39",
"act","202511","a. 1-8","b. avance 10-40%","22","13519.91",
"act","202511","a. 1-8","b. avance 10-40%","24","12140.21",
"act","202511","a. 1-8","b. avance 10-40%","25","14389.88",
"act","202511","a. 1-8","b. avance 10-40%","26","9632.62",
"act","202511","a. 1-8","b. avance 10-40%","27","6557.98",
"act","202511","a. 1-8","b. avance 10-40%","28","36842.6",
"act","202511","a. 1-8","b. avance 10-40%","29","52469.08",
"act","202511","a. 1-8","b. avance 10-40%","30","35928.4",
"base","202511","a. 1-8","c. avance 40-70%","-1","368794.53","400"
"act","202511","a. 1-8","c. avance 40-70%","1","44674.34",
"act","202511","a. 1-8","c. avance 40-70%","2","21401.63",
"act","202511","a. 1-8","c. avance 40-70%","3","31147.93",
"act","202511","a. 1-8","c. avance 40-70%","4","9341.58",
"act","202511","a. 1-8","c. avance 40-70%","5","14480.97",
"act","202511","a. 1-8","c. avance 40-70%","6","26983.24",
"act","202511","a. 1-8","c. avance 40-70%","7","9868.66",
"act","202511","a. 1-8","c. avance 40-70%","8","2509.89",
"act","202511","a. 1-8","c. avance 40-70%","9","4174.59",
"act","202511","a. 1-8","c. avance 40-70%","10","9638.22",
"act","202511","a. 1-8","c. avance 40-70%","11","3277.4",
"act","202511","a. 1-8","c. avance 40-70%","12","3445.97",
"act","202511","a. 1-8","c. avance 40-70%","13","1946.58",
"act","202511","a. 1-8","c. avance 40-70%","14","497.64",
"act","202511","a. 1-8","c. avance 40-70%","15","2440.81",
"act","202511","a. 1-8","c. avance 40-70%","16","924.97",
"act","202511","a. 1-8","c. avance 40-70%","17","2184.12",
"act","202511","a. 1-8","c. avance 40-70%","18","3851.38",
"act","202511","a. 1-8","c. avance 40-70%","19","6586.03",
"act","202511","a. 1-8","c. avance 40-70%","20","2905.77",
"act","202511","a. 1-8","c. avance 40-70%","21","2679.87",
"act","202511","a. 1-8","c. avance 40-70%","23","82.49",
"act","202511","a. 1-8","c. avance 40-70%","24","2798.99",
"act","202511","a. 1-8","c. avance 40-70%","25","7510.52",
"act","202511","a. 1-8","c. avance 40-70%","26","2129.36",
"act","202511","a. 1-8","c. avance 40-70%","27","5132.6",
"act","202511","a. 1-8","c. avance 40-70%","28","12757.71",
"act","202511","a. 1-8","c. avance 40-70%","29","19730.06",
"act","202511","a. 1-8","c. avance 40-70%","30","12284.25",
"base","202511","a. 1-8","d. avance 70%+","-1","66883.89","145"
"act","202511","a. 1-8","d. avance 70%+","1","8396.99",
"act","202511","a. 1-8","d. avance 70%+","2","3329.69",
"act","202511","a. 1-8","d. avance 70%+","3","6527.66",
"act","202511","a. 1-8","d. avance 70%+","4","5243.57",
"act","202511","a. 1-8","d. avance 70%+","5","2174.56",
"act","202511","a. 1-8","d. avance 70%+","6","1890.35",
"act","202511","a. 1-8","d. avance 70%+","7","217.01",
"act","202511","a. 1-8","d. avance 70%+","9","362.88",
"act","202511","a. 1-8","d. avance 70%+","10","1576.99",
"act","202511","a. 1-8","d. avance 70%+","11","2054.67",
"act","202511","a. 1-8","d. avance 70%+","12","1675.64",
"act","202511","a. 1-8","d. avance 70%+","13","1714.46",
"act","202511","a. 1-8","d. avance 70%+","14","148.27",
"act","202511","a. 1-8","d. avance 70%+","15","1862.76",
"act","202511","a. 1-8","d. avance 70%+","16","352.0",
"act","202511","a. 1-8","d. avance 70%+","17","2196.95",
"act","202511","a. 1-8","d. avance 70%+","19","3484.0",
"act","202511","a. 1-8","d. avance 70%+","20","434.03",
"act","202511","a. 1-8","d. avance 70%+","22","404.34",
"act","202511","a. 1-8","d. avance 70%+","24","893.54",
"act","202511","a. 1-8","d. avance 70%+","26","2905.53",
"act","202511","a. 1-8","d. avance 70%+","27","520.24",
"act","202511","a. 1-8","d. avance 70%+","28","280.48",
"act","202511","a. 1-8","d. avance 70%+","29","3938.72",
"act","202511","a. 1-8","d. avance 70%+","30","2647.82",
"base","202511","b. 9-15","a. avance <10%","-1","139966.5","51"
"act","202511","b. 9-15","a. avance <10%","1","5539.35",
"act","202511","b. 9-15","a. avance <10%","2","2591.65",
"act","202511","b. 9-15","a. avance <10%","3","1390.62",
"act","202511","b. 9-15","a. avance <10%","4","2233.41",
"act","202511","b. 9-15","a. avance <10%","5","218.87",
"act","202511","b. 9-15","a. avance <10%","6","370.21",
"act","202511","b. 9-15","a. avance <10%","7","4883.96",
"act","202511","b. 9-15","a. avance <10%","8","5117.43",
"act","202511","b. 9-15","a. avance <10%","11","2022.63",
"act","202511","b. 9-15","a. avance <10%","12","1107.72",
"act","202511","b. 9-15","a. avance <10%","14","4953.01",
"act","202511","b. 9-15","a. avance <10%","17","1518.0",
"act","202511","b. 9-15","a. avance <10%","18","1945.6",
"act","202511","b. 9-15","a. avance <10%","19","3003.18",
"act","202511","b. 9-15","a. avance <10%","20","3481.29",
"act","202511","b. 9-15","a. avance <10%","21","2786.45",
"act","202511","b. 9-15","a. avance <10%","22","1607.87",
"act","202511","b. 9-15","a. avance <10%","24","3508.92",
"act","202511","b. 9-15","a. avance <10%","25","1634.04",
"act","202511","b. 9-15","a. avance <10%","28","2363.83",
"base","202511","b. 9-15","b. avance 10-40%","-1","141194.42","67"
"act","202511","b. 9-15","b. avance 10-40%","1","8297.38",
"act","202511","b. 9-15","b. avance 10-40%","2","990.85",
"act","202511","b. 9-15","b. avance 10-40%","3","7272.79",
"act","202511","b. 9-15","b. avance 10-40%","4","4870.37",
"act","202511","b. 9-15","b. avance 10-40%","5","6440.61",
"act","202511","b. 9-15","b. avance 10-40%","6","2442.08",
"act","202511","b. 9-15","b. avance 10-40%","10","802.43",
"act","202511","b. 9-15","b. avance 10-40%","11","1349.33",
"act","202511","b. 9-15","b. avance 10-40%","12","2978.56",
"act","202511","b. 9-15","b. avance 10-40%","13","4573.49",
"act","202511","b. 9-15","b. avance 10-40%","14","219.4",
"act","202511","b. 9-15","b. avance 10-40%","15","1928.1",
"act","202511","b. 9-15","b. avance 10-40%","17","7686.05",
"act","202511","b. 9-15","b. avance 10-40%","19","4461.31",
"act","202511","b. 9-15","b. avance 10-40%","20","3338.29",
"act","202511","b. 9-15","b. avance 10-40%","21","23130.25",
"act","202511","b. 9-15","b. avance 10-40%","22","6374.44",
"act","202511","b. 9-15","b. avance 10-40%","23","1174.55",
"act","202511","b. 9-15","b. avance 10-40%","25","2851.04",
"act","202511","b. 9-15","b. avance 10-40%","26","3005.54",
"act","202511","b. 9-15","b. avance 10-40%","27","260.58",
"act","202511","b. 9-15","b. avance 10-40%","28","2821.74",
"act","202511","b. 9-15","b. avance 10-40%","29","3645.16",
"base","202511","b. 9-15","c. avance 40-70%","-1","47562.54","68"
"act","202511","b. 9-15","c. avance 40-70%","1","1789.73",
"act","202511","b. 9-15","c. avance 40-70%","2","2763.49",
"act","202511","b. 9-15","c. avance 40-70%","3","7239.05",
"act","202511","b. 9-15","c. avance 40-70%","4","591.03",
"act","202511","b. 9-15","c. avance 40-70%","6","4188.46",
"act","202511","b. 9-15","c. avance 40-70%","7","618.5",
"act","202511","b. 9-15","c. avance 40-70%","8","553.2",
"act","202511","b. 9-15","c. avance 40-70%","9","170.31",
"act","202511","b. 9-15","c. avance 40-70%","11","603.37",
"act","202511","b. 9-15","c. avance 40-70%","12","1824.05",
"act","202511","b. 9-15","c. avance 40-70%","14","1191.07",
"act","202511","b. 9-15","c. avance 40-70%","15","969.86",
"act","202511","b. 9-15","c. avance 40-70%","18","1677.34",
"act","202511","b. 9-15","c. avance 40-70%","19","958.94",
"act","202511","b. 9-15","c. avance 40-70%","22","484.37",
"act","202511","b. 9-15","c. avance 40-70%","23","687.19",
"act","202511","b. 9-15","c. avance 40-70%","24","1943.85",
"act","202511","b. 9-15","c. avance 40-70%","26","3038.42",
"act","202511","b. 9-15","c. avance 40-70%","27","501.38",
"act","202511","b. 9-15","c. avance 40-70%","28","402.31",
"base","202511","b. 9-15","d. avance 70%+","-1","13118.2","29"
"act","202511","b. 9-15","d. avance 70%+","1","154.47",
"act","202511","b. 9-15","d. avance 70%+","3","367.08",
"act","202511","b. 9-15","d. avance 70%+","4","828.29",
"act","202511","b. 9-15","d. avance 70%+","5","1782.59",
"act","202511","b. 9-15","d. avance 70%+","7","421.44",
"act","202511","b. 9-15","d. avance 70%+","8","606.25",
"act","202511","b. 9-15","d. avance 70%+","9","465.08",
"act","202511","b. 9-15","d. avance 70%+","13","183.41",
"act","202511","b. 9-15","d. avance 70%+","14","2487.89",
"act","202511","b. 9-15","d. avance 70%+","18","392.7",
"act","202511","b. 9-15","d. avance 70%+","19","529.47",
"act","202511","b. 9-15","d. avance 70%+","21","697.81",
"act","202511","b. 9-15","d. avance 70%+","22","1103.81",
"act","202511","b. 9-15","d. avance 70%+","28","455.16",
"act","202511","b. 9-15","d. avance 70%+","29","553.32",
"base","202511","c. 16-30","a. avance <10%","-1","344067.56","106"
"act","202511","c. 16-30","a. avance <10%","1","2244.0",
"act","202511","c. 16-30","a. avance <10%","2","7785.44",
"act","202511","c. 16-30","a. avance <10%","3","5138.27",
"act","202511","c. 16-30","a. avance <10%","4","4911.08",
"act","202511","c. 16-30","a. avance <10%","5","6404.29",
"act","202511","c. 16-30","a. avance <10%","8","1968.4",
"act","202511","c. 16-30","a. avance <10%","10","16144.5",
"act","202511","c. 16-30","a. avance <10%","11","977.51",
"act","202511","c. 16-30","a. avance <10%","13","2608.17",
"act","202511","c. 16-30","a. avance <10%","14","2236.03",
"act","202511","c. 16-30","a. avance <10%","15","11242.97",
"act","202511","c. 16-30","a. avance <10%","17","9361.23",
"act","202511","c. 16-30","a. avance <10%","18","1960.94",
"act","202511","c. 16-30","a. avance <10%","19","1111.71",
"act","202511","c. 16-30","a. avance <10%","21","6129.04",
"act","202511","c. 16-30","a. avance <10%","22","1132.07",
"act","202511","c. 16-30","a. avance <10%","24","6929.73",
"act","202511","c. 16-30","a. avance <10%","27","2867.2",
"act","202511","c. 16-30","a. avance <10%","28","9993.39",
"base","202511","c. 16-30","b. avance 10-40%","-1","228526.66","114"
"act","202511","c. 16-30","b. avance 10-40%","1","2847.96",
"act","202511","c. 16-30","b. avance 10-40%","2","1565.65",
"act","202511","c. 16-30","b. avance 10-40%","3","3754.42",
"act","202511","c. 16-30","b. avance 10-40%","4","5120.37",
"act","202511","c. 16-30","b. avance 10-40%","5","2934.66",
"act","202511","c. 16-30","b. avance 10-40%","6","4414.99",
"act","202511","c. 16-30","b. avance 10-40%","7","7998.46",
"act","202511","c. 16-30","b. avance 10-40%","9","1494.85",
"act","202511","c. 16-30","b. avance 10-40%","10","11672.86",
"act","202511","c. 16-30","b. avance 10-40%","11","12913.7",
"act","202511","c. 16-30","b. avance 10-40%","12","1652.36",
"act","202511","c. 16-30","b. avance 10-40%","13","3819.61",
"act","202511","c. 16-30","b. avance 10-40%","17","1294.78",
"act","202511","c. 16-30","b. avance 10-40%","19","10665.95",
"act","202511","c. 16-30","b. avance 10-40%","21","3481.92",
"act","202511","c. 16-30","b. avance 10-40%","22","5177.74",
"act","202511","c. 16-30","b. avance 10-40%","24","1207.38",
"act","202511","c. 16-30","b. avance 10-40%","25","6160.66",
"act","202511","c. 16-30","b. avance 10-40%","26","2091.38",
"act","202511","c. 16-30","b. avance 10-40%","27","3737.11",
"act","202511","c. 16-30","b. avance 10-40%","29","1930.87",
"base","202511","c. 16-30","c. avance 40-70%","-1","95216.92","93"
"act","202511","c. 16-30","c. avance 40-70%","1","3691.78",
"act","202511","c. 16-30","c. avance 40-70%","2","1859.09",
"act","202511","c. 16-30","c. avance 40-70%","3","2370.55",
"act","202511","c. 16-30","c. avance 40-70%","4","2900.05",
"act","202511","c. 16-30","c. avance 40-70%","5","6461.28",
"act","202511","c. 16-30","c. avance 40-70%","6","3129.34",
"act","202511","c. 16-30","c. avance 40-70%","7","1439.21",
"act","202511","c. 16-30","c. avance 40-70%","8","2443.62",
"act","202511","c. 16-30","c. avance 40-70%","9","521.7",
"act","202511","c. 16-30","c. avance 40-70%","11","1234.03",
"act","202511","c. 16-30","c. avance 40-70%","13","2673.91",
"act","202511","c. 16-30","c. avance 40-70%","14","758.53",
"act","202511","c. 16-30","c. avance 40-70%","15","6875.65",
"act","202511","c. 16-30","c. avance 40-70%","17","1749.38",
"act","202511","c. 16-30","c. avance 40-70%","18","766.72",
"act","202511","c. 16-30","c. avance 40-70%","19","6709.16",
"act","202511","c. 16-30","c. avance 40-70%","20","1600.92",
"act","202511","c. 16-30","c. avance 40-70%","21","749.04",
"act","202511","c. 16-30","c. avance 40-70%","24","1788.84",
"act","202511","c. 16-30","c. avance 40-70%","26","286.54",
"act","202511","c. 16-30","c. avance 40-70%","28","1451.62",
"act","202511","c. 16-30","c. avance 40-70%","29","1947.99",
"act","202511","c. 16-30","c. avance 40-70%","30","2746.48",
"base","202511","c. 16-30","d. avance 70%+","-1","17186.56","34"
"act","202511","c. 16-30","d. avance 70%+","2","656.45",
"act","202511","c. 16-30","d. avance 70%+","4","276.74",
"act","202511","c. 16-30","d. avance 70%+","5","1127.86",
"act","202511","c. 16-30","d. avance 70%+","6","385.54",
"act","202511","c. 16-30","d. avance 70%+","7","2043.14",
"act","202511","c. 16-30","d. avance 70%+","8","210.12",
"act","202511","c. 16-30","d. avance 70%+","9","66.2",
"act","202511","c. 16-30","d. avance 70%+","11","281.07",
"act","202511","c. 16-30","d. avance 70%+","14","414.46",
"act","202511","c. 16-30","d. avance 70%+","15","1413.52",
"act","202511","c. 16-30","d. avance 70%+","20","1789.06",
"act","202511","c. 16-30","d. avance 70%+","21","256.25",
"act","202511","c. 16-30","d. avance 70%+","23","754.59",
"act","202511","c. 16-30","d. avance 70%+","27","742.43",
"act","202511","c. 16-30","d. avance 70%+","28","873.08",
"base","202512","a. 1-8","a. avance <10%","-1","370525.47","125"
"act","202512","a. 1-8","a. avance <10%","1","96654.5",
"act","202512","a. 1-8","a. avance <10%","2","23885.59",
"act","202512","a. 1-8","a. avance <10%","3","20123.14",
"act","202512","a. 1-8","a. avance <10%","4","13739.29",
"act","202512","a. 1-8","a. avance <10%","5","26479.55",
"act","202512","a. 1-8","a. avance <10%","7","200.8",
"act","202512","a. 1-8","a. avance <10%","9","9820.34",
"act","202512","a. 1-8","a. avance <10%","11","16308.52",
"act","202512","a. 1-8","a. avance <10%","13","2835.94",
"act","202512","a. 1-8","a. avance <10%","14","1509.0",
"act","202512","a. 1-8","a. avance <10%","15","19032.4",
"act","202512","a. 1-8","a. avance <10%","16","1907.7",
"act","202512","a. 1-8","a. avance <10%","17","1467.5",
"act","202512","a. 1-8","a. avance <10%","18","1502.02",
"act","202512","a. 1-8","a. avance <10%","21","2048.0",
"act","202512","a. 1-8","a. avance <10%","22","2488.76",
"act","202512","a. 1-8","a. avance <10%","23","3197.76",
"act","202512","a. 1-8","a. avance <10%","25","1530.32",
"act","202512","a. 1-8","a. avance <10%","27","3844.8",
"act","202512","a. 1-8","a. avance <10%","28","804.0",
"act","202512","a. 1-8","a. avance <10%","29","604.3",
"act","202512","a. 1-8","a. avance <10%","30","1122.24",
"base","202512","a. 1-8","b. avance 10-40%","-1","495511.42","250"
"act","202512","a. 1-8","b. avance 10-40%","1","105017.14",
"act","202512","a. 1-8","b. avance 10-40%","2","67849.23",
"act","202512","a. 1-8","b. avance 10-40%","3","32767.54",
"act","202512","a. 1-8","b. avance 10-40%","4","5978.43",
"act","202512","a. 1-8","b. avance 10-40%","5","34670.41",
"act","202512","a. 1-8","b. avance 10-40%","6","6761.98",
"act","202512","a. 1-8","b. avance 10-40%","7","5841.73",
"act","202512","a. 1-8","b. avance 10-40%","8","5895.16",
"act","202512","a. 1-8","b. avance 10-40%","9","5982.29",
"act","202512","a. 1-8","b. avance 10-40%","10","4045.1",
"act","202512","a. 1-8","b. avance 10-40%","11","14843.54",
"act","202512","a. 1-8","b. avance 10-40%","12","11152.01",
"act","202512","a. 1-8","b. avance 10-40%","13","1368.47",
"act","202512","a. 1-8","b. avance 10-40%","15","5131.73",
"act","202512","a. 1-8","b. avance 10-40%","16","5548.36",
"act","202512","a. 1-8","b. avance 10-40%","17","1153.16",
"act","202512","a. 1-8","b. avance 10-40%","18","14303.38",
"act","202512","a. 1-8","b. avance 10-40%","19","5908.53",
"act","202512","a. 1-8","b. avance 10-40%","20","6050.92",
"act","202512","a. 1-8","b. avance 10-40%","21","11182.37",
"act","202512","a. 1-8","b. avance 10-40%","22","6186.21",
"act","202512","a. 1-8","b. avance 10-40%","23","2845.98",
"act","202512","a. 1-8","b. avance 10-40%","24","11836.05",
"act","202512","a. 1-8","b. avance 10-40%","25","14166.8",
"act","202512","a. 1-8","b. avance 10-40%","26","2977.92",
"act","202512","a. 1-8","b. avance 10-40%","27","1416.79",
"act","202512","a. 1-8","b. avance 10-40%","29","11639.09",
"act","202512","a. 1-8","b. avance 10-40%","30","17853.84",
"act","202512","a. 1-8","b. avance 10-40%","31","11770.3",
"base","202512","a. 1-8","c. avance 40-70%","-1","204824.3","210"
"act","202512","a. 1-8","c. avance 40-70%","1","44132.01",
"act","202512","a. 1-8","c. avance 40-70%","2","30951.38",
"act","202512","a. 1-8","c. avance 40-70%","3","19180.91",
"act","202512","a. 1-8","c. avance 40-70%","4","5635.05",
"act","202512","a. 1-8","c. avance 40-70%","5","10922.83",
"act","202512","a. 1-8","c. avance 40-70%","6","3034.53",
"act","202512","a. 1-8","c. avance 40-70%","7","3001.99",
"act","202512","a. 1-8","c. avance 40-70%","8","2055.72",
"act","202512","a. 1-8","c. avance 40-70%","9","330.96",
"act","202512","a. 1-8","c. avance 40-70%","10","771.96",
"act","202512","a. 1-8","c. avance 40-70%","11","4468.11",
"act","202512","a. 1-8","c. avance 40-70%","12","10019.04",
"act","202512","a. 1-8","c. avance 40-70%","14","886.43",
"act","202512","a. 1-8","c. avance 40-70%","15","1337.03",
"act","202512","a. 1-8","c. avance 40-70%","16","3033.93",
"act","202512","a. 1-8","c. avance 40-70%","17","2545.76",
"act","202512","a. 1-8","c. avance 40-70%","18","5605.21",
"act","202512","a. 1-8","c. avance 40-70%","19","1788.57",
"act","202512","a. 1-8","c. avance 40-70%","20","4053.99",
"act","202512","a. 1-8","c. avance 40-70%","21","1316.54",
"act","202512","a. 1-8","c. avance 40-70%","22","1342.38",
"act","202512","a. 1-8","c. avance 40-70%","23","1186.37",
"act","202512","a. 1-8","c. avance 40-70%","24","4873.84",
"act","202512","a. 1-8","c. avance 40-70%","25","1054.41",
"act","202512","a. 1-8","c. avance 40-70%","26","2812.69",
"act","202512","a. 1-8","c. avance 40-70%","27","4436.14",
"act","202512","a. 1-8","c. avance 40-70%","28","1162.27",
"act","202512","a. 1-8","c. avance 40-70%","29","4788.83",
"act","202512","a. 1-8","c. avance 40-70%","30","1859.69",
"act","202512","a. 1-8","c. avance 40-70%","31","4852.59",
"base","202512","a. 1-8","d. avance 70%+","-1","38147.69","87"
"act","202512","a. 1-8","d. avance 70%+","1","6079.22",
"act","202512","a. 1-8","d. avance 70%+","2","4351.14",
"act","202512","a. 1-8","d. avance 70%+","3","454.86",
"act","202512","a. 1-8","d. avance 70%+","4","1600.06",
"act","202512","a. 1-8","d. avance 70%+","5","1340.93",
"act","202512","a. 1-8","d. avance 70%+","6","1504.42",
"act","202512","a. 1-8","d. avance 70%+","7","319.03",
"act","202512","a. 1-8","d. avance 70%+","9","1132.3",
"act","202512","a. 1-8","d. avance 70%+","10","170.94",
"act","202512","a. 1-8","d. avance 70%+","11","2718.6",
"act","202512","a. 1-8","d. avance 70%+","12","2848.72",
"act","202512","a. 1-8","d. avance 70%+","13","244.43",
"act","202512","a. 1-8","d. avance 70%+","17","688.54",
"act","202512","a. 1-8","d. avance 70%+","18","2196.83",
"act","202512","a. 1-8","d. avance 70%+","19","239.87",
"act","202512","a. 1-8","d. avance 70%+","20","354.51",
"act","202512","a. 1-8","d. avance 70%+","21","355.21",
"act","202512","a. 1-8","d. avance 70%+","24","613.0",
"act","202512","a. 1-8","d. avance 70%+","27","2332.04",
"act","202512","a. 1-8","d. avance 70%+","28","227.14",
"act","202512","a. 1-8","d. avance 70%+","29","3376.61",
"act","202512","a. 1-8","d. avance 70%+","30","2081.69",
"act","202512","a. 1-8","d. avance 70%+","31","1784.94",
"base","202512","b. 9-15","a. avance <10%","-1","141225.35","41"
"act","202512","b. 9-15","a. avance <10%","1","9395.24",
"act","202512","b. 9-15","a. avance <10%","3","19827.96",
"act","202512","b. 9-15","a. avance <10%","5","2527.03",
"act","202512","b. 9-15","a. avance <10%","6","2072.97",
"act","202512","b. 9-15","a. avance <10%","10","10255.17",
"act","202512","b. 9-15","a. avance <10%","11","1390.08",
"act","202512","b. 9-15","a. avance <10%","15","1869.43",
"act","202512","b. 9-15","a. avance <10%","18","1314.59",
"act","202512","b. 9-15","a. avance <10%","20","13617.27",
"act","202512","b. 9-15","a. avance <10%","27","2535.3",
"base","202512","b. 9-15","b. avance 10-40%","-1","160158.32","80"
"act","202512","b. 9-15","b. avance 10-40%","1","9988.52",
"act","202512","b. 9-15","b. avance 10-40%","2","16730.95",
"act","202512","b. 9-15","b. avance 10-40%","3","4387.02",
"act","202512","b. 9-15","b. avance 10-40%","4","8928.25",
"act","202512","b. 9-15","b. avance 10-40%","5","8042.3",
"act","202512","b. 9-15","b. avance 10-40%","6","2993.11",
"act","202512","b. 9-15","b. avance 10-40%","10","2048.06",
"act","202512","b. 9-15","b. avance 10-40%","11","9067.66",
"act","202512","b. 9-15","b. avance 10-40%","12","1579.94",
"act","202512","b. 9-15","b. avance 10-40%","13","3567.35",
"act","202512","b. 9-15","b. avance 10-40%","14","1002.38",
"act","202512","b. 9-15","b. avance 10-40%","15","15358.74",
"act","202512","b. 9-15","b. avance 10-40%","16","5282.43",
"act","202512","b. 9-15","b. avance 10-40%","17","5183.18",
"act","202512","b. 9-15","b. avance 10-40%","18","1498.57",
"act","202512","b. 9-15","b. avance 10-40%","19","3325.48",
"act","202512","b. 9-15","b. avance 10-40%","20","998.66",
"act","202512","b. 9-15","b. avance 10-40%","22","1654.1",
"act","202512","b. 9-15","b. avance 10-40%","24","197.48",
"act","202512","b. 9-15","b. avance 10-40%","29","2688.26",
"act","202512","b. 9-15","b. avance 10-40%","31","2156.03",
"base","202512","b. 9-15","c. avance 40-70%","-1","49570.23","48"
"act","202512","b. 9-15","c. avance 40-70%","1","4650.81",
"act","202512","b. 9-15","c. avance 40-70%","2","1768.41",
"act","202512","b. 9-15","c. avance 40-70%","3","1175.83",
"act","202512","b. 9-15","c. avance 40-70%","5","1261.12",
"act","202512","b. 9-15","c. avance 40-70%","6","5785.93",
"act","202512","b. 9-15","c. avance 40-70%","8","6713.99",
"act","202512","b. 9-15","c. avance 40-70%","9","1080.77",
"act","202512","b. 9-15","c. avance 40-70%","10","83.65",
"act","202512","b. 9-15","c. avance 40-70%","11","1711.36",
"act","202512","b. 9-15","c. avance 40-70%","18","1001.06",
"act","202512","b. 9-15","c. avance 40-70%","20","1039.25",
"act","202512","b. 9-15","c. avance 40-70%","21","899.68",
"act","202512","b. 9-15","c. avance 40-70%","22","737.81",
"act","202512","b. 9-15","c. avance 40-70%","24","481.96",
"act","202512","b. 9-15","c. avance 40-70%","25","525.19",
"base","202512","b. 9-15","d. avance 70%+","-1","9530.54","27"
"act","202512","b. 9-15","d. avance 70%+","1","1672.58",
"act","202512","b. 9-15","d. avance 70%+","2","1650.84",
"act","202512","b. 9-15","d. avance 70%+","3","608.39",
"act","202512","b. 9-15","d. avance 70%+","5","1042.56",
"act","202512","b. 9-15","d. avance 70%+","6","787.08",
"act","202512","b. 9-15","d. avance 70%+","15","279.4",
"act","202512","b. 9-15","d. avance 70%+","16","241.96",
"act","202512","b. 9-15","d. avance 70%+","27","568.41",
"act","202512","b. 9-15","d. avance 70%+","31","392.76",
"base","202512","c. 16-30","a. avance <10%","-1","198691.77","66"
"act","202512","c. 16-30","a. avance <10%","1","1364.18",
"act","202512","c. 16-30","a. avance <10%","2","5543.33",
"act","202512","c. 16-30","a. avance <10%","3","2184.03",
"act","202512","c. 16-30","a. avance <10%","4","9723.06",
"act","202512","c. 16-30","a. avance <10%","5","5421.93",
"act","202512","c. 16-30","a. avance <10%","10","1196.78",
"act","202512","c. 16-30","a. avance <10%","11","1614.93",
"act","202512","c. 16-30","a. avance <10%","12","7761.45",
"act","202512","c. 16-30","a. avance <10%","13","1853.0",
"act","202512","c. 16-30","a. avance <10%","17","2242.98",
"act","202512","c. 16-30","a. avance <10%","18","2056.34",
"act","202512","c. 16-30","a. avance <10%","22","1666.3",
"act","202512","c. 16-30","a. avance <10%","24","1511.06",
"act","202512","c. 16-30","a. avance <10%","26","1402.03",
"base","202512","c. 16-30","b. avance 10-40%","-1","203679.75","78"
"act","202512","c. 16-30","b. avance 10-40%","1","13385.17",
"act","202512","c. 16-30","b. avance 10-40%","2","515.28",
"act","202512","c. 16-30","b. avance 10-40%","3","5128.84",
"act","202512","c. 16-30","b. avance 10-40%","4","1562.55",
"act","202512","c. 16-30","b. avance 10-40%","5","7751.75",
"act","202512","c. 16-30","b. avance 10-40%","6","22263.18",
"act","202512","c. 16-30","b. avance 10-40%","7","1131.71",
"act","202512","c. 16-30","b. avance 10-40%","9","1080.06",
"act","202512","c. 16-30","b. avance 10-40%","10","5995.13",
"act","202512","c. 16-30","b. avance 10-40%","11","877.3",
"act","202512","c. 16-30","b. avance 10-40%","12","11716.46",
"act","202512","c. 16-30","b. avance 10-40%","13","789.08",
"act","202512","c. 16-30","b. avance 10-40%","14","748.78",
"act","202512","c. 16-30","b. avance 10-40%","15","9715.44",
"act","202512","c. 16-30","b. avance 10-40%","17","20568.06",
"act","202512","c. 16-30","b. avance 10-40%","18","1906.84",
"act","202512","c. 16-30","b. avance 10-40%","22","1647.98",
"act","202512","c. 16-30","b. avance 10-40%","24","6003.38",
"act","202512","c. 16-30","b. avance 10-40%","26","2764.57",
"base","202512","c. 16-30","c. avance 40-70%","-1","54222.37","54"
"act","202512","c. 16-30","c. avance 40-70%","1","3759.17",
"act","202512","c. 16-30","c. avance 40-70%","2","3040.58",
"act","202512","c. 16-30","c. avance 40-70%","3","1082.81",
"act","202512","c. 16-30","c. avance 40-70%","4","5996.02",
"act","202512","c. 16-30","c. avance 40-70%","5","667.45",
"act","202512","c. 16-30","c. avance 40-70%","6","9587.16",
"act","202512","c. 16-30","c. avance 40-70%","7","2466.03",
"act","202512","c. 16-30","c. avance 40-70%","8","1280.32",
"act","202512","c. 16-30","c. avance 40-70%","9","554.86",
"act","202512","c. 16-30","c. avance 40-70%","11","4146.94",
"act","202512","c. 16-30","c. avance 40-70%","12","734.61",
"act","202512","c. 16-30","c. avance 40-70%","15","985.43",
"act","202512","c. 16-30","c. avance 40-70%","17","634.3",
"act","202512","c. 16-30","c. avance 40-70%","18","458.68",
"act","202512","c. 16-30","c. avance 40-70%","19","579.98",
"act","202512","c. 16-30","c. avance 40-70%","21","229.97",
"act","202512","c. 16-30","c. avance 40-70%","24","3853.49",
"act","202512","c. 16-30","c. avance 40-70%","31","887.76",
"base","202512","c. 16-30","d. avance 70%+","-1","12794.25","27"
"act","202512","c. 16-30","d. avance 70%+","1","210.98",
"act","202512","c. 16-30","d. avance 70%+","2","488.39",
"act","202512","c. 16-30","d. avance 70%+","3","798.12",
"act","202512","c. 16-30","d. avance 70%+","5","1720.98",
"act","202512","c. 16-30","d. avance 70%+","8","228.18",
"act","202512","c. 16-30","d. avance 70%+","9","154.52",
"act","202512","c. 16-30","d. avance 70%+","11","353.78",
"act","202512","c. 16-30","d. avance 70%+","16","1682.07",
"act","202512","c. 16-30","d. avance 70%+","20","512.57",
"act","202512","c. 16-30","d. avance 70%+","23","290.06",
"act","202512","c. 16-30","d. avance 70%+","24","292.23",
"act","202512","c. 16-30","d. avance 70%+","26","286.29",
"base","202601","a. 1-8","a. avance <10%","-1","708942.21","236"
"act","202601","a. 1-8","a. avance <10%","1","52387.82",
"act","202601","a. 1-8","a. avance <10%","2","111204.37",
"act","202601","a. 1-8","a. avance <10%","3","47992.9",
"act","202601","a. 1-8","a. avance <10%","4","20017.43",
"act","202601","a. 1-8","a. avance <10%","5","28629.6",
"act","202601","a. 1-8","a. avance <10%","6","8211.94",
"act","202601","a. 1-8","a. avance <10%","7","31994.46",
"act","202601","a. 1-8","a. avance <10%","8","15039.84",
"act","202601","a. 1-8","a. avance <10%","10","3350.15",
"act","202601","a. 1-8","a. avance <10%","12","3567.96",
"act","202601","a. 1-8","a. avance <10%","15","17758.07",
"act","202601","a. 1-8","a. avance <10%","17","7880.7",
"act","202601","a. 1-8","a. avance <10%","18","1921.78",
"act","202601","a. 1-8","a. avance <10%","21","1763.86",
"act","202601","a. 1-8","a. avance <10%","23","5836.58",
"act","202601","a. 1-8","a. avance <10%","24","1484.31",
"act","202601","a. 1-8","a. avance <10%","27","6481.97",
"act","202601","a. 1-8","a. avance <10%","28","19627.92",
"act","202601","a. 1-8","a. avance <10%","29","16674.78",
"act","202601","a. 1-8","a. avance <10%","30","82065.69",
"act","202601","a. 1-8","a. avance <10%","31","27480.48",
"base","202601","a. 1-8","b. avance 10-40%","-1","1057719.92","490"
"act","202601","a. 1-8","b. avance 10-40%","1","73027.99",
"act","202601","a. 1-8","b. avance 10-40%","2","171287.27",
"act","202601","a. 1-8","b. avance 10-40%","3","29807.88",
"act","202601","a. 1-8","b. avance 10-40%","4","16918.92",
"act","202601","a. 1-8","b. avance 10-40%","5","65616.39",
"act","202601","a. 1-8","b. avance 10-40%","6","28399.56",
"act","202601","a. 1-8","b. avance 10-40%","7","23331.02",
"act","202601","a. 1-8","b. avance 10-40%","8","27825.97",
"act","202601","a. 1-8","b. avance 10-40%","9","11794.47",
"act","202601","a. 1-8","b. avance 10-40%","10","5820.8",
"act","202601","a. 1-8","b. avance 10-40%","11","11214.22",
"act","202601","a. 1-8","b. avance 10-40%","12","9242.17",
"act","202601","a. 1-8","b. avance 10-40%","13","14972.68",
"act","202601","a. 1-8","b. avance 10-40%","14","9285.25",
"act","202601","a. 1-8","b. avance 10-40%","15","13450.61",
"act","202601","a. 1-8","b. avance 10-40%","16","9796.06",
"act","202601","a. 1-8","b. avance 10-40%","17","2774.25",
"act","202601","a. 1-8","b. avance 10-40%","19","22007.49",
"act","202601","a. 1-8","b. avance 10-40%","20","7750.95",
"act","202601","a. 1-8","b. avance 10-40%","21","20142.56",
"act","202601","a. 1-8","b. avance 10-40%","22","13988.53",
"act","202601","a. 1-8","b. avance 10-40%","23","5865.76",
"act","202601","a. 1-8","b. avance 10-40%","24","462.1",
"act","202601","a. 1-8","b. avance 10-40%","25","2023.68",
"act","202601","a. 1-8","b. avance 10-40%","26","3825.16",
"act","202601","a. 1-8","b. avance 10-40%","27","5606.64",
"act","202601","a. 1-8","b. avance 10-40%","28","11623.49",
"act","202601","a. 1-8","b. avance 10-40%","29","47847.95",
"act","202601","a. 1-8","b. avance 10-40%","30","101236.04",
"act","202601","a. 1-8","b. avance 10-40%","31","63298.13",
"base","202601","a. 1-8","c. avance 40-70%","-1","380173.51","402"
"act","202601","a. 1-8","c. avance 40-70%","1","35792.94",
"act","202601","a. 1-8","c. avance 40-70%","2","47140.62",
"act","202601","a. 1-8","c. avance 40-70%","3","22327.76",
"act","202601","a. 1-8","c. avance 40-70%","4","10869.42",
"act","202601","a. 1-8","c. avance 40-70%","5","24608.26",
"act","202601","a. 1-8","c. avance 40-70%","6","11966.92",
"act","202601","a. 1-8","c. avance 40-70%","7","9207.44",
"act","202601","a. 1-8","c. avance 40-70%","8","7913.9",
"act","202601","a. 1-8","c. avance 40-70%","9","2407.76",
"act","202601","a. 1-8","c. avance 40-70%","10","700.96",
"act","202601","a. 1-8","c. avance 40-70%","11","8658.79",
"act","202601","a. 1-8","c. avance 40-70%","12","3894.2",
"act","202601","a. 1-8","c. avance 40-70%","13","3173.84",
"act","202601","a. 1-8","c. avance 40-70%","14","3690.98",
"act","202601","a. 1-8","c. avance 40-70%","15","3292.35",
"act","202601","a. 1-8","c. avance 40-70%","16","2892.07",
"act","202601","a. 1-8","c. avance 40-70%","17","1510.81",
"act","202601","a. 1-8","c. avance 40-70%","18","830.61",
"act","202601","a. 1-8","c. avance 40-70%","19","5577.66",
"act","202601","a. 1-8","c. avance 40-70%","20","4873.3",
"act","202601","a. 1-8","c. avance 40-70%","21","1694.14",
"act","202601","a. 1-8","c. avance 40-70%","22","5327.56",
"act","202601","a. 1-8","c. avance 40-70%","23","1213.77",
"act","202601","a. 1-8","c. avance 40-70%","24","877.86",
"act","202601","a. 1-8","c. avance 40-70%","25","994.97",
"act","202601","a. 1-8","c. avance 40-70%","26","4684.14",
"act","202601","a. 1-8","c. avance 40-70%","27","9164.61",
"act","202601","a. 1-8","c. avance 40-70%","28","3586.46",
"act","202601","a. 1-8","c. avance 40-70%","29","12431.25",
"act","202601","a. 1-8","c. avance 40-70%","30","23229.21",
"act","202601","a. 1-8","c. avance 40-70%","31","18199.08",
"base","202601","a. 1-8","d. avance 70%+","-1","61377.4","160"
"act","202601","a. 1-8","d. avance 70%+","1","2148.01",
"act","202601","a. 1-8","d. avance 70%+","2","10865.26",
"act","202601","a. 1-8","d. avance 70%+","3","2914.84",
"act","202601","a. 1-8","d. avance 70%+","5","1571.44",
"act","202601","a. 1-8","d. avance 70%+","6","4097.66",
"act","202601","a. 1-8","d. avance 70%+","7","1529.51",
"act","202601","a. 1-8","d. avance 70%+","8","1231.73",
"act","202601","a. 1-8","d. avance 70%+","9","743.26",
"act","202601","a. 1-8","d. avance 70%+","10","1364.56",
"act","202601","a. 1-8","d. avance 70%+","12","1607.13",
"act","202601","a. 1-8","d. avance 70%+","13","980.77",
"act","202601","a. 1-8","d. avance 70%+","14","1056.27",
"act","202601","a. 1-8","d. avance 70%+","15","435.54",
"act","202601","a. 1-8","d. avance 70%+","16","241.79",
"act","202601","a. 1-8","d. avance 70%+","17","131.03",
"act","202601","a. 1-8","d. avance 70%+","19","597.83",
"act","202601","a. 1-8","d. avance 70%+","21","3570.03",
"act","202601","a. 1-8","d. avance 70%+","22","231.4",
"act","202601","a. 1-8","d. avance 70%+","24","131.78",
"act","202601","a. 1-8","d. avance 70%+","25","404.18",
"act","202601","a. 1-8","d. avance 70%+","26","855.48",
"act","202601","a. 1-8","d. avance 70%+","28","1260.61",
"act","202601","a. 1-8","d. avance 70%+","29","3547.59",
"act","202601","a. 1-8","d. avance 70%+","30","4891.37",
"act","202601","a. 1-8","d. avance 70%+","31","5054.42",
"base","202601","b. 9-15","a. avance <10%","-1","123349.81","47"
"act","202601","b. 9-15","a. avance <10%","2","7689.67",
"act","202601","b. 9-15","a. avance <10%","3","1625.25",
"act","202601","b. 9-15","a. avance <10%","4","2123.18",
"act","202601","b. 9-15","a. avance <10%","5","2738.9",
"act","202601","b. 9-15","a. avance <10%","8","7924.03",
"act","202601","b. 9-15","a. avance <10%","13","2271.23",
"act","202601","b. 9-15","a. avance <10%","14","977.75",
"act","202601","b. 9-15","a. avance <10%","16","2881.98",
"act","202601","b. 9-15","a. avance <10%","18","1746.13",
"act","202601","b. 9-15","a. avance <10%","19","1506.31",
"act","202601","b. 9-15","a. avance <10%","22","1993.39",
"act","202601","b. 9-15","a. avance <10%","23","6714.06",
"base","202601","b. 9-15","b. avance 10-40%","-1","112864.83","58"
"act","202601","b. 9-15","b. avance 10-40%","2","9339.85",
"act","202601","b. 9-15","b. avance 10-40%","3","7469.59",
"act","202601","b. 9-15","b. avance 10-40%","4","1708.54",
"act","202601","b. 9-15","b. avance 10-40%","5","1563.94",
"act","202601","b. 9-15","b. avance 10-40%","9","6076.43",
"act","202601","b. 9-15","b. avance 10-40%","10","5825.6",
"act","202601","b. 9-15","b. avance 10-40%","11","1338.31",
"act","202601","b. 9-15","b. avance 10-40%","12","2531.85",
"act","202601","b. 9-15","b. avance 10-40%","14","1780.37",
"act","202601","b. 9-15","b. avance 10-40%","15","1800.13",
"act","202601","b. 9-15","b. avance 10-40%","16","4327.15",
"act","202601","b. 9-15","b. avance 10-40%","17","6135.96",
"act","202601","b. 9-15","b. avance 10-40%","19","4872.74",
"act","202601","b. 9-15","b. avance 10-40%","21","1085.45",
"act","202601","b. 9-15","b. avance 10-40%","24","1053.51",
"act","202601","b. 9-15","b. avance 10-40%","26","3785.64",
"act","202601","b. 9-15","b. avance 10-40%","27","339.27",
"act","202601","b. 9-15","b. avance 10-40%","30","3562.27",
"act","202601","b. 9-15","b. avance 10-40%","31","1381.92",
"base","202601","b. 9-15","c. avance 40-70%","-1","44942.27","45"
"act","202601","b. 9-15","c. avance 40-70%","1","6728.98",
"act","202601","b. 9-15","c. avance 40-70%","2","1241.96",
"act","202601","b. 9-15","c. avance 40-70%","3","1427.85",
"act","202601","b. 9-15","c. avance 40-70%","4","2351.32",
"act","202601","b. 9-15","c. avance 40-70%","5","2199.0",
"act","202601","b. 9-15","c. avance 40-70%","7","175.95",
"act","202601","b. 9-15","c. avance 40-70%","8","321.52",
"act","202601","b. 9-15","c. avance 40-70%","9","199.53",
"act","202601","b. 9-15","c. avance 40-70%","11","559.89",
"act","202601","b. 9-15","c. avance 40-70%","13","840.84",
"act","202601","b. 9-15","c. avance 40-70%","19","1663.91",
"act","202601","b. 9-15","c. avance 40-70%","22","840.1",
"act","202601","b. 9-15","c. avance 40-70%","23","3910.11",
"act","202601","b. 9-15","c. avance 40-70%","25","555.77",
"act","202601","b. 9-15","c. avance 40-70%","26","2630.8",
"act","202601","b. 9-15","c. avance 40-70%","28","2227.81",
"act","202601","b. 9-15","c. avance 40-70%","30","3854.56",
"act","202601","b. 9-15","c. avance 40-70%","31","504.22",
"base","202601","b. 9-15","d. avance 70%+","-1","5839.03","19"
"act","202601","b. 9-15","d. avance 70%+","2","162.36",
"act","202601","b. 9-15","d. avance 70%+","5","440.82",
"act","202601","b. 9-15","d. avance 70%+","6","557.76",
"act","202601","b. 9-15","d. avance 70%+","7","1147.92",
"act","202601","b. 9-15","d. avance 70%+","9","184.16",
"act","202601","b. 9-15","d. avance 70%+","12","116.44",
"act","202601","b. 9-15","d. avance 70%+","17","339.1",
"act","202601","b. 9-15","d. avance 70%+","18","531.12",
"act","202601","b. 9-15","d. avance 70%+","23","150.6",
"act","202601","b. 9-15","d. avance 70%+","24","412.92",
"act","202601","b. 9-15","d. avance 70%+","26","139.25",
"base","202601","c. 16-30","a. avance <10%","-1","315265.98","94"
"act","202601","c. 16-30","a. avance <10%","1","1907.79",
"act","202601","c. 16-30","a. avance <10%","2","480.92",
"act","202601","c. 16-30","a. avance <10%","5","8490.66",
"act","202601","c. 16-30","a. avance <10%","6","4660.95",
"act","202601","c. 16-30","a. avance <10%","8","632.71",
"act","202601","c. 16-30","a. avance <10%","9","1509.0",
"act","202601","c. 16-30","a. avance <10%","13","8204.15",
"act","202601","c. 16-30","a. avance <10%","18","4841.9",
"act","202601","c. 16-30","a. avance <10%","21","10713.95",
"act","202601","c. 16-30","a. avance <10%","23","1536.0",
"act","202601","c. 16-30","a. avance <10%","27","6638.05",
"act","202601","c. 16-30","a. avance <10%","30","3359.0",
"base","202601","c. 16-30","b. avance 10-40%","-1","305693.22","121"
"act","202601","c. 16-30","b. avance 10-40%","1","1744.02",
"act","202601","c. 16-30","b. avance 10-40%","2","10885.03",
"act","202601","c. 16-30","b. avance 10-40%","3","4715.28",
"act","202601","c. 16-30","b. avance 10-40%","4","8729.48",
"act","202601","c. 16-30","b. avance 10-40%","5","6892.9",
"act","202601","c. 16-30","b. avance 10-40%","6","13626.28",
"act","202601","c. 16-30","b. avance 10-40%","7","12105.65",
"act","202601","c. 16-30","b. avance 10-40%","8","3205.25",
"act","202601","c. 16-30","b. avance 10-40%","9","8519.03",
"act","202601","c. 16-30","b. avance 10-40%","10","4214.72",
"act","202601","c. 16-30","b. avance 10-40%","12","4264.66",
"act","202601","c. 16-30","b. avance 10-40%","13","2238.06",
"act","202601","c. 16-30","b. avance 10-40%","14","8733.41",
"act","202601","c. 16-30","b. avance 10-40%","15","7581.64",
"act","202601","c. 16-30","b. avance 10-40%","16","2539.74",
"act","202601","c. 16-30","b. avance 10-40%","18","2788.57",
"act","202601","c. 16-30","b. avance 10-40%","20","1309.25",
"act","202601","c. 16-30","b. avance 10-40%","21","3918.92",
"act","202601","c. 16-30","b. avance 10-40%","22","976.13",
"act","202601","c. 16-30","b. avance 10-40%","23","686.38",
"act","202601","c. 16-30","b. avance 10-40%","26","6808.64",
"act","202601","c. 16-30","b. avance 10-40%","27","2373.31",
"act","202601","c. 16-30","b. avance 10-40%","30","11422.93",
"act","202601","c. 16-30","b. avance 10-40%","31","14285.18",
"base","202601","c. 16-30","c. avance 40-70%","-1","76918.18","70"
"act","202601","c. 16-30","c. avance 40-70%","2","2943.33",
"act","202601","c. 16-30","c. avance 40-70%","4","2883.01",
"act","202601","c. 16-30","c. avance 40-70%","5","4546.02",
"act","202601","c. 16-30","c. avance 40-70%","6","1198.07",
"act","202601","c. 16-30","c. avance 40-70%","7","1681.52",
"act","202601","c. 16-30","c. avance 40-70%","8","955.87",
"act","202601","c. 16-30","c. avance 40-70%","9","3401.7",
"act","202601","c. 16-30","c. avance 40-70%","10","1297.49",
"act","202601","c. 16-30","c. avance 40-70%","11","2060.51",
"act","202601","c. 16-30","c. avance 40-70%","12","2004.19",
"act","202601","c. 16-30","c. avance 40-70%","13","1737.12",
"act","202601","c. 16-30","c. avance 40-70%","14","785.86",
"act","202601","c. 16-30","c. avance 40-70%","15","7850.16",
"act","202601","c. 16-30","c. avance 40-70%","19","1025.04",
"act","202601","c. 16-30","c. avance 40-70%","23","513.3",
"act","202601","c. 16-30","c. avance 40-70%","28","4826.87",
"act","202601","c. 16-30","c. avance 40-70%","30","2241.79",
"act","202601","c. 16-30","c. avance 40-70%","31","679.6",
"base","202601","c. 16-30","d. avance 70%+","-1","15035.6","32"
"act","202601","c. 16-30","d. avance 70%+","2","260.85",
"act","202601","c. 16-30","d. avance 70%+","7","2111.48",
"act","202601","c. 16-30","d. avance 70%+","8","1283.34",
"act","202601","c. 16-30","d. avance 70%+","9","672.36",
"act","202601","c. 16-30","d. avance 70%+","13","790.99",
"act","202601","c. 16-30","d. avance 70%+","19","804.65",
"act","202601","c. 16-30","d. avance 70%+","26","1536.03",
"act","202601","c. 16-30","d. avance 70%+","29","992.84",
"base","202602","a. 1-8","a. avance <10%","-1","749026.6","302"
"act","202602","a. 1-8","a. avance <10%","1","66201.49",
"act","202602","a. 1-8","a. avance <10%","2","131785.77",
"act","202602","a. 1-8","a. avance <10%","3","62027.27",
"act","202602","a. 1-8","a. avance <10%","4","16547.31",
"act","202602","a. 1-8","a. avance <10%","5","43026.22",
"act","202602","a. 1-8","a. avance <10%","6","16112.12",
"act","202602","a. 1-8","a. avance <10%","7","1796.7",
"act","202602","a. 1-8","a. avance <10%","8","2709.18",
"act","202602","a. 1-8","a. avance <10%","9","13779.26",
"act","202602","a. 1-8","a. avance <10%","10","6348.8",
"act","202602","a. 1-8","a. avance <10%","11","13516.31",
"act","202602","a. 1-8","a. avance <10%","12","8703.2",
"act","202602","a. 1-8","a. avance <10%","13","16498.06",
"act","202602","a. 1-8","a. avance <10%","14","606.19",
"act","202602","a. 1-8","a. avance <10%","15","6989.36",
"act","202602","a. 1-8","a. avance <10%","16","3104.91",
"act","202602","a. 1-8","a. avance <10%","17","701.18",
"act","202602","a. 1-8","a. avance <10%","18","1963.15",
"act","202602","a. 1-8","a. avance <10%","19","5444.63",
"act","202602","a. 1-8","a. avance <10%","21","1426.28",
"act","202602","a. 1-8","a. avance <10%","23","4330.8",
"act","202602","a. 1-8","a. avance <10%","24","5311.57",
"act","202602","a. 1-8","a. avance <10%","26","2121.49",
"act","202602","a. 1-8","a. avance <10%","27","20188.06",
"act","202602","a. 1-8","a. avance <10%","28","79866.1",
"base","202602","a. 1-8","b. avance 10-40%","-1","1196022.42","548"
"act","202602","a. 1-8","b. avance 10-40%","1","111995.24",
"act","202602","a. 1-8","b. avance 10-40%","2","185521.84",
"act","202602","a. 1-8","b. avance 10-40%","3","159605.52",
"act","202602","a. 1-8","b. avance 10-40%","4","17498.27",
"act","202602","a. 1-8","b. avance 10-40%","5","73767.09",
"act","202602","a. 1-8","b. avance 10-40%","6","37333.02",
"act","202602","a. 1-8","b. avance 10-40%","7","15925.87",
"act","202602","a. 1-8","b. avance 10-40%","8","3487.92",
"act","202602","a. 1-8","b. avance 10-40%","9","18444.06",
"act","202602","a. 1-8","b. avance 10-40%","10","15073.55",
"act","202602","a. 1-8","b. avance 10-40%","11","1181.98",
"act","202602","a. 1-8","b. avance 10-40%","12","14038.77",
"act","202602","a. 1-8","b. avance 10-40%","13","7966.7",
"act","202602","a. 1-8","b. avance 10-40%","14","4774.91",
"act","202602","a. 1-8","b. avance 10-40%","15","1270.88",
"act","202602","a. 1-8","b. avance 10-40%","16","2655.19",
"act","202602","a. 1-8","b. avance 10-40%","17","965.92",
"act","202602","a. 1-8","b. avance 10-40%","18","4925.33",
"act","202602","a. 1-8","b. avance 10-40%","19","2999.24",
"act","202602","a. 1-8","b. avance 10-40%","20","22488.54",
"act","202602","a. 1-8","b. avance 10-40%","21","2224.14",
"act","202602","a. 1-8","b. avance 10-40%","22","7684.38",
"act","202602","a. 1-8","b. avance 10-40%","23","2357.29",
"act","202602","a. 1-8","b. avance 10-40%","24","1426.32",
"act","202602","a. 1-8","b. avance 10-40%","25","6078.59",
"act","202602","a. 1-8","b. avance 10-40%","26","11584.26",
"act","202602","a. 1-8","b. avance 10-40%","27","49804.44",
"act","202602","a. 1-8","b. avance 10-40%","28","130515.54",
"base","202602","a. 1-8","c. avance 40-70%","-1","404987.12","431"
"act","202602","a. 1-8","c. avance 40-70%","1","36995.81",
"act","202602","a. 1-8","c. avance 40-70%","2","73906.97",
"act","202602","a. 1-8","c. avance 40-70%","3","39819.83",
"act","202602","a. 1-8","c. avance 40-70%","4","10420.08",
"act","202602","a. 1-8","c. avance 40-70%","5","26131.47",
"act","202602","a. 1-8","c. avance 40-70%","6","14133.38",
"act","202602","a. 1-8","c. avance 40-70%","7","3816.14",
"act","202602","a. 1-8","c. avance 40-70%","8","1878.67",
"act","202602","a. 1-8","c. avance 40-70%","9","6060.98",
"act","202602","a. 1-8","c. avance 40-70%","10","12653.98",
"act","202602","a. 1-8","c. avance 40-70%","11","9190.78",
"act","202602","a. 1-8","c. avance 40-70%","12","3546.31",
"act","202602","a. 1-8","c. avance 40-70%","13","693.43",
"act","202602","a. 1-8","c. avance 40-70%","14","3735.81",
"act","202602","a. 1-8","c. avance 40-70%","16","471.72",
"act","202602","a. 1-8","c. avance 40-70%","17","1299.05",
"act","202602","a. 1-8","c. avance 40-70%","18","1491.01",
"act","202602","a. 1-8","c. avance 40-70%","19","1532.41",
"act","202602","a. 1-8","c. avance 40-70%","20","10329.49",
"act","202602","a. 1-8","c. avance 40-70%","21","1181.54",
"act","202602","a. 1-8","c. avance 40-70%","23","2754.57",
"act","202602","a. 1-8","c. avance 40-70%","24","4377.26",
"act","202602","a. 1-8","c. avance 40-70%","25","6384.53",
"act","202602","a. 1-8","c. avance 40-70%","26","6076.42",
"act","202602","a. 1-8","c. avance 40-70%","27","5145.37",
"act","202602","a. 1-8","c. avance 40-70%","28","32538.04",
"base","202602","a. 1-8","d. avance 70%+","-1","71376.31","168"
"act","202602","a. 1-8","d. avance 70%+","1","4366.29",
"act","202602","a. 1-8","d. avance 70%+","2","14880.83",
"act","202602","a. 1-8","d. avance 70%+","3","8806.04",
"act","202602","a. 1-8","d. avance 70%+","4","780.26",
"act","202602","a. 1-8","d. avance 70%+","5","2654.43",
"act","202602","a. 1-8","d. avance 70%+","6","1863.64",
"act","202602","a. 1-8","d. avance 70%+","8","610.65",
"act","202602","a. 1-8","d. avance 70%+","9","1632.4",
"act","202602","a. 1-8","d. avance 70%+","10","1405.76",
"act","202602","a. 1-8","d. avance 70%+","11","946.19",
"act","202602","a. 1-8","d. avance 70%+","12","176.35",
"act","202602","a. 1-8","d. avance 70%+","13","1082.08",
"act","202602","a. 1-8","d. avance 70%+","15","160.9",
"act","202602","a. 1-8","d. avance 70%+","16","1839.62",
"act","202602","a. 1-8","d. avance 70%+","17","612.01",
"act","202602","a. 1-8","d. avance 70%+","18","690.64",
"act","202602","a. 1-8","d. avance 70%+","19","106.84",
"act","202602","a. 1-8","d. avance 70%+","20","1556.37",
"act","202602","a. 1-8","d. avance 70%+","23","525.98",
"act","202602","a. 1-8","d. avance 70%+","24","3460.48",
"act","202602","a. 1-8","d. avance 70%+","25","2459.67",
"act","202602","a. 1-8","d. avance 70%+","26","891.96",
"act","202602","a. 1-8","d. avance 70%+","27","1937.27",
"act","202602","a. 1-8","d. avance 70%+","28","5304.33",
"base","202602","b. 9-15","a. avance <10%","-1","130411.45","62"
"act","202602","b. 9-15","a. avance <10%","1","5150.4",
"act","202602","b. 9-15","a. avance <10%","2","13486.32",
"act","202602","b. 9-15","a. avance <10%","3","15276.01",
"act","202602","b. 9-15","a. avance <10%","4","1091.54",
"act","202602","b. 9-15","a. avance <10%","5","1912.23",
"act","202602","b. 9-15","a. avance <10%","6","6530.82",
"act","202602","b. 9-15","a. avance <10%","7","3035.89",
"act","202602","b. 9-15","a. avance <10%","10","2004.75",
"act","202602","b. 9-15","a. avance <10%","11","4252.42",
"act","202602","b. 9-15","a. avance <10%","12","7852.01",
"act","202602","b. 9-15","a. avance <10%","13","1451.37",
"act","202602","b. 9-15","a. avance <10%","19","2803.47",
"act","202602","b. 9-15","a. avance <10%","20","2244.0",
"act","202602","b. 9-15","a. avance <10%","25","636.55",
"act","202602","b. 9-15","a. avance <10%","26","2775.38",
"base","202602","b. 9-15","b. avance 10-40%","-1","123938.07","62"
"act","202602","b. 9-15","b. avance 10-40%","1","10385.06",
"act","202602","b. 9-15","b. avance 10-40%","2","8631.0",
"act","202602","b. 9-15","b. avance 10-40%","3","3755.94",
"act","202602","b. 9-15","b. avance 10-40%","4","2064.13",
"act","202602","b. 9-15","b. avance 10-40%","5","5252.76",
"act","202602","b. 9-15","b. avance 10-40%","7","1383.91",
"act","202602","b. 9-15","b. avance 10-40%","9","1655.58",
"act","202602","b. 9-15","b. avance 10-40%","10","921.95",
"act","202602","b. 9-15","b. avance 10-40%","11","1120.27",
"act","202602","b. 9-15","b. avance 10-40%","14","917.19",
"act","202602","b. 9-15","b. avance 10-40%","16","1849.38",
"act","202602","b. 9-15","b. avance 10-40%","17","1511.77",
"act","202602","b. 9-15","b. avance 10-40%","18","2453.06",
"act","202602","b. 9-15","b. avance 10-40%","19","1600.19",
"act","202602","b. 9-15","b. avance 10-40%","21","1415.41",
"act","202602","b. 9-15","b. avance 10-40%","23","8472.18",
"act","202602","b. 9-15","b. avance 10-40%","25","5299.08",
"act","202602","b. 9-15","b. avance 10-40%","28","1320.04",
"base","202602","b. 9-15","c. avance 40-70%","-1","63613.13","56"
"act","202602","b. 9-15","c. avance 40-70%","1","5981.06",
"act","202602","b. 9-15","c. avance 40-70%","2","3949.2",
"act","202602","b. 9-15","c. avance 40-70%","3","2048.17",
"act","202602","b. 9-15","c. avance 40-70%","4","207.35",
"act","202602","b. 9-15","c. avance 40-70%","5","5982.28",
"act","202602","b. 9-15","c. avance 40-70%","6","1283.04",
"act","202602","b. 9-15","c. avance 40-70%","7","479.6",
"act","202602","b. 9-15","c. avance 40-70%","8","1570.1",
"act","202602","b. 9-15","c. avance 40-70%","9","3394.9",
"act","202602","b. 9-15","c. avance 40-70%","13","2956.33",
"act","202602","b. 9-15","c. avance 40-70%","16","867.96",
"act","202602","b. 9-15","c. avance 40-70%","17","566.03",
"act","202602","b. 9-15","c. avance 40-70%","18","2824.68",
"act","202602","b. 9-15","c. avance 40-70%","19","1034.47",
"act","202602","b. 9-15","c. avance 40-70%","23","841.39",
"act","202602","b. 9-15","c. avance 40-70%","24","2681.09",
"base","202602","b. 9-15","d. avance 70%+","-1","7596.04","19"
"act","202602","b. 9-15","d. avance 70%+","1","439.91",
"act","202602","b. 9-15","d. avance 70%+","2","245.81",
"act","202602","b. 9-15","d. avance 70%+","3","1089.09",
"act","202602","b. 9-15","d. avance 70%+","9","503.71",
"act","202602","b. 9-15","d. avance 70%+","11","380.18",
"act","202602","b. 9-15","d. avance 70%+","13","182.05",
"act","202602","b. 9-15","d. avance 70%+","15","376.45",
"act","202602","b. 9-15","d. avance 70%+","19","468.82",
"act","202602","b. 9-15","d. avance 70%+","22","99.49",
"act","202602","b. 9-15","d. avance 70%+","24","792.81",
"act","202602","b. 9-15","d. avance 70%+","28","913.75",
"base","202602","c. 16-30","a. avance <10%","-1","232923.36","86"
"act","202602","c. 16-30","a. avance <10%","1","4064.8",
"act","202602","c. 16-30","a. avance <10%","3","1955.76",
"act","202602","c. 16-30","a. avance <10%","5","9459.53",
"act","202602","c. 16-30","a. avance <10%","6","1626.42",
"act","202602","c. 16-30","a. avance <10%","10","1050.43",
"act","202602","c. 16-30","a. avance <10%","11","1407.18",
"act","202602","c. 16-30","a. avance <10%","14","542.33",
"act","202602","c. 16-30","a. avance <10%","17","3603.25",
"act","202602","c. 16-30","a. avance <10%","18","6652.41",
"act","202602","c. 16-30","a. avance <10%","22","2252.8",
"act","202602","c. 16-30","a. avance <10%","27","1723.79",
"base","202602","c. 16-30","b. avance 10-40%","-1","289634.14","108"
"act","202602","c. 16-30","b. avance 10-40%","1","11611.82",
"act","202602","c. 16-30","b. avance 10-40%","2","7206.56",
"act","202602","c. 16-30","b. avance 10-40%","3","14149.03",
"act","202602","c. 16-30","b. avance 10-40%","4","277.41",
"act","202602","c. 16-30","b. avance 10-40%","5","10008.53",
"act","202602","c. 16-30","b. avance 10-40%","6","9587.44",
"act","202602","c. 16-30","b. avance 10-40%","7","2979.76",
"act","202602","c. 16-30","b. avance 10-40%","8","3018.27",
"act","202602","c. 16-30","b. avance 10-40%","9","5891.9",
"act","202602","c. 16-30","b. avance 10-40%","10","687.22",
"act","202602","c. 16-30","b. avance 10-40%","12","11260.59",
"act","202602","c. 16-30","b. avance 10-40%","13","2707.6",
"act","202602","c. 16-30","b. avance 10-40%","15","8643.35",
"act","202602","c. 16-30","b. avance 10-40%","16","10043.95",
"act","202602","c. 16-30","b. avance 10-40%","17","3273.0",
"act","202602","c. 16-30","b. avance 10-40%","19","1946.98",
"act","202602","c. 16-30","b. avance 10-40%","23","8434.44",
"act","202602","c. 16-30","b. avance 10-40%","24","1849.99",
"act","202602","c. 16-30","b. avance 10-40%","25","2477.27",
"act","202602","c. 16-30","b. avance 10-40%","26","2253.6",
"act","202602","c. 16-30","b. avance 10-40%","27","3343.28",
"act","202602","c. 16-30","b. avance 10-40%","28","21419.6",
"base","202602","c. 16-30","c. avance 40-70%","-1","87995.05","81"
"act","202602","c. 16-30","c. avance 40-70%","1","5239.0",
"act","202602","c. 16-30","c. avance 40-70%","2","3222.54",
"act","202602","c. 16-30","c. avance 40-70%","3","540.35",
"act","202602","c. 16-30","c. avance 40-70%","4","2174.82",
"act","202602","c. 16-30","c. avance 40-70%","5","3966.07",
"act","202602","c. 16-30","c. avance 40-70%","6","3872.68",
"act","202602","c. 16-30","c. avance 40-70%","7","639.95",
"act","202602","c. 16-30","c. avance 40-70%","10","1394.75",
"act","202602","c. 16-30","c. avance 40-70%","12","1332.25",
"act","202602","c. 16-30","c. avance 40-70%","13","6778.34",
"act","202602","c. 16-30","c. avance 40-70%","14","5983.99",
"act","202602","c. 16-30","c. avance 40-70%","16","2579.82",
"act","202602","c. 16-30","c. avance 40-70%","17","919.17",
"act","202602","c. 16-30","c. avance 40-70%","19","152.84",
"act","202602","c. 16-30","c. avance 40-70%","20","2058.19",
"act","202602","c. 16-30","c. avance 40-70%","22","537.06",
"act","202602","c. 16-30","c. avance 40-70%","26","638.56",
"act","202602","c. 16-30","c. avance 40-70%","28","821.42",
"base","202602","c. 16-30","d. avance 70%+","-1","12909.97","33"
"act","202602","c. 16-30","d. avance 70%+","3","486.05",
"act","202602","c. 16-30","d. avance 70%+","4","1088.36",
"act","202602","c. 16-30","d. avance 70%+","5","376.59",
"act","202602","c. 16-30","d. avance 70%+","11","483.19",
"act","202602","c. 16-30","d. avance 70%+","12","451.49",
"act","202602","c. 16-30","d. avance 70%+","13","255.1",
"act","202602","c. 16-30","d. avance 70%+","14","438.06",
"act","202602","c. 16-30","d. avance 70%+","17","479.89",
"act","202602","c. 16-30","d. avance 70%+","18","1005.66",
"act","202602","c. 16-30","d. avance 70%+","21","159.18",
"act","202602","c. 16-30","d. avance 70%+","27","1320.98",
"base","202603","a. 1-8","a. avance <10%","-1","428665.33","209"
"act","202603","a. 1-8","a. avance <10%","1","16415.26",
"act","202603","a. 1-8","a. avance <10%","2","55866.76",
"act","202603","a. 1-8","a. avance <10%","3","39389.0",
"act","202603","a. 1-8","a. avance <10%","4","35845.66",
"act","202603","a. 1-8","a. avance <10%","5","8170.45",
"act","202603","a. 1-8","a. avance <10%","6","9120.5",
"act","202603","a. 1-8","a. avance <10%","7","6123.4",
"act","202603","a. 1-8","a. avance <10%","9","22290.5",
"act","202603","a. 1-8","a. avance <10%","10","8840.44",
"act","202603","a. 1-8","a. avance <10%","11","8203.06",
"act","202603","a. 1-8","a. avance <10%","12","8041.57",
"act","202603","a. 1-8","a. avance <10%","13","8226.98",
"act","202603","a. 1-8","a. avance <10%","14","3062.62",
"act","202603","a. 1-8","a. avance <10%","16","1308.54",
"act","202603","a. 1-8","a. avance <10%","17","3829.04",
"act","202603","a. 1-8","a. avance <10%","18","1074.01",
"act","202603","a. 1-8","a. avance <10%","21","1090.31",
"act","202603","a. 1-8","a. avance <10%","24","4630.16",
"act","202603","a. 1-8","a. avance <10%","25","1495.93",
"act","202603","a. 1-8","a. avance <10%","26","22489.05",
"act","202603","a. 1-8","a. avance <10%","27","1699.32",
"act","202603","a. 1-8","a. avance <10%","28","158.63",
"act","202603","a. 1-8","a. avance <10%","29","1607.59",
"act","202603","a. 1-8","a. avance <10%","30","2947.11",
"act","202603","a. 1-8","a. avance <10%","31","2966.25",
"base","202603","a. 1-8","b. avance 10-40%","-1","616621.68","320"
"act","202603","a. 1-8","b. avance 10-40%","1","46156.92",
"act","202603","a. 1-8","b. avance 10-40%","2","93926.54",
"act","202603","a. 1-8","b. avance 10-40%","3","59485.39",
"act","202603","a. 1-8","b. avance 10-40%","4","47067.96",
"act","202603","a. 1-8","b. avance 10-40%","5","20120.11",
"act","202603","a. 1-8","b. avance 10-40%","6","4471.91",
"act","202603","a. 1-8","b. avance 10-40%","7","6454.52",
"act","202603","a. 1-8","b. avance 10-40%","9","15377.33",
"act","202603","a. 1-8","b. avance 10-40%","10","8035.28",
"act","202603","a. 1-8","b. avance 10-40%","11","2146.99",
"act","202603","a. 1-8","b. avance 10-40%","12","25224.78",
"act","202603","a. 1-8","b. avance 10-40%","13","3747.07",
"act","202603","a. 1-8","b. avance 10-40%","14","9036.8",
"act","202603","a. 1-8","b. avance 10-40%","16","5269.99",
"act","202603","a. 1-8","b. avance 10-40%","17","5382.31",
"act","202603","a. 1-8","b. avance 10-40%","18","1069.43",
"act","202603","a. 1-8","b. avance 10-40%","19","7427.92",
"act","202603","a. 1-8","b. avance 10-40%","20","6006.32",
"act","202603","a. 1-8","b. avance 10-40%","21","6446.12",
"act","202603","a. 1-8","b. avance 10-40%","23","6667.54",
"act","202603","a. 1-8","b. avance 10-40%","24","22915.17",
"act","202603","a. 1-8","b. avance 10-40%","25","10861.82",
"act","202603","a. 1-8","b. avance 10-40%","26","8096.98",
"act","202603","a. 1-8","b. avance 10-40%","27","14332.69",
"act","202603","a. 1-8","b. avance 10-40%","28","27245.16",
"act","202603","a. 1-8","b. avance 10-40%","29","3567.83",
"act","202603","a. 1-8","b. avance 10-40%","30","24697.95",
"act","202603","a. 1-8","b. avance 10-40%","31","7788.02",
"base","202603","a. 1-8","c. avance 40-70%","-1","214403.26","241"
"act","202603","a. 1-8","c. avance 40-70%","1","10365.73",
"act","202603","a. 1-8","c. avance 40-70%","2","35073.24",
"act","202603","a. 1-8","c. avance 40-70%","3","20112.45",
"act","202603","a. 1-8","c. avance 40-70%","4","13455.56",
"act","202603","a. 1-8","c. avance 40-70%","5","6021.57",
"act","202603","a. 1-8","c. avance 40-70%","6","13742.37",
"act","202603","a. 1-8","c. avance 40-70%","7","5107.84",
"act","202603","a. 1-8","c. avance 40-70%","8","2488.11",
"act","202603","a. 1-8","c. avance 40-70%","9","597.03",
"act","202603","a. 1-8","c. avance 40-70%","10","4234.66",
"act","202603","a. 1-8","c. avance 40-70%","11","6512.41",
"act","202603","a. 1-8","c. avance 40-70%","12","1639.84",
"act","202603","a. 1-8","c. avance 40-70%","13","4374.17",
"act","202603","a. 1-8","c. avance 40-70%","14","1456.36",
"act","202603","a. 1-8","c. avance 40-70%","17","2651.73",
"act","202603","a. 1-8","c. avance 40-70%","18","1060.35",
"act","202603","a. 1-8","c. avance 40-70%","19","1096.24",
"act","202603","a. 1-8","c. avance 40-70%","20","3274.71",
"act","202603","a. 1-8","c. avance 40-70%","22","3964.24",
"act","202603","a. 1-8","c. avance 40-70%","23","5306.89",
"act","202603","a. 1-8","c. avance 40-70%","24","1933.1",
"act","202603","a. 1-8","c. avance 40-70%","25","1192.22",
"act","202603","a. 1-8","c. avance 40-70%","26","3000.95",
"act","202603","a. 1-8","c. avance 40-70%","27","6774.91",
"act","202603","a. 1-8","c. avance 40-70%","28","2313.68",
"act","202603","a. 1-8","c. avance 40-70%","29","6076.85",
"act","202603","a. 1-8","c. avance 40-70%","30","6249.09",
"act","202603","a. 1-8","c. avance 40-70%","31","3192.54",
"base","202603","a. 1-8","d. avance 70%+","-1","35155.02","87"
"act","202603","a. 1-8","d. avance 70%+","1","3725.58",
"act","202603","a. 1-8","d. avance 70%+","2","5308.81",
"act","202603","a. 1-8","d. avance 70%+","3","1547.8",
"act","202603","a. 1-8","d. avance 70%+","4","646.54",
"act","202603","a. 1-8","d. avance 70%+","5","1153.97",
"act","202603","a. 1-8","d. avance 70%+","7","380.25",
"act","202603","a. 1-8","d. avance 70%+","8","668.9",
"act","202603","a. 1-8","d. avance 70%+","9","3991.79",
"act","202603","a. 1-8","d. avance 70%+","10","1320.21",
"act","202603","a. 1-8","d. avance 70%+","11","240.55",
"act","202603","a. 1-8","d. avance 70%+","12","371.08",
"act","202603","a. 1-8","d. avance 70%+","13","755.47",
"act","202603","a. 1-8","d. avance 70%+","14","401.82",
"act","202603","a. 1-8","d. avance 70%+","16","109.71",
"act","202603","a. 1-8","d. avance 70%+","17","1305.69",
"act","202603","a. 1-8","d. avance 70%+","18","405.11",
"act","202603","a. 1-8","d. avance 70%+","19","566.57",
"act","202603","a. 1-8","d. avance 70%+","20","324.46",
"act","202603","a. 1-8","d. avance 70%+","21","571.1",
"act","202603","a. 1-8","d. avance 70%+","22","650.34",
"act","202603","a. 1-8","d. avance 70%+","24","697.06",
"act","202603","a. 1-8","d. avance 70%+","25","953.11",
"act","202603","a. 1-8","d. avance 70%+","26","659.57",
"act","202603","a. 1-8","d. avance 70%+","27","1915.74",
"act","202603","a. 1-8","d. avance 70%+","28","1012.76",
"act","202603","a. 1-8","d. avance 70%+","29","608.39",
"act","202603","a. 1-8","d. avance 70%+","30","414.37",
"act","202603","a. 1-8","d. avance 70%+","31","588.91",
"base","202603","b. 9-15","a. avance <10%","-1","206380.99","90"
"act","202603","b. 9-15","a. avance <10%","1","3197.0",
"act","202603","b. 9-15","a. avance <10%","2","5897.99",
"act","202603","b. 9-15","a. avance <10%","3","1024.2",
"act","202603","b. 9-15","a. avance <10%","4","16420.89",
"act","202603","b. 9-15","a. avance <10%","5","11190.66",
"act","202603","b. 9-15","a. avance <10%","6","1403.09",
"act","202603","b. 9-15","a. avance <10%","7","2330.49",
"act","202603","b. 9-15","a. avance <10%","10","2544.44",
"act","202603","b. 9-15","a. avance <10%","11","5379.56",
"act","202603","b. 9-15","a. avance <10%","12","979.25",
"act","202603","b. 9-15","a. avance <10%","13","11644.22",
"act","202603","b. 9-15","a. avance <10%","15","3120.99",
"act","202603","b. 9-15","a. avance <10%","16","3140.77",
"act","202603","b. 9-15","a. avance <10%","17","1306.79",
"act","202603","b. 9-15","a. avance <10%","22","1447.23",
"act","202603","b. 9-15","a. avance <10%","23","1225.31",
"act","202603","b. 9-15","a. avance <10%","25","656.8",
"base","202603","b. 9-15","b. avance 10-40%","-1","218718.77","105"
"act","202603","b. 9-15","b. avance 10-40%","1","1884.53",
"act","202603","b. 9-15","b. avance 10-40%","2","15882.72",
"act","202603","b. 9-15","b. avance 10-40%","3","3747.34",
"act","202603","b. 9-15","b. avance 10-40%","4","6625.84",
"act","202603","b. 9-15","b. avance 10-40%","5","6499.04",
"act","202603","b. 9-15","b. avance 10-40%","6","3324.79",
"act","202603","b. 9-15","b. avance 10-40%","7","5439.15",
"act","202603","b. 9-15","b. avance 10-40%","8","7502.76",
"act","202603","b. 9-15","b. avance 10-40%","9","4000.71",
"act","202603","b. 9-15","b. avance 10-40%","10","8090.21",
"act","202603","b. 9-15","b. avance 10-40%","11","5033.35",
"act","202603","b. 9-15","b. avance 10-40%","12","1079.37",
"act","202603","b. 9-15","b. avance 10-40%","13","5699.69",
"act","202603","b. 9-15","b. avance 10-40%","14","1272.05",
"act","202603","b. 9-15","b. avance 10-40%","16","3425.44",
"act","202603","b. 9-15","b. avance 10-40%","17","1425.65",
"act","202603","b. 9-15","b. avance 10-40%","18","1564.09",
"act","202603","b. 9-15","b. avance 10-40%","19","1257.69",
"act","202603","b. 9-15","b. avance 10-40%","20","138.49",
"act","202603","b. 9-15","b. avance 10-40%","21","3131.1",
"act","202603","b. 9-15","b. avance 10-40%","22","939.45",
"act","202603","b. 9-15","b. avance 10-40%","23","3744.52",
"act","202603","b. 9-15","b. avance 10-40%","24","4281.48",
"act","202603","b. 9-15","b. avance 10-40%","25","1816.7",
"act","202603","b. 9-15","b. avance 10-40%","26","2272.76",
"act","202603","b. 9-15","b. avance 10-40%","27","1340.74",
"act","202603","b. 9-15","b. avance 10-40%","28","1202.25",
"act","202603","b. 9-15","b. avance 10-40%","31","17483.93",
"base","202603","b. 9-15","c. avance 40-70%","-1","59958.25","69"
"act","202603","b. 9-15","c. avance 40-70%","1","974.76",
"act","202603","b. 9-15","c. avance 40-70%","2","3908.2",
"act","202603","b. 9-15","c. avance 40-70%","3","5532.37",
"act","202603","b. 9-15","c. avance 40-70%","4","1534.03",
"act","202603","b. 9-15","c. avance 40-70%","5","868.0",
"act","202603","b. 9-15","c. avance 40-70%","7","206.13",
"act","202603","b. 9-15","c. avance 40-70%","8","554.67",
"act","202603","b. 9-15","c. avance 40-70%","9","755.31",
"act","202603","b. 9-15","c. avance 40-70%","10","2298.75",
"act","202603","b. 9-15","c. avance 40-70%","11","2798.79",
"act","202603","b. 9-15","c. avance 40-70%","12","842.53",
"act","202603","b. 9-15","c. avance 40-70%","13","2547.7",
"act","202603","b. 9-15","c. avance 40-70%","14","3137.76",
"act","202603","b. 9-15","c. avance 40-70%","15","137.82",
"act","202603","b. 9-15","c. avance 40-70%","16","727.92",
"act","202603","b. 9-15","c. avance 40-70%","17","3711.15",
"act","202603","b. 9-15","c. avance 40-70%","19","1084.39",
"act","202603","b. 9-15","c. avance 40-70%","22","782.22",
"act","202603","b. 9-15","c. avance 40-70%","25","1405.23",
"act","202603","b. 9-15","c. avance 40-70%","26","1519.07",
"base","202603","b. 9-15","d. avance 70%+","-1","10208.41","19"
"act","202603","b. 9-15","d. avance 70%+","1","809.36",
"act","202603","b. 9-15","d. avance 70%+","2","514.74",
"act","202603","b. 9-15","d. avance 70%+","4","876.88",
"act","202603","b. 9-15","d. avance 70%+","7","290.25",
"act","202603","b. 9-15","d. avance 70%+","10","244.18",
"act","202603","b. 9-15","d. avance 70%+","13","664.07",
"act","202603","b. 9-15","d. avance 70%+","14","614.79",
"act","202603","b. 9-15","d. avance 70%+","22","1205.7",
"act","202603","b. 9-15","d. avance 70%+","23","445.29",
"act","202603","b. 9-15","d. avance 70%+","25","205.57",
"act","202603","b. 9-15","d. avance 70%+","31","185.48",
"base","202603","c. 16-30","a. avance <10%","-1","283748.09","105"
"act","202603","c. 16-30","a. avance <10%","1","4470.4",
"act","202603","c. 16-30","a. avance <10%","2","4597.35",
"act","202603","c. 16-30","a. avance <10%","3","1945.6",
"act","202603","c. 16-30","a. avance <10%","4","5099.11",
"act","202603","c. 16-30","a. avance <10%","5","1564.8",
"act","202603","c. 16-30","a. avance <10%","7","1821.6",
"act","202603","c. 16-30","a. avance <10%","9","2832.59",
"act","202603","c. 16-30","a. avance <10%","10","6138.72",
"act","202603","c. 16-30","a. avance <10%","16","4335.62",
"act","202603","c. 16-30","a. avance <10%","17","5966.1",
"act","202603","c. 16-30","a. avance <10%","24","1821.6",
"act","202603","c. 16-30","a. avance <10%","26","5764.0",
"base","202603","c. 16-30","b. avance 10-40%","-1","287520.22","128"
"act","202603","c. 16-30","b. avance 10-40%","1","10997.83",
"act","202603","c. 16-30","b. avance 10-40%","3","7533.46",
"act","202603","c. 16-30","b. avance 10-40%","4","2548.09",
"act","202603","c. 16-30","b. avance 10-40%","5","11600.77",
"act","202603","c. 16-30","b. avance 10-40%","6","2476.34",
"act","202603","c. 16-30","b. avance 10-40%","7","1307.34",
"act","202603","c. 16-30","b. avance 10-40%","8","1628.47",
"act","202603","c. 16-30","b. avance 10-40%","9","6486.78",
"act","202603","c. 16-30","b. avance 10-40%","10","1432.87",
"act","202603","c. 16-30","b. avance 10-40%","12","5548.79",
"act","202603","c. 16-30","b. avance 10-40%","13","20571.31",
"act","202603","c. 16-30","b. avance 10-40%","15","1307.2",
"act","202603","c. 16-30","b. avance 10-40%","16","9610.63",
"act","202603","c. 16-30","b. avance 10-40%","17","3395.95",
"act","202603","c. 16-30","b. avance 10-40%","19","2562.51",
"act","202603","c. 16-30","b. avance 10-40%","21","10026.56",
"act","202603","c. 16-30","b. avance 10-40%","26","439.28",
"act","202603","c. 16-30","b. avance 10-40%","27","4451.53",
"base","202603","c. 16-30","c. avance 40-70%","-1","88965.95","87"
"act","202603","c. 16-30","c. avance 40-70%","1","1083.68",
"act","202603","c. 16-30","c. avance 40-70%","2","6907.02",
"act","202603","c. 16-30","c. avance 40-70%","3","551.63",
"act","202603","c. 16-30","c. avance 40-70%","4","2359.09",
"act","202603","c. 16-30","c. avance 40-70%","5","1693.97",
"act","202603","c. 16-30","c. avance 40-70%","6","1634.95",
"act","202603","c. 16-30","c. avance 40-70%","7","571.09",
"act","202603","c. 16-30","c. avance 40-70%","9","728.72",
"act","202603","c. 16-30","c. avance 40-70%","10","896.38",
"act","202603","c. 16-30","c. avance 40-70%","11","1026.18",
"act","202603","c. 16-30","c. avance 40-70%","12","1676.66",
"act","202603","c. 16-30","c. avance 40-70%","13","194.73",
"act","202603","c. 16-30","c. avance 40-70%","15","674.19",
"act","202603","c. 16-30","c. avance 40-70%","16","2617.11",
"act","202603","c. 16-30","c. avance 40-70%","17","754.45",
"act","202603","c. 16-30","c. avance 40-70%","19","1515.56",
"act","202603","c. 16-30","c. avance 40-70%","20","2665.54",
"act","202603","c. 16-30","c. avance 40-70%","23","1696.22",
"act","202603","c. 16-30","c. avance 40-70%","25","563.33",
"base","202603","c. 16-30","d. avance 70%+","-1","18774.56","43"
"act","202603","c. 16-30","d. avance 70%+","1","709.82",
"act","202603","c. 16-30","d. avance 70%+","2","138.32",
"act","202603","c. 16-30","d. avance 70%+","3","231.14",
"act","202603","c. 16-30","d. avance 70%+","4","226.56",
"act","202603","c. 16-30","d. avance 70%+","5","1019.78",
"act","202603","c. 16-30","d. avance 70%+","7","283.32",
"act","202603","c. 16-30","d. avance 70%+","8","603.94",
"act","202603","c. 16-30","d. avance 70%+","9","545.88",
"act","202603","c. 16-30","d. avance 70%+","10","450.54",
"act","202603","c. 16-30","d. avance 70%+","11","703.59",
"act","202603","c. 16-30","d. avance 70%+","18","1437.31",
"act","202603","c. 16-30","d. avance 70%+","19","183.55",
"act","202603","c. 16-30","d. avance 70%+","20","922.35",
"act","202603","c. 16-30","d. avance 70%+","21","535.36",
"act","202603","c. 16-30","d. avance 70%+","24","276.93",
"act","202603","c. 16-30","d. avance 70%+","27","313.35",
"act","202603","c. 16-30","d. avance 70%+","31","248.76",
"base","202604","a. 1-8","a. avance <10%","-1","695854.64","251"
"act","202604","a. 1-8","a. avance <10%","1","126598.04",
"act","202604","a. 1-8","a. avance <10%","2","20750.14",
"act","202604","a. 1-8","a. avance <10%","3","6051.52",
"act","202604","a. 1-8","a. avance <10%","4","12260.53",
"act","202604","a. 1-8","a. avance <10%","5","3678.87",
"act","202604","a. 1-8","a. avance <10%","6","37726.25",
"act","202604","a. 1-8","a. avance <10%","7","6564.46",
"act","202604","a. 1-8","a. avance <10%","8","42033.87",
"act","202604","a. 1-8","a. avance <10%","9","9474.68",
"act","202604","a. 1-8","a. avance <10%","10","1634.48",
"act","202604","a. 1-8","a. avance <10%","11","5690.29",
"act","202604","a. 1-8","a. avance <10%","12","2782.14",
"act","202604","a. 1-8","a. avance <10%","13","6359.86",
"act","202604","a. 1-8","a. avance <10%","14","3329.96",
"act","202604","a. 1-8","a. avance <10%","15","5866.43",
"act","202604","a. 1-8","a. avance <10%","16","8996.12",
"act","202604","a. 1-8","a. avance <10%","17","4663.8",
"act","202604","a. 1-8","a. avance <10%","18","15097.11",
"act","202604","a. 1-8","a. avance <10%","20","20516.16",
"act","202604","a. 1-8","a. avance <10%","21","8846.39",
"act","202604","a. 1-8","a. avance <10%","22","2099.14",
"act","202604","a. 1-8","a. avance <10%","23","1401.16",
"act","202604","a. 1-8","a. avance <10%","24","6308.57",
"act","202604","a. 1-8","a. avance <10%","25","1955.54",
"act","202604","a. 1-8","a. avance <10%","28","4692.48",
"act","202604","a. 1-8","a. avance <10%","29","18710.12",
"act","202604","a. 1-8","a. avance <10%","30","19493.37",
"base","202604","a. 1-8","b. avance 10-40%","-1","1244465.83","646"
"act","202604","a. 1-8","b. avance 10-40%","1","261641.8",
"act","202604","a. 1-8","b. avance 10-40%","2","82925.47",
"act","202604","a. 1-8","b. avance 10-40%","3","21210.1",
"act","202604","a. 1-8","b. avance 10-40%","4","33754.43",
"act","202604","a. 1-8","b. avance 10-40%","5","32571.09",
"act","202604","a. 1-8","b. avance 10-40%","6","28375.27",
"act","202604","a. 1-8","b. avance 10-40%","7","13511.78",
"act","202604","a. 1-8","b. avance 10-40%","8","36238.75",
"act","202604","a. 1-8","b. avance 10-40%","9","19869.62",
"act","202604","a. 1-8","b. avance 10-40%","10","16607.75",
"act","202604","a. 1-8","b. avance 10-40%","11","10783.48",
"act","202604","a. 1-8","b. avance 10-40%","12","4411.04",
"act","202604","a. 1-8","b. avance 10-40%","13","21839.06",
"act","202604","a. 1-8","b. avance 10-40%","14","17557.61",
"act","202604","a. 1-8","b. avance 10-40%","15","12028.91",
"act","202604","a. 1-8","b. avance 10-40%","16","4618.08",
"act","202604","a. 1-8","b. avance 10-40%","17","19536.49",
"act","202604","a. 1-8","b. avance 10-40%","18","1714.37",
"act","202604","a. 1-8","b. avance 10-40%","19","4991.08",
"act","202604","a. 1-8","b. avance 10-40%","20","19041.88",
"act","202604","a. 1-8","b. avance 10-40%","21","1522.62",
"act","202604","a. 1-8","b. avance 10-40%","22","12290.12",
"act","202604","a. 1-8","b. avance 10-40%","23","6914.91",
"act","202604","a. 1-8","b. avance 10-40%","24","14429.19",
"act","202604","a. 1-8","b. avance 10-40%","25","14038.56",
"act","202604","a. 1-8","b. avance 10-40%","26","13982.45",
"act","202604","a. 1-8","b. avance 10-40%","27","29373.22",
"act","202604","a. 1-8","b. avance 10-40%","28","17385.83",
"act","202604","a. 1-8","b. avance 10-40%","29","31092.97",
"act","202604","a. 1-8","b. avance 10-40%","30","124202.08",
"base","202604","a. 1-8","c. avance 40-70%","-1","564657.82","548"
"act","202604","a. 1-8","c. avance 40-70%","1","103321.75",
"act","202604","a. 1-8","c. avance 40-70%","2","36058.62",
"act","202604","a. 1-8","c. avance 40-70%","3","8307.49",
"act","202604","a. 1-8","c. avance 40-70%","4","7663.4",
"act","202604","a. 1-8","c. avance 40-70%","5","7758.93",
"act","202604","a. 1-8","c. avance 40-70%","6","25985.18",
"act","202604","a. 1-8","c. avance 40-70%","7","10928.92",
"act","202604","a. 1-8","c. avance 40-70%","8","16611.54",
"act","202604","a. 1-8","c. avance 40-70%","9","11678.58",
"act","202604","a. 1-8","c. avance 40-70%","10","10317.35",
"act","202604","a. 1-8","c. avance 40-70%","11","3710.65",
"act","202604","a. 1-8","c. avance 40-70%","13","7617.64",
"act","202604","a. 1-8","c. avance 40-70%","14","4159.83",
"act","202604","a. 1-8","c. avance 40-70%","15","1981.0",
"act","202604","a. 1-8","c. avance 40-70%","16","648.66",
"act","202604","a. 1-8","c. avance 40-70%","17","3525.89",
"act","202604","a. 1-8","c. avance 40-70%","18","2558.23",
"act","202604","a. 1-8","c. avance 40-70%","19","320.84",
"act","202604","a. 1-8","c. avance 40-70%","20","10729.25",
"act","202604","a. 1-8","c. avance 40-70%","21","1816.11",
"act","202604","a. 1-8","c. avance 40-70%","22","1056.88",
"act","202604","a. 1-8","c. avance 40-70%","23","14020.42",
"act","202604","a. 1-8","c. avance 40-70%","24","14623.99",
"act","202604","a. 1-8","c. avance 40-70%","25","682.69",
"act","202604","a. 1-8","c. avance 40-70%","26","7375.07",
"act","202604","a. 1-8","c. avance 40-70%","27","11962.96",
"act","202604","a. 1-8","c. avance 40-70%","28","18472.35",
"act","202604","a. 1-8","c. avance 40-70%","29","19696.13",
"act","202604","a. 1-8","c. avance 40-70%","30","78000.97",
"base","202604","a. 1-8","d. avance 70%+","-1","99327.36","226"
"act","202604","a. 1-8","d. avance 70%+","1","15077.1",
"act","202604","a. 1-8","d. avance 70%+","2","2297.58",
"act","202604","a. 1-8","d. avance 70%+","4","2079.67",
"act","202604","a. 1-8","d. avance 70%+","5","1667.81",
"act","202604","a. 1-8","d. avance 70%+","6","4397.5",
"act","202604","a. 1-8","d. avance 70%+","7","3517.28",
"act","202604","a. 1-8","d. avance 70%+","8","6262.61",
"act","202604","a. 1-8","d. avance 70%+","9","2605.69",
"act","202604","a. 1-8","d. avance 70%+","10","1696.73",
"act","202604","a. 1-8","d. avance 70%+","11","2373.27",
"act","202604","a. 1-8","d. avance 70%+","13","672.91",
"act","202604","a. 1-8","d. avance 70%+","14","3595.94",
"act","202604","a. 1-8","d. avance 70%+","15","356.74",
"act","202604","a. 1-8","d. avance 70%+","17","885.17",
"act","202604","a. 1-8","d. avance 70%+","18","980.76",
"act","202604","a. 1-8","d. avance 70%+","20","1284.76",
"act","202604","a. 1-8","d. avance 70%+","21","768.4",
"act","202604","a. 1-8","d. avance 70%+","22","454.46",
"act","202604","a. 1-8","d. avance 70%+","23","1509.34",
"act","202604","a. 1-8","d. avance 70%+","24","747.7",
"act","202604","a. 1-8","d. avance 70%+","25","2403.94",
"act","202604","a. 1-8","d. avance 70%+","27","2159.95",
"act","202604","a. 1-8","d. avance 70%+","28","5107.33",
"act","202604","a. 1-8","d. avance 70%+","29","2832.45",
"act","202604","a. 1-8","d. avance 70%+","30","8084.7",
"base","202604","b. 9-15","a. avance <10%","-1","210677.57","86"
"act","202604","b. 9-15","a. avance <10%","1","13124.15",
"act","202604","b. 9-15","a. avance <10%","2","5156.51",
"act","202604","b. 9-15","a. avance <10%","3","1864.8",
"act","202604","b. 9-15","a. avance <10%","8","1289.25",
"act","202604","b. 9-15","a. avance <10%","9","5573.14",
"act","202604","b. 9-15","a. avance <10%","11","3915.39",
"act","202604","b. 9-15","a. avance <10%","12","2266.0",
"act","202604","b. 9-15","a. avance <10%","13","2432.63",
"act","202604","b. 9-15","a. avance <10%","14","1734.68",
"act","202604","b. 9-15","a. avance <10%","15","7660.97",
"act","202604","b. 9-15","a. avance <10%","17","871.38",
"act","202604","b. 9-15","a. avance <10%","19","1216.03",
"act","202604","b. 9-15","a. avance <10%","20","1269.8",
"act","202604","b. 9-15","a. avance <10%","21","2979.82",
"act","202604","b. 9-15","a. avance <10%","22","1513.5",
"act","202604","b. 9-15","a. avance <10%","23","2086.61",
"act","202604","b. 9-15","a. avance <10%","28","1545.0",
"act","202604","b. 9-15","a. avance <10%","29","11680.51",
"act","202604","b. 9-15","a. avance <10%","30","1024.7",
"base","202604","b. 9-15","b. avance 10-40%","-1","294464.15","157"
"act","202604","b. 9-15","b. avance 10-40%","1","13897.86",
"act","202604","b. 9-15","b. avance 10-40%","2","6706.26",
"act","202604","b. 9-15","b. avance 10-40%","3","2496.16",
"act","202604","b. 9-15","b. avance 10-40%","4","3602.4",
"act","202604","b. 9-15","b. avance 10-40%","5","4572.6",
"act","202604","b. 9-15","b. avance 10-40%","6","19207.39",
"act","202604","b. 9-15","b. avance 10-40%","7","3429.3",
"act","202604","b. 9-15","b. avance 10-40%","8","7771.5",
"act","202604","b. 9-15","b. avance 10-40%","10","3466.17",
"act","202604","b. 9-15","b. avance 10-40%","11","3165.45",
"act","202604","b. 9-15","b. avance 10-40%","12","1144.12",
"act","202604","b. 9-15","b. avance 10-40%","13","1978.36",
"act","202604","b. 9-15","b. avance 10-40%","14","3976.06",
"act","202604","b. 9-15","b. avance 10-40%","15","7776.12",
"act","202604","b. 9-15","b. avance 10-40%","16","3340.31",
"act","202604","b. 9-15","b. avance 10-40%","17","8756.17",
"act","202604","b. 9-15","b. avance 10-40%","18","3113.76",
"act","202604","b. 9-15","b. avance 10-40%","19","4162.84",
"act","202604","b. 9-15","b. avance 10-40%","20","4041.12",
"act","202604","b. 9-15","b. avance 10-40%","21","4539.3",
"act","202604","b. 9-15","b. avance 10-40%","22","7705.38",
"act","202604","b. 9-15","b. avance 10-40%","23","413.96",
"act","202604","b. 9-15","b. avance 10-40%","24","9841.15",
"act","202604","b. 9-15","b. avance 10-40%","28","1237.24",
"act","202604","b. 9-15","b. avance 10-40%","29","24958.97",
"act","202604","b. 9-15","b. avance 10-40%","30","6375.54",
"base","202604","b. 9-15","c. avance 40-70%","-1","62710.62","73"
"act","202604","b. 9-15","c. avance 40-70%","1","7492.32",
"act","202604","b. 9-15","c. avance 40-70%","2","1266.04",
"act","202604","b. 9-15","c. avance 40-70%","4","1758.1",
"act","202604","b. 9-15","c. avance 40-70%","6","5357.37",
"act","202604","b. 9-15","c. avance 40-70%","7","670.82",
"act","202604","b. 9-15","c. avance 40-70%","8","2793.81",
"act","202604","b. 9-15","c. avance 40-70%","9","1448.21",
"act","202604","b. 9-15","c. avance 40-70%","11","924.97",
"act","202604","b. 9-15","c. avance 40-70%","13","2079.12",
"act","202604","b. 9-15","c. avance 40-70%","15","1751.35",
"act","202604","b. 9-15","c. avance 40-70%","17","1706.47",
"act","202604","b. 9-15","c. avance 40-70%","18","407.72",
"act","202604","b. 9-15","c. avance 40-70%","20","684.16",
"act","202604","b. 9-15","c. avance 40-70%","23","957.55",
"act","202604","b. 9-15","c. avance 40-70%","26","1386.55",
"act","202604","b. 9-15","c. avance 40-70%","29","1245.74",
"act","202604","b. 9-15","c. avance 40-70%","30","799.94",
"base","202604","b. 9-15","d. avance 70%+","-1","12205.28","30"
"act","202604","b. 9-15","d. avance 70%+","1","3233.52",
"act","202604","b. 9-15","d. avance 70%+","3","181.2",
"act","202604","b. 9-15","d. avance 70%+","6","143.39",
"act","202604","b. 9-15","d. avance 70%+","9","244.12",
"act","202604","b. 9-15","d. avance 70%+","14","1110.34",
"act","202604","b. 9-15","d. avance 70%+","15","490.6",
"act","202604","b. 9-15","d. avance 70%+","20","1222.14",
"act","202604","b. 9-15","d. avance 70%+","22","923.52",
"act","202604","b. 9-15","d. avance 70%+","25","518.32",
"act","202604","b. 9-15","d. avance 70%+","28","1000.68",
"act","202604","b. 9-15","d. avance 70%+","30","903.6",
"base","202604","c. 16-30","a. avance <10%","-1","379930.47","150"
"act","202604","c. 16-30","a. avance <10%","1","7773.97",
"act","202604","c. 16-30","a. avance <10%","3","8260.86",
"act","202604","c. 16-30","a. avance <10%","4","3530.85",
"act","202604","c. 16-30","a. avance <10%","5","15579.24",
"act","202604","c. 16-30","a. avance <10%","6","1362.95",
"act","202604","c. 16-30","a. avance <10%","7","3725.07",
"act","202604","c. 16-30","a. avance <10%","8","16504.09",
"act","202604","c. 16-30","a. avance <10%","9","5089.99",
"act","202604","c. 16-30","a. avance <10%","10","550.81",
"act","202604","c. 16-30","a. avance <10%","11","1527.0",
"act","202604","c. 16-30","a. avance <10%","13","2077.83",
"act","202604","c. 16-30","a. avance <10%","14","3098.15",
"act","202604","c. 16-30","a. avance <10%","16","19977.73",
"act","202604","c. 16-30","a. avance <10%","18","2573.99",
"act","202604","c. 16-30","a. avance <10%","20","1581.0",
"act","202604","c. 16-30","a. avance <10%","22","2156.72",
"act","202604","c. 16-30","a. avance <10%","30","3784.76",
"base","202604","c. 16-30","b. avance 10-40%","-1","263857.02","146"
"act","202604","c. 16-30","b. avance 10-40%","1","3264.33",
"act","202604","c. 16-30","b. avance 10-40%","2","3526.53",
"act","202604","c. 16-30","b. avance 10-40%","3","565.83",
"act","202604","c. 16-30","b. avance 10-40%","4","5312.93",
"act","202604","c. 16-30","b. avance 10-40%","5","1389.21",
"act","202604","c. 16-30","b. avance 10-40%","7","5183.68",
"act","202604","c. 16-30","b. avance 10-40%","8","7012.24",
"act","202604","c. 16-30","b. avance 10-40%","9","4029.85",
"act","202604","c. 16-30","b. avance 10-40%","10","10642.78",
"act","202604","c. 16-30","b. avance 10-40%","11","1413.12",
"act","202604","c. 16-30","b. avance 10-40%","12","1272.88",
"act","202604","c. 16-30","b. avance 10-40%","13","1799.22",
"act","202604","c. 16-30","b. avance 10-40%","14","1820.23",
"act","202604","c. 16-30","b. avance 10-40%","15","4411.07",
"act","202604","c. 16-30","b. avance 10-40%","16","2209.16",
"act","202604","c. 16-30","b. avance 10-40%","21","1803.85",
"act","202604","c. 16-30","b. avance 10-40%","22","1747.26",
"act","202604","c. 16-30","b. avance 10-40%","24","1663.49",
"act","202604","c. 16-30","b. avance 10-40%","25","1299.16",
"act","202604","c. 16-30","b. avance 10-40%","26","1057.43",
"act","202604","c. 16-30","b. avance 10-40%","28","4211.38",
"act","202604","c. 16-30","b. avance 10-40%","29","4267.6",
"act","202604","c. 16-30","b. avance 10-40%","30","3503.91",
"base","202604","c. 16-30","c. avance 40-70%","-1","102923.88","97"
"act","202604","c. 16-30","c. avance 40-70%","1","10279.34",
"act","202604","c. 16-30","c. avance 40-70%","2","934.26",
"act","202604","c. 16-30","c. avance 40-70%","4","1294.14",
"act","202604","c. 16-30","c. avance 40-70%","5","180.02",
"act","202604","c. 16-30","c. avance 40-70%","6","1816.48",
"act","202604","c. 16-30","c. avance 40-70%","7","9598.22",
"act","202604","c. 16-30","c. avance 40-70%","8","2964.55",
"act","202604","c. 16-30","c. avance 40-70%","9","841.97",
"act","202604","c. 16-30","c. avance 40-70%","10","1192.66",
"act","202604","c. 16-30","c. avance 40-70%","13","4975.96",
"act","202604","c. 16-30","c. avance 40-70%","14","268.03",
"act","202604","c. 16-30","c. avance 40-70%","15","3908.43",
"act","202604","c. 16-30","c. avance 40-70%","16","1292.41",
"act","202604","c. 16-30","c. avance 40-70%","17","459.53",
"act","202604","c. 16-30","c. avance 40-70%","19","2508.17",
"act","202604","c. 16-30","c. avance 40-70%","21","3492.14",
"act","202604","c. 16-30","c. avance 40-70%","22","1171.22",
"act","202604","c. 16-30","c. avance 40-70%","23","2583.89",
"act","202604","c. 16-30","c. avance 40-70%","24","1156.4",
"act","202604","c. 16-30","c. avance 40-70%","25","1373.65",
"act","202604","c. 16-30","c. avance 40-70%","28","1632.03",
"act","202604","c. 16-30","c. avance 40-70%","29","526.07",
"act","202604","c. 16-30","c. avance 40-70%","30","2392.94",
"base","202604","c. 16-30","d. avance 70%+","-1","10067.95","31"
"act","202604","c. 16-30","d. avance 70%+","1","649.29",
"act","202604","c. 16-30","d. avance 70%+","2","108.91",
"act","202604","c. 16-30","d. avance 70%+","3","285.75",
"act","202604","c. 16-30","d. avance 70%+","4","101.5",
"act","202604","c. 16-30","d. avance 70%+","6","366.41",
"act","202604","c. 16-30","d. avance 70%+","8","1972.81",
"act","202604","c. 16-30","d. avance 70%+","9","660.7",
"act","202604","c. 16-30","d. avance 70%+","10","127.54",
"act","202604","c. 16-30","d. avance 70%+","11","94.09",
"act","202604","c. 16-30","d. avance 70%+","14","480.01",
"act","202604","c. 16-30","d. avance 70%+","17","334.09",
"act","202604","c. 16-30","d. avance 70%+","27","516.48",
"base","202605","a. 1-8","a. avance <10%","-1","575233.25","224"
"act","202605","a. 1-8","a. avance <10%","1","60069.62",
"act","202605","a. 1-8","a. avance <10%","2","52064.07",
"act","202605","a. 1-8","a. avance <10%","3","5379.64",
"act","202605","a. 1-8","a. avance <10%","4","32992.69",
"act","202605","a. 1-8","a. avance <10%","5","33049.88",
"act","202605","a. 1-8","a. avance <10%","6","11096.4",
"act","202605","a. 1-8","a. avance <10%","7","18689.53",
"act","202605","a. 1-8","a. avance <10%","8","13891.75",
"act","202605","a. 1-8","a. avance <10%","9","2156.86",
"act","202605","a. 1-8","a. avance <10%","10","3740.17",
"act","202605","a. 1-8","a. avance <10%","11","4574.92",
"act","202605","a. 1-8","a. avance <10%","12","3159.44",
"act","202605","a. 1-8","a. avance <10%","13","4023.39",
"act","202605","a. 1-8","a. avance <10%","14","3392.03",
"act","202605","a. 1-8","a. avance <10%","15","8173.99",
"act","202605","a. 1-8","a. avance <10%","18","5467.23",
"act","202605","a. 1-8","a. avance <10%","19","8001.89",
"act","202605","a. 1-8","a. avance <10%","20","3827.32",
"act","202605","a. 1-8","a. avance <10%","21","3638.95",
"act","202605","a. 1-8","a. avance <10%","22","1545.0",
"act","202605","a. 1-8","a. avance <10%","23","1921.16",
"act","202605","a. 1-8","a. avance <10%","25","3970.9",
"act","202605","a. 1-8","a. avance <10%","26","3000.78",
"act","202605","a. 1-8","a. avance <10%","27","6490.79",
"act","202605","a. 1-8","a. avance <10%","28","13417.68",
"act","202605","a. 1-8","a. avance <10%","29","39587.25",
"act","202605","a. 1-8","a. avance <10%","30","18333.47",
"act","202605","a. 1-8","a. avance <10%","31","3326.99",
"base","202605","a. 1-8","b. avance 10-40%","-1","782956.49","440"
"act","202605","a. 1-8","b. avance 10-40%","1","65635.41",
"act","202605","a. 1-8","b. avance 10-40%","2","71300.15",
"act","202605","a. 1-8","b. avance 10-40%","3","31058.57",
"act","202605","a. 1-8","b. avance 10-40%","4","39383.0",
"act","202605","a. 1-8","b. avance 10-40%","5","31661.1",
"act","202605","a. 1-8","b. avance 10-40%","6","10086.07",
"act","202605","a. 1-8","b. avance 10-40%","7","23389.01",
"act","202605","a. 1-8","b. avance 10-40%","8","11729.32",
"act","202605","a. 1-8","b. avance 10-40%","9","25447.4",
"act","202605","a. 1-8","b. avance 10-40%","10","2281.85",
"act","202605","a. 1-8","b. avance 10-40%","11","15791.77",
"act","202605","a. 1-8","b. avance 10-40%","12","3584.55",
"act","202605","a. 1-8","b. avance 10-40%","13","31055.31",
"act","202605","a. 1-8","b. avance 10-40%","14","10581.41",
"act","202605","a. 1-8","b. avance 10-40%","15","24942.12",
"act","202605","a. 1-8","b. avance 10-40%","16","14583.17",
"act","202605","a. 1-8","b. avance 10-40%","17","527.86",
"act","202605","a. 1-8","b. avance 10-40%","18","5758.72",
"act","202605","a. 1-8","b. avance 10-40%","19","19165.18",
"act","202605","a. 1-8","b. avance 10-40%","20","13914.19",
"act","202605","a. 1-8","b. avance 10-40%","21","7508.95",
"act","202605","a. 1-8","b. avance 10-40%","22","9752.86",
"act","202605","a. 1-8","b. avance 10-40%","23","7333.06",
"act","202605","a. 1-8","b. avance 10-40%","24","755.87",
"act","202605","a. 1-8","b. avance 10-40%","25","10598.19",
"act","202605","a. 1-8","b. avance 10-40%","26","18795.17",
"act","202605","a. 1-8","b. avance 10-40%","27","24437.7",
"act","202605","a. 1-8","b. avance 10-40%","28","18338.57",
"act","202605","a. 1-8","b. avance 10-40%","29","56901.03",
"act","202605","a. 1-8","b. avance 10-40%","30","28134.14",
"act","202605","a. 1-8","b. avance 10-40%","31","10941.32",
"base","202605","a. 1-8","c. avance 40-70%","-1","301583.66","343"
"act","202605","a. 1-8","c. avance 40-70%","1","31626.04",
"act","202605","a. 1-8","c. avance 40-70%","2","36735.69",
"act","202605","a. 1-8","c. avance 40-70%","3","12284.96",
"act","202605","a. 1-8","c. avance 40-70%","4","31524.51",
"act","202605","a. 1-8","c. avance 40-70%","5","10445.09",
"act","202605","a. 1-8","c. avance 40-70%","6","13616.13",
"act","202605","a. 1-8","c. avance 40-70%","7","5906.84",
"act","202605","a. 1-8","c. avance 40-70%","8","8312.31",
"act","202605","a. 1-8","c. avance 40-70%","9","1755.31",
"act","202605","a. 1-8","c. avance 40-70%","11","2302.98",
"act","202605","a. 1-8","c. avance 40-70%","12","3423.45",
"act","202605","a. 1-8","c. avance 40-70%","13","4419.41",
"act","202605","a. 1-8","c. avance 40-70%","14","2931.85",
"act","202605","a. 1-8","c. avance 40-70%","15","3455.18",
"act","202605","a. 1-8","c. avance 40-70%","16","3802.74",
"act","202605","a. 1-8","c. avance 40-70%","18","3726.12",
"act","202605","a. 1-8","c. avance 40-70%","19","5447.56",
"act","202605","a. 1-8","c. avance 40-70%","20","4313.7",
"act","202605","a. 1-8","c. avance 40-70%","21","1822.1",
"act","202605","a. 1-8","c. avance 40-70%","22","1641.4",
"act","202605","a. 1-8","c. avance 40-70%","23","97.84",
"act","202605","a. 1-8","c. avance 40-70%","24","1784.61",
"act","202605","a. 1-8","c. avance 40-70%","25","3728.9",
"act","202605","a. 1-8","c. avance 40-70%","26","3598.68",
"act","202605","a. 1-8","c. avance 40-70%","27","2709.28",
"act","202605","a. 1-8","c. avance 40-70%","28","6810.62",
"act","202605","a. 1-8","c. avance 40-70%","29","21293.54",
"act","202605","a. 1-8","c. avance 40-70%","30","12737.94",
"act","202605","a. 1-8","c. avance 40-70%","31","5743.42",
"base","202605","a. 1-8","d. avance 70%+","-1","53635.05","127"
"act","202605","a. 1-8","d. avance 70%+","1","5379.83",
"act","202605","a. 1-8","d. avance 70%+","2","4396.26",
"act","202605","a. 1-8","d. avance 70%+","3","1194.52",
"act","202605","a. 1-8","d. avance 70%+","4","4587.35",
"act","202605","a. 1-8","d. avance 70%+","5","2126.72",
"act","202605","a. 1-8","d. avance 70%+","6","1873.56",
"act","202605","a. 1-8","d. avance 70%+","7","486.65",
"act","202605","a. 1-8","d. avance 70%+","8","2053.85",
"act","202605","a. 1-8","d. avance 70%+","10","875.97",
"act","202605","a. 1-8","d. avance 70%+","11","1278.8",
"act","202605","a. 1-8","d. avance 70%+","12","3164.73",
"act","202605","a. 1-8","d. avance 70%+","13","427.81",
"act","202605","a. 1-8","d. avance 70%+","14","311.72",
"act","202605","a. 1-8","d. avance 70%+","15","1185.88",
"act","202605","a. 1-8","d. avance 70%+","16","405.17",
"act","202605","a. 1-8","d. avance 70%+","19","308.32",
"act","202605","a. 1-8","d. avance 70%+","20","2825.57",
"act","202605","a. 1-8","d. avance 70%+","21","168.77",
"act","202605","a. 1-8","d. avance 70%+","22","745.3",
"act","202605","a. 1-8","d. avance 70%+","23","730.57",
"act","202605","a. 1-8","d. avance 70%+","25","389.79",
"act","202605","a. 1-8","d. avance 70%+","26","193.68",
"act","202605","a. 1-8","d. avance 70%+","27","579.28",
"act","202605","a. 1-8","d. avance 70%+","28","879.42",
"act","202605","a. 1-8","d. avance 70%+","29","1218.86",
"act","202605","a. 1-8","d. avance 70%+","30","6856.09",
"act","202605","a. 1-8","d. avance 70%+","31","490.99",
"base","202605","b. 9-15","a. avance <10%","-1","251755.25","104"
"act","202605","b. 9-15","a. avance <10%","1","14714.79",
"act","202605","b. 9-15","a. avance <10%","2","11449.14",
"act","202605","b. 9-15","a. avance <10%","4","9933.09",
"act","202605","b. 9-15","a. avance <10%","5","10458.49",
"act","202605","b. 9-15","a. avance <10%","7","1567.5",
"act","202605","b. 9-15","a. avance <10%","8","9666.1",
"act","202605","b. 9-15","a. avance <10%","9","1768.45",
"act","202605","b. 9-15","a. avance <10%","10","1036.0",
"act","202605","b. 9-15","a. avance <10%","11","2773.41",
"act","202605","b. 9-15","a. avance <10%","12","982.41",
"act","202605","b. 9-15","a. avance <10%","14","5077.93",
"act","202605","b. 9-15","a. avance <10%","15","1686.3",
"act","202605","b. 9-15","a. avance <10%","16","4707.34",
"act","202605","b. 9-15","a. avance <10%","17","12602.72",
"act","202605","b. 9-15","a. avance <10%","21","3445.43",
"act","202605","b. 9-15","a. avance <10%","25","1490.77",
"act","202605","b. 9-15","a. avance <10%","26","421.9",
"act","202605","b. 9-15","a. avance <10%","29","1286.47",
"base","202605","b. 9-15","b. avance 10-40%","-1","243927.59","140"
"act","202605","b. 9-15","b. avance 10-40%","1","9923.57",
"act","202605","b. 9-15","b. avance 10-40%","2","13866.27",
"act","202605","b. 9-15","b. avance 10-40%","3","1790.7",
"act","202605","b. 9-15","b. avance 10-40%","4","12464.05",
"act","202605","b. 9-15","b. avance 10-40%","5","6301.36",
"act","202605","b. 9-15","b. avance 10-40%","6","21462.19",
"act","202605","b. 9-15","b. avance 10-40%","7","998.18",
"act","202605","b. 9-15","b. avance 10-40%","8","6488.03",
"act","202605","b. 9-15","b. avance 10-40%","9","1201.46",
"act","202605","b. 9-15","b. avance 10-40%","10","2026.04",
"act","202605","b. 9-15","b. avance 10-40%","11","2387.35",
"act","202605","b. 9-15","b. avance 10-40%","12","3814.06",
"act","202605","b. 9-15","b. avance 10-40%","13","14531.07",
"act","202605","b. 9-15","b. avance 10-40%","14","12206.99",
"act","202605","b. 9-15","b. avance 10-40%","15","3415.05",
"act","202605","b. 9-15","b. avance 10-40%","16","4612.04",
"act","202605","b. 9-15","b. avance 10-40%","17","1798.71",
"act","202605","b. 9-15","b. avance 10-40%","18","9973.64",
"act","202605","b. 9-15","b. avance 10-40%","19","1160.81",
"act","202605","b. 9-15","b. avance 10-40%","20","7564.76",
"act","202605","b. 9-15","b. avance 10-40%","21","707.5",
"act","202605","b. 9-15","b. avance 10-40%","22","2301.68",
"act","202605","b. 9-15","b. avance 10-40%","25","3300.05",
"act","202605","b. 9-15","b. avance 10-40%","28","1541.35",
"act","202605","b. 9-15","b. avance 10-40%","29","3797.88",
"act","202605","b. 9-15","b. avance 10-40%","30","921.36",
"act","202605","b. 9-15","b. avance 10-40%","31","2388.75",
"base","202605","b. 9-15","c. avance 40-70%","-1","90164.83","91"
"act","202605","b. 9-15","c. avance 40-70%","1","5170.77",
"act","202605","b. 9-15","c. avance 40-70%","2","7309.66",
"act","202605","b. 9-15","c. avance 40-70%","3","265.25",
"act","202605","b. 9-15","c. avance 40-70%","4","5500.15",
"act","202605","b. 9-15","c. avance 40-70%","5","4149.02",
"act","202605","b. 9-15","c. avance 40-70%","6","260.07",
"act","202605","b. 9-15","c. avance 40-70%","7","2774.63",
"act","202605","b. 9-15","c. avance 40-70%","8","2148.94",
"act","202605","b. 9-15","c. avance 40-70%","9","1114.74",
"act","202605","b. 9-15","c. avance 40-70%","10","2737.71",
"act","202605","b. 9-15","c. avance 40-70%","11","1183.21",
"act","202605","b. 9-15","c. avance 40-70%","12","3845.01",
"act","202605","b. 9-15","c. avance 40-70%","13","2508.92",
"act","202605","b. 9-15","c. avance 40-70%","15","3402.9",
"act","202605","b. 9-15","c. avance 40-70%","16","1165.0",
"act","202605","b. 9-15","c. avance 40-70%","17","1746.81",
"act","202605","b. 9-15","c. avance 40-70%","18","1370.23",
"act","202605","b. 9-15","c. avance 40-70%","19","694.93",
"act","202605","b. 9-15","c. avance 40-70%","20","1390.54",
"act","202605","b. 9-15","c. avance 40-70%","21","1790.08",
"act","202605","b. 9-15","c. avance 40-70%","24","407.62",
"act","202605","b. 9-15","c. avance 40-70%","25","1685.3",
"act","202605","b. 9-15","c. avance 40-70%","26","1989.04",
"act","202605","b. 9-15","c. avance 40-70%","27","1466.71",
"act","202605","b. 9-15","c. avance 40-70%","29","1454.86",
"act","202605","b. 9-15","c. avance 40-70%","30","1972.79",
"base","202605","b. 9-15","d. avance 70%+","-1","13783.71","28"
"act","202605","b. 9-15","d. avance 70%+","1","479.68",
"act","202605","b. 9-15","d. avance 70%+","4","1617.81",
"act","202605","b. 9-15","d. avance 70%+","5","929.79",
"act","202605","b. 9-15","d. avance 70%+","6","624.96",
"act","202605","b. 9-15","d. avance 70%+","7","214.04",
"act","202605","b. 9-15","d. avance 70%+","11","341.92",
"act","202605","b. 9-15","d. avance 70%+","13","812.08",
"act","202605","b. 9-15","d. avance 70%+","15","711.34",
"act","202605","b. 9-15","d. avance 70%+","19","1252.68",
"act","202605","b. 9-15","d. avance 70%+","21","866.44",
"act","202605","b. 9-15","d. avance 70%+","25","416.72",
"act","202605","b. 9-15","d. avance 70%+","29","302.07",
"act","202605","b. 9-15","d. avance 70%+","30","279.71",
"base","202605","c. 16-30","a. avance <10%","-1","367549.11","139"
"act","202605","c. 16-30","a. avance <10%","1","7030.38",
"act","202605","c. 16-30","a. avance <10%","2","2253.64",
"act","202605","c. 16-30","a. avance <10%","3","1527.0",
"act","202605","c. 16-30","a. avance <10%","4","7453.45",
"act","202605","c. 16-30","a. avance <10%","5","604.39",
"act","202605","c. 16-30","a. avance <10%","6","15781.91",
"act","202605","c. 16-30","a. avance <10%","7","1462.04",
"act","202605","c. 16-30","a. avance <10%","8","13285.21",
"act","202605","c. 16-30","a. avance <10%","9","4985.77",
"act","202605","c. 16-30","a. avance <10%","11","2026.58",
"act","202605","c. 16-30","a. avance <10%","12","3614.83",
"act","202605","c. 16-30","a. avance <10%","13","4870.89",
"act","202605","c. 16-30","a. avance <10%","15","391.9",
"act","202605","c. 16-30","a. avance <10%","16","3458.74",
"act","202605","c. 16-30","a. avance <10%","17","1803.2",
"act","202605","c. 16-30","a. avance <10%","18","803.2",
"act","202605","c. 16-30","a. avance <10%","20","1456.65",
"act","202605","c. 16-30","a. avance <10%","22","1142.95",
"act","202605","c. 16-30","a. avance <10%","23","1057.43",
"act","202605","c. 16-30","a. avance <10%","25","3135.0",
"act","202605","c. 16-30","a. avance <10%","26","2785.97",
"act","202605","c. 16-30","a. avance <10%","27","2072.0",
"base","202605","c. 16-30","b. avance 10-40%","-1","333045.52","172"
"act","202605","c. 16-30","b. avance 10-40%","1","13514.94",
"act","202605","c. 16-30","b. avance 10-40%","4","17234.44",
"act","202605","c. 16-30","b. avance 10-40%","5","8454.41",
"act","202605","c. 16-30","b. avance 10-40%","6","2372.75",
"act","202605","c. 16-30","b. avance 10-40%","8","9881.17",
"act","202605","c. 16-30","b. avance 10-40%","9","2053.71",
"act","202605","c. 16-30","b. avance 10-40%","11","8505.06",
"act","202605","c. 16-30","b. avance 10-40%","12","5148.42",
"act","202605","c. 16-30","b. avance 10-40%","13","3504.64",
"act","202605","c. 16-30","b. avance 10-40%","14","865.97",
"act","202605","c. 16-30","b. avance 10-40%","15","3947.99",
"act","202605","c. 16-30","b. avance 10-40%","16","11843.63",
"act","202605","c. 16-30","b. avance 10-40%","17","4129.67",
"act","202605","c. 16-30","b. avance 10-40%","18","8923.21",
"act","202605","c. 16-30","b. avance 10-40%","19","5698.55",
"act","202605","c. 16-30","b. avance 10-40%","20","6930.81",
"act","202605","c. 16-30","b. avance 10-40%","21","5709.15",
"act","202605","c. 16-30","b. avance 10-40%","26","15846.7",
"act","202605","c. 16-30","b. avance 10-40%","30","4482.3",
"act","202605","c. 16-30","b. avance 10-40%","31","1977.13",
"base","202605","c. 16-30","c. avance 40-70%","-1","120654.94","102"
"act","202605","c. 16-30","c. avance 40-70%","1","7020.7",
"act","202605","c. 16-30","c. avance 40-70%","2","694.89",
"act","202605","c. 16-30","c. avance 40-70%","3","8458.76",
"act","202605","c. 16-30","c. avance 40-70%","4","2486.63",
"act","202605","c. 16-30","c. avance 40-70%","5","1417.41",
"act","202605","c. 16-30","c. avance 40-70%","6","2266.35",
"act","202605","c. 16-30","c. avance 40-70%","8","963.57",
"act","202605","c. 16-30","c. avance 40-70%","9","1376.66",
"act","202605","c. 16-30","c. avance 40-70%","11","1119.73",
"act","202605","c. 16-30","c. avance 40-70%","12","2909.28",
"act","202605","c. 16-30","c. avance 40-70%","13","1787.02",
"act","202605","c. 16-30","c. avance 40-70%","14","3368.82",
"act","202605","c. 16-30","c. avance 40-70%","15","2684.89",
"act","202605","c. 16-30","c. avance 40-70%","16","3951.25",
"act","202605","c. 16-30","c. avance 40-70%","17","1032.8",
"act","202605","c. 16-30","c. avance 40-70%","18","880.27",
"act","202605","c. 16-30","c. avance 40-70%","19","2378.81",
"act","202605","c. 16-30","c. avance 40-70%","21","1580.29",
"act","202605","c. 16-30","c. avance 40-70%","23","137.58",
"act","202605","c. 16-30","c. avance 40-70%","26","1915.25",
"act","202605","c. 16-30","c. avance 40-70%","27","450.73",
"act","202605","c. 16-30","c. avance 40-70%","28","1679.28",
"act","202605","c. 16-30","c. avance 40-70%","29","3435.96",
"base","202605","c. 16-30","d. avance 70%+","-1","14522.47","35"
"act","202605","c. 16-30","d. avance 70%+","1","142.29",
"act","202605","c. 16-30","d. avance 70%+","4","951.06",
"act","202605","c. 16-30","d. avance 70%+","5","213.68",
"act","202605","c. 16-30","d. avance 70%+","6","551.76",
"act","202605","c. 16-30","d. avance 70%+","8","264.62",
"act","202605","c. 16-30","d. avance 70%+","12","807.83",
"act","202605","c. 16-30","d. avance 70%+","13","808.1",
"act","202605","c. 16-30","d. avance 70%+","15","150.0",
"act","202605","c. 16-30","d. avance 70%+","16","513.61",
"act","202605","c. 16-30","d. avance 70%+","18","531.21",
"act","202605","c. 16-30","d. avance 70%+","22","1387.23",
"act","202605","c. 16-30","d. avance 70%+","28","1247.18",
"act","202605","c. 16-30","d. avance 70%+","29","258.39",
"base","202606","a. 1-8","a. avance <10%","-1","952987.28","382"
"act","202606","a. 1-8","a. avance <10%","1","194694.93",
"act","202606","a. 1-8","a. avance <10%","2","122658.18",
"act","202606","a. 1-8","a. avance <10%","3","66232.46",
"act","202606","a. 1-8","a. avance <10%","4","46807.7",
"act","202606","a. 1-8","a. avance <10%","5","16798.04",
"act","202606","a. 1-8","a. avance <10%","6","15167.29",
"act","202606","a. 1-8","a. avance <10%","7","2663.77",
"act","202606","a. 1-8","a. avance <10%","8","11228.21",
"act","202606","a. 1-8","a. avance <10%","9","5855.13",
"act","202606","a. 1-8","a. avance <10%","10","18614.57",
"act","202606","a. 1-8","a. avance <10%","11","9034.3",
"act","202606","a. 1-8","a. avance <10%","12","3790.77",
"act","202606","a. 1-8","a. avance <10%","13","4087.01",
"act","202606","a. 1-8","a. avance <10%","14","117.9",
"act","202606","a. 1-8","a. avance <10%","15","22617.76",
"act","202606","a. 1-8","a. avance <10%","16","30251.63",
"act","202606","a. 1-8","a. avance <10%","17","16170.22",
"act","202606","a. 1-8","a. avance <10%","18","4435.85",
"act","202606","a. 1-8","a. avance <10%","19","6010.76",
"act","202606","a. 1-8","a. avance <10%","20","2868.08",
"act","202606","a. 1-8","a. avance <10%","21","1949.89",
"act","202606","a. 1-8","a. avance <10%","22","250.9",
"act","202606","a. 1-8","a. avance <10%","23","1952.33",
"act","202606","a. 1-8","a. avance <10%","25","1323.4",
"act","202606","a. 1-8","a. avance <10%","26","810.67",
"act","202606","a. 1-8","a. avance <10%","27","3962.67",
"act","202606","a. 1-8","a. avance <10%","28","6363.83",
"act","202606","a. 1-8","a. avance <10%","29","2977.53",
"act","202606","a. 1-8","a. avance <10%","30","11718.72",
"base","202606","a. 1-8","b. avance 10-40%","-1","1285886.76","642"
"act","202606","a. 1-8","b. avance 10-40%","1","261863.77",
"act","202606","a. 1-8","b. avance 10-40%","2","129900.08",
"act","202606","a. 1-8","b. avance 10-40%","3","95881.62",
"act","202606","a. 1-8","b. avance 10-40%","4","48495.14",
"act","202606","a. 1-8","b. avance 10-40%","5","38200.4",
"act","202606","a. 1-8","b. avance 10-40%","6","15329.42",
"act","202606","a. 1-8","b. avance 10-40%","7","15440.57",
"act","202606","a. 1-8","b. avance 10-40%","8","15877.72",
"act","202606","a. 1-8","b. avance 10-40%","9","9450.27",
"act","202606","a. 1-8","b. avance 10-40%","10","6485.34",
"act","202606","a. 1-8","b. avance 10-40%","11","19989.79",
"act","202606","a. 1-8","b. avance 10-40%","12","22412.22",
"act","202606","a. 1-8","b. avance 10-40%","13","10808.6",
"act","202606","a. 1-8","b. avance 10-40%","14","2393.56",
"act","202606","a. 1-8","b. avance 10-40%","15","15572.36",
"act","202606","a. 1-8","b. avance 10-40%","16","14900.71",
"act","202606","a. 1-8","b. avance 10-40%","17","8883.31",
"act","202606","a. 1-8","b. avance 10-40%","18","4146.68",
"act","202606","a. 1-8","b. avance 10-40%","19","11965.35",
"act","202606","a. 1-8","b. avance 10-40%","20","2582.0",
"act","202606","a. 1-8","b. avance 10-40%","21","3400.89",
"act","202606","a. 1-8","b. avance 10-40%","22","19308.52",
"act","202606","a. 1-8","b. avance 10-40%","23","6523.37",
"act","202606","a. 1-8","b. avance 10-40%","24","7469.57",
"act","202606","a. 1-8","b. avance 10-40%","25","7260.79",
"act","202606","a. 1-8","b. avance 10-40%","26","23775.37",
"act","202606","a. 1-8","b. avance 10-40%","27","25154.29",
"act","202606","a. 1-8","b. avance 10-40%","28","14144.86",
"act","202606","a. 1-8","b. avance 10-40%","29","16566.05",
"act","202606","a. 1-8","b. avance 10-40%","30","67808.35",
"base","202606","a. 1-8","c. avance 40-70%","-1","470657.7","479"
"act","202606","a. 1-8","c. avance 40-70%","1","106975.13",
"act","202606","a. 1-8","c. avance 40-70%","2","46052.55",
"act","202606","a. 1-8","c. avance 40-70%","3","33443.56",
"act","202606","a. 1-8","c. avance 40-70%","4","13792.08",
"act","202606","a. 1-8","c. avance 40-70%","5","27147.15",
"act","202606","a. 1-8","c. avance 40-70%","6","9032.74",
"act","202606","a. 1-8","c. avance 40-70%","7","3052.32",
"act","202606","a. 1-8","c. avance 40-70%","8","6715.15",
"act","202606","a. 1-8","c. avance 40-70%","9","10720.56",
"act","202606","a. 1-8","c. avance 40-70%","10","6029.47",
"act","202606","a. 1-8","c. avance 40-70%","11","8821.93",
"act","202606","a. 1-8","c. avance 40-70%","12","3161.73",
"act","202606","a. 1-8","c. avance 40-70%","13","7927.0",
"act","202606","a. 1-8","c. avance 40-70%","14","1380.61",
"act","202606","a. 1-8","c. avance 40-70%","15","16949.55",
"act","202606","a. 1-8","c. avance 40-70%","16","5874.07",
"act","202606","a. 1-8","c. avance 40-70%","17","3803.5",
"act","202606","a. 1-8","c. avance 40-70%","18","3173.22",
"act","202606","a. 1-8","c. avance 40-70%","19","7275.34",
"act","202606","a. 1-8","c. avance 40-70%","20","300.67",
"act","202606","a. 1-8","c. avance 40-70%","21","1068.66",
"act","202606","a. 1-8","c. avance 40-70%","22","7670.46",
"act","202606","a. 1-8","c. avance 40-70%","23","2739.54",
"act","202606","a. 1-8","c. avance 40-70%","24","1899.78",
"act","202606","a. 1-8","c. avance 40-70%","25","2190.63",
"act","202606","a. 1-8","c. avance 40-70%","26","4311.12",
"act","202606","a. 1-8","c. avance 40-70%","27","10872.84",
"act","202606","a. 1-8","c. avance 40-70%","28","3038.84",
"act","202606","a. 1-8","c. avance 40-70%","29","3284.43",
"act","202606","a. 1-8","c. avance 40-70%","30","35754.4",
"base","202606","a. 1-8","d. avance 70%+","-1","83336.19","196"
"act","202606","a. 1-8","d. avance 70%+","1","17656.27",
"act","202606","a. 1-8","d. avance 70%+","2","13254.49",
"act","202606","a. 1-8","d. avance 70%+","3","8481.67",
"act","202606","a. 1-8","d. avance 70%+","4","4289.42",
"act","202606","a. 1-8","d. avance 70%+","5","826.31",
"act","202606","a. 1-8","d. avance 70%+","6","347.05",
"act","202606","a. 1-8","d. avance 70%+","7","270.25",
"act","202606","a. 1-8","d. avance 70%+","8","992.41",
"act","202606","a. 1-8","d. avance 70%+","9","2390.91",
"act","202606","a. 1-8","d. avance 70%+","10","757.57",
"act","202606","a. 1-8","d. avance 70%+","11","2635.39",
"act","202606","a. 1-8","d. avance 70%+","12","952.05",
"act","202606","a. 1-8","d. avance 70%+","13","903.48",
"act","202606","a. 1-8","d. avance 70%+","14","1110.53",
"act","202606","a. 1-8","d. avance 70%+","15","841.31",
"act","202606","a. 1-8","d. avance 70%+","16","531.35",
"act","202606","a. 1-8","d. avance 70%+","17","522.66",
"act","202606","a. 1-8","d. avance 70%+","18","1000.1",
"act","202606","a. 1-8","d. avance 70%+","19","239.99",
"act","202606","a. 1-8","d. avance 70%+","22","223.18",
"act","202606","a. 1-8","d. avance 70%+","24","291.26",
"act","202606","a. 1-8","d. avance 70%+","25","1152.68",
"act","202606","a. 1-8","d. avance 70%+","26","958.44",
"act","202606","a. 1-8","d. avance 70%+","27","529.28",
"act","202606","a. 1-8","d. avance 70%+","28","304.41",
"act","202606","a. 1-8","d. avance 70%+","30","5067.37",
"base","202606","b. 9-15","a. avance <10%","-1","216421.52","86"
"act","202606","b. 9-15","a. avance <10%","1","13557.73",
"act","202606","b. 9-15","a. avance <10%","2","3043.93",
"act","202606","b. 9-15","a. avance <10%","5","1545.0",
"act","202606","b. 9-15","a. avance <10%","6","5272.8",
"act","202606","b. 9-15","a. avance <10%","9","1136.83",
"act","202606","b. 9-15","a. avance <10%","10","2081.98",
"act","202606","b. 9-15","a. avance <10%","11","14053.73",
"act","202606","b. 9-15","a. avance <10%","12","1874.59",
"act","202606","b. 9-15","a. avance <10%","16","3845.93",
"act","202606","b. 9-15","a. avance <10%","17","1119.22",
"act","202606","b. 9-15","a. avance <10%","19","822.97",
"act","202606","b. 9-15","a. avance <10%","21","1622.57",
"act","202606","b. 9-15","a. avance <10%","22","402.9",
"act","202606","b. 9-15","a. avance <10%","23","823.34",
"act","202606","b. 9-15","a. avance <10%","25","162.9",
"act","202606","b. 9-15","a. avance <10%","27","1437.18",
"act","202606","b. 9-15","a. avance <10%","29","2078.98",
"base","202606","b. 9-15","b. avance 10-40%","-1","273198.05","142"
"act","202606","b. 9-15","b. avance 10-40%","1","17170.93",
"act","202606","b. 9-15","b. avance 10-40%","2","14041.4",
"act","202606","b. 9-15","b. avance 10-40%","3","7886.15",
"act","202606","b. 9-15","b. avance 10-40%","4","7081.26",
"act","202606","b. 9-15","b. avance 10-40%","5","7060.29",
"act","202606","b. 9-15","b. avance 10-40%","6","3326.97",
"act","202606","b. 9-15","b. avance 10-40%","8","13107.56",
"act","202606","b. 9-15","b. avance 10-40%","9","11401.39",
"act","202606","b. 9-15","b. avance 10-40%","10","14513.5",
"act","202606","b. 9-15","b. avance 10-40%","11","1219.9",
"act","202606","b. 9-15","b. avance 10-40%","12","15027.24",
"act","202606","b. 9-15","b. avance 10-40%","14","2105.59",
"act","202606","b. 9-15","b. avance 10-40%","15","1954.34",
"act","202606","b. 9-15","b. avance 10-40%","18","12349.83",
"act","202606","b. 9-15","b. avance 10-40%","19","4042.96",
"act","202606","b. 9-15","b. avance 10-40%","20","4250.37",
"act","202606","b. 9-15","b. avance 10-40%","22","6539.85",
"act","202606","b. 9-15","b. avance 10-40%","23","1195.15",
"act","202606","b. 9-15","b. avance 10-40%","24","5321.46",
"act","202606","b. 9-15","b. avance 10-40%","25","4949.11",
"act","202606","b. 9-15","b. avance 10-40%","27","2254.25",
"act","202606","b. 9-15","b. avance 10-40%","30","1507.71",
"base","202606","b. 9-15","c. avance 40-70%","-1","77353.55","86"
"act","202606","b. 9-15","c. avance 40-70%","1","6251.5",
"act","202606","b. 9-15","c. avance 40-70%","2","5712.44",
"act","202606","b. 9-15","c. avance 40-70%","3","3700.12",
"act","202606","b. 9-15","c. avance 40-70%","4","2020.18",
"act","202606","b. 9-15","c. avance 40-70%","5","3706.35",
"act","202606","b. 9-15","c. avance 40-70%","6","4092.7",
"act","202606","b. 9-15","c. avance 40-70%","7","3427.92",
"act","202606","b. 9-15","c. avance 40-70%","8","1065.04",
"act","202606","b. 9-15","c. avance 40-70%","9","546.45",
"act","202606","b. 9-15","c. avance 40-70%","10","596.32",
"act","202606","b. 9-15","c. avance 40-70%","11","563.28",
"act","202606","b. 9-15","c. avance 40-70%","13","1584.67",
"act","202606","b. 9-15","c. avance 40-70%","14","1565.17",
"act","202606","b. 9-15","c. avance 40-70%","15","771.05",
"act","202606","b. 9-15","c. avance 40-70%","16","3461.14",
"act","202606","b. 9-15","c. avance 40-70%","18","950.54",
"act","202606","b. 9-15","c. avance 40-70%","19","1291.33",
"act","202606","b. 9-15","c. avance 40-70%","22","1340.79",
"act","202606","b. 9-15","c. avance 40-70%","23","1211.69",
"act","202606","b. 9-15","c. avance 40-70%","27","199.82",
"act","202606","b. 9-15","c. avance 40-70%","28","1461.78",
"act","202606","b. 9-15","c. avance 40-70%","30","1703.38",
"base","202606","b. 9-15","d. avance 70%+","-1","11477.01","26"
"act","202606","b. 9-15","d. avance 70%+","3","2281.69",
"act","202606","b. 9-15","d. avance 70%+","5","561.07",
"act","202606","b. 9-15","d. avance 70%+","6","795.95",
"act","202606","b. 9-15","d. avance 70%+","7","344.27",
"act","202606","b. 9-15","d. avance 70%+","9","355.41",
"act","202606","b. 9-15","d. avance 70%+","12","387.57",
"act","202606","b. 9-15","d. avance 70%+","14","341.96",
"act","202606","b. 9-15","d. avance 70%+","15","329.6",
"act","202606","b. 9-15","d. avance 70%+","16","890.99",
"act","202606","b. 9-15","d. avance 70%+","20","1168.2",
"act","202606","b. 9-15","d. avance 70%+","24","128.71",
"act","202606","b. 9-15","d. avance 70%+","26","362.71",
"act","202606","b. 9-15","d. avance 70%+","30","855.11",
"base","202606","c. 16-30","a. avance <10%","-1","439751.62","166"
"act","202606","c. 16-30","a. avance <10%","2","6041.6",
"act","202606","c. 16-30","a. avance <10%","3","4970.0",
"act","202606","c. 16-30","a. avance <10%","4","3014.27",
"act","202606","c. 16-30","a. avance <10%","5","4586.26",
"act","202606","c. 16-30","a. avance <10%","6","2076.95",
"act","202606","c. 16-30","a. avance <10%","8","3883.74",
"act","202606","c. 16-30","a. avance <10%","9","11486.46",
"act","202606","c. 16-30","a. avance <10%","10","323.2",
"act","202606","c. 16-30","a. avance <10%","12","1513.5",
"act","202606","c. 16-30","a. avance <10%","13","462.12",
"act","202606","c. 16-30","a. avance <10%","16","3444.57",
"act","202606","c. 16-30","a. avance <10%","19","5480.48",
"act","202606","c. 16-30","a. avance <10%","20","8039.07",
"act","202606","c. 16-30","a. avance <10%","25","3013.06",
"act","202606","c. 16-30","a. avance <10%","26","9803.71",
"base","202606","c. 16-30","b. avance 10-40%","-1","301493.85","165"
"act","202606","c. 16-30","b. avance 10-40%","1","9086.73",
"act","202606","c. 16-30","b. avance 10-40%","2","4717.04",
"act","202606","c. 16-30","b. avance 10-40%","3","14544.29",
"act","202606","c. 16-30","b. avance 10-40%","4","1157.74",
"act","202606","c. 16-30","b. avance 10-40%","5","2246.6",
"act","202606","c. 16-30","b. avance 10-40%","6","10271.13",
"act","202606","c. 16-30","b. avance 10-40%","7","1545.47",
"act","202606","c. 16-30","b. avance 10-40%","8","5580.77",
"act","202606","c. 16-30","b. avance 10-40%","9","4227.83",
"act","202606","c. 16-30","b. avance 10-40%","10","3495.14",
"act","202606","c. 16-30","b. avance 10-40%","11","7344.79",
"act","202606","c. 16-30","b. avance 10-40%","15","124.94",
"act","202606","c. 16-30","b. avance 10-40%","16","8416.76",
"act","202606","c. 16-30","b. avance 10-40%","17","5313.86",
"act","202606","c. 16-30","b. avance 10-40%","18","1224.29",
"act","202606","c. 16-30","b. avance 10-40%","19","4123.21",
"act","202606","c. 16-30","b. avance 10-40%","21","569.69",
"act","202606","c. 16-30","b. avance 10-40%","22","4426.93",
"act","202606","c. 16-30","b. avance 10-40%","23","2183.61",
"act","202606","c. 16-30","b. avance 10-40%","24","3949.46",
"act","202606","c. 16-30","b. avance 10-40%","25","3120.82",
"act","202606","c. 16-30","b. avance 10-40%","27","756.98",
"act","202606","c. 16-30","b. avance 10-40%","30","7192.97",
"base","202606","c. 16-30","c. avance 40-70%","-1","148034.03","123"
"act","202606","c. 16-30","c. avance 40-70%","1","6655.61",
"act","202606","c. 16-30","c. avance 40-70%","2","21241.64",
"act","202606","c. 16-30","c. avance 40-70%","3","5526.71",
"act","202606","c. 16-30","c. avance 40-70%","4","5522.72",
"act","202606","c. 16-30","c. avance 40-70%","5","5261.68",
"act","202606","c. 16-30","c. avance 40-70%","6","1727.19",
"act","202606","c. 16-30","c. avance 40-70%","7","4118.42",
"act","202606","c. 16-30","c. avance 40-70%","8","3406.7",
"act","202606","c. 16-30","c. avance 40-70%","9","3910.67",
"act","202606","c. 16-30","c. avance 40-70%","10","1285.47",
"act","202606","c. 16-30","c. avance 40-70%","11","1142.89",
"act","202606","c. 16-30","c. avance 40-70%","12","901.55",
"act","202606","c. 16-30","c. avance 40-70%","13","1397.98",
"act","202606","c. 16-30","c. avance 40-70%","15","3400.15",
"act","202606","c. 16-30","c. avance 40-70%","16","5469.23",
"act","202606","c. 16-30","c. avance 40-70%","17","2980.78",
"act","202606","c. 16-30","c. avance 40-70%","18","3428.94",
"act","202606","c. 16-30","c. avance 40-70%","20","209.52",
"act","202606","c. 16-30","c. avance 40-70%","23","1334.19",
"act","202606","c. 16-30","c. avance 40-70%","24","2388.55",
"act","202606","c. 16-30","c. avance 40-70%","25","894.99",
"act","202606","c. 16-30","c. avance 40-70%","27","185.69",
"act","202606","c. 16-30","c. avance 40-70%","28","778.46",
"base","202606","c. 16-30","d. avance 70%+","-1","21597.94","48"
"act","202606","c. 16-30","d. avance 70%+","1","4751.24",
"act","202606","c. 16-30","d. avance 70%+","2","816.03",
"act","202606","c. 16-30","d. avance 70%+","3","206.24",
"act","202606","c. 16-30","d. avance 70%+","4","1005.85",
"act","202606","c. 16-30","d. avance 70%+","5","231.98",
"act","202606","c. 16-30","d. avance 70%+","10","622.54",
"act","202606","c. 16-30","d. avance 70%+","11","424.66",
"act","202606","c. 16-30","d. avance 70%+","13","319.36",
"act","202606","c. 16-30","d. avance 70%+","14","159.99",
"act","202606","c. 16-30","d. avance 70%+","18","794.49",
"act","202606","c. 16-30","d. avance 70%+","20","280.59",
"act","202606","c. 16-30","d. avance 70%+","23","412.46",
"act","202606","c. 16-30","d. avance 70%+","27","335.84",
"act","202606","c. 16-30","d. avance 70%+","30","172.23",
"base","202607","a. 1-8","a. avance <10%","-1","498584.83","202"
"act","202607","a. 1-8","a. avance <10%","1","58893.23",
"act","202607","a. 1-8","a. avance <10%","2","45454.99",
"act","202607","a. 1-8","a. avance <10%","3","28592.84",
"act","202607","a. 1-8","a. avance <10%","4","14174.68",
"act","202607","a. 1-8","a. avance <10%","6","33285.06",
"act","202607","a. 1-8","a. avance <10%","7","4429.82",
"act","202607","a. 1-8","a. avance <10%","8","9291.04",
"act","202607","a. 1-8","a. avance <10%","9","8317.56",
"act","202607","a. 1-8","a. avance <10%","10","10688.19",
"act","202607","a. 1-8","a. avance <10%","11","4277.81",
"act","202607","a. 1-8","a. avance <10%","13","1990.99",
"act","202607","a. 1-8","a. avance <10%","14","2755.01",
"act","202607","a. 1-8","a. avance <10%","15","9566.92",
"act","202607","a. 1-8","a. avance <10%","16","1975.14",
"act","202607","a. 1-8","a. avance <10%","18","10273.58",
"act","202607","a. 1-8","a. avance <10%","19","4354.55",
"act","202607","a. 1-8","a. avance <10%","20","12803.06",
"act","202607","a. 1-8","a. avance <10%","21","18260.83",
"act","202607","a. 1-8","a. avance <10%","22","7673.92",
"act","202607","a. 1-8","a. avance <10%","23","8436.98",
"act","202607","a. 1-8","a. avance <10%","24","12799.64",
"act","202607","a. 1-8","a. avance <10%","25","6444.42",
"act","202607","a. 1-8","a. avance <10%","27","9273.09",
"act","202607","a. 1-8","a. avance <10%","30","15448.16",
"act","202607","a. 1-8","a. avance <10%","31","7977.03",
"base","202607","a. 1-8","b. avance 10-40%","-1","713733.48","394"
"act","202607","a. 1-8","b. avance 10-40%","1","88044.8",
"act","202607","a. 1-8","b. avance 10-40%","2","61742.14",
"act","202607","a. 1-8","b. avance 10-40%","3","63659.17",
"act","202607","a. 1-8","b. avance 10-40%","4","12528.69",
"act","202607","a. 1-8","b. avance 10-40%","5","6332.17",
"act","202607","a. 1-8","b. avance 10-40%","6","35949.45",
"act","202607","a. 1-8","b. avance 10-40%","7","18978.04",
"act","202607","a. 1-8","b. avance 10-40%","8","23509.78",
"act","202607","a. 1-8","b. avance 10-40%","9","14149.33",
"act","202607","a. 1-8","b. avance 10-40%","10","17340.13",
"act","202607","a. 1-8","b. avance 10-40%","11","14510.53",
"act","202607","a. 1-8","b. avance 10-40%","12","1021.39",
"act","202607","a. 1-8","b. avance 10-40%","13","2798.14",
"act","202607","a. 1-8","b. avance 10-40%","14","6570.71",
"act","202607","a. 1-8","b. avance 10-40%","15","11046.73",
"act","202607","a. 1-8","b. avance 10-40%","16","7792.24",
"act","202607","a. 1-8","b. avance 10-40%","17","10465.41",
"act","202607","a. 1-8","b. avance 10-40%","18","3708.17",
"act","202607","a. 1-8","b. avance 10-40%","20","718.3",
"act","202607","a. 1-8","b. avance 10-40%","21","2600.25",
"act","202607","a. 1-8","b. avance 10-40%","22","2553.05",
"act","202607","a. 1-8","b. avance 10-40%","23","1083.98",
"act","202607","a. 1-8","b. avance 10-40%","24","16622.78",
"act","202607","a. 1-8","b. avance 10-40%","25","12854.09",
"act","202607","a. 1-8","b. avance 10-40%","26","2169.25",
"act","202607","a. 1-8","b. avance 10-40%","27","12794.59",
"act","202607","a. 1-8","b. avance 10-40%","28","6019.95",
"act","202607","a. 1-8","b. avance 10-40%","29","7485.34",
"act","202607","a. 1-8","b. avance 10-40%","30","25687.69",
"act","202607","a. 1-8","b. avance 10-40%","31","23661.22",
"base","202607","a. 1-8","c. avance 40-70%","-1","288295.99","301"
"act","202607","a. 1-8","c. avance 40-70%","1","44981.06",
"act","202607","a. 1-8","c. avance 40-70%","2","18727.1",
"act","202607","a. 1-8","c. avance 40-70%","3","19891.71",
"act","202607","a. 1-8","c. avance 40-70%","4","10678.69",
"act","202607","a. 1-8","c. avance 40-70%","5","3133.86",
"act","202607","a. 1-8","c. avance 40-70%","6","7948.01",
"act","202607","a. 1-8","c. avance 40-70%","7","18580.26",
"act","202607","a. 1-8","c. avance 40-70%","8","5253.15",
"act","202607","a. 1-8","c. avance 40-70%","9","4207.38",
"act","202607","a. 1-8","c. avance 40-70%","10","2365.1",
"act","202607","a. 1-8","c. avance 40-70%","11","8009.02",
"act","202607","a. 1-8","c. avance 40-70%","12","782.79",
"act","202607","a. 1-8","c. avance 40-70%","13","831.9",
"act","202607","a. 1-8","c. avance 40-70%","14","7977.34",
"act","202607","a. 1-8","c. avance 40-70%","15","6462.31",
"act","202607","a. 1-8","c. avance 40-70%","16","2794.76",
"act","202607","a. 1-8","c. avance 40-70%","17","11310.21",
"act","202607","a. 1-8","c. avance 40-70%","19","1585.9",
"act","202607","a. 1-8","c. avance 40-70%","20","5349.67",
"act","202607","a. 1-8","c. avance 40-70%","21","2990.73",
"act","202607","a. 1-8","c. avance 40-70%","22","3290.32",
"act","202607","a. 1-8","c. avance 40-70%","23","2273.31",
"act","202607","a. 1-8","c. avance 40-70%","24","2454.26",
"act","202607","a. 1-8","c. avance 40-70%","25","9116.98",
"act","202607","a. 1-8","c. avance 40-70%","26","5130.03",
"act","202607","a. 1-8","c. avance 40-70%","27","14139.91",
"act","202607","a. 1-8","c. avance 40-70%","28","3272.75",
"act","202607","a. 1-8","c. avance 40-70%","29","1424.88",
"act","202607","a. 1-8","c. avance 40-70%","30","6606.71",
"act","202607","a. 1-8","c. avance 40-70%","31","15909.89",
"base","202607","a. 1-8","d. avance 70%+","-1","57968.93","126"
"act","202607","a. 1-8","d. avance 70%+","1","8956.62",
"act","202607","a. 1-8","d. avance 70%+","2","2445.94",
"act","202607","a. 1-8","d. avance 70%+","3","6213.53",
"act","202607","a. 1-8","d. avance 70%+","4","1469.2",
"act","202607","a. 1-8","d. avance 70%+","5","1045.9",
"act","202607","a. 1-8","d. avance 70%+","6","794.05",
"act","202607","a. 1-8","d. avance 70%+","7","5001.81",
"act","202607","a. 1-8","d. avance 70%+","8","118.75",
"act","202607","a. 1-8","d. avance 70%+","9","1349.98",
"act","202607","a. 1-8","d. avance 70%+","10","452.89",
"act","202607","a. 1-8","d. avance 70%+","11","989.55",
"act","202607","a. 1-8","d. avance 70%+","12","771.84",
"act","202607","a. 1-8","d. avance 70%+","13","178.44",
"act","202607","a. 1-8","d. avance 70%+","14","5054.35",
"act","202607","a. 1-8","d. avance 70%+","16","3592.3",
"act","202607","a. 1-8","d. avance 70%+","17","880.57",
"act","202607","a. 1-8","d. avance 70%+","19","925.87",
"act","202607","a. 1-8","d. avance 70%+","20","1927.74",
"act","202607","a. 1-8","d. avance 70%+","21","607.93",
"act","202607","a. 1-8","d. avance 70%+","22","1592.48",
"act","202607","a. 1-8","d. avance 70%+","23","211.51",
"act","202607","a. 1-8","d. avance 70%+","24","289.95",
"act","202607","a. 1-8","d. avance 70%+","25","1740.98",
"act","202607","a. 1-8","d. avance 70%+","26","620.27",
"act","202607","a. 1-8","d. avance 70%+","27","205.04",
"act","202607","a. 1-8","d. avance 70%+","28","330.53",
"act","202607","a. 1-8","d. avance 70%+","29","683.9",
"act","202607","a. 1-8","d. avance 70%+","30","883.34",
"act","202607","a. 1-8","d. avance 70%+","31","1720.41",
"base","202607","b. 9-15","a. avance <10%","-1","333761.04","105"
"act","202607","b. 9-15","a. avance <10%","1","26528.31",
"act","202607","b. 9-15","a. avance <10%","2","7764.38",
"act","202607","b. 9-15","a. avance <10%","5","3852.91",
"act","202607","b. 9-15","a. avance <10%","6","7190.25",
"act","202607","b. 9-15","a. avance <10%","7","7474.86",
"act","202607","b. 9-15","a. avance <10%","8","2518.37",
"act","202607","b. 9-15","a. avance <10%","9","5182.05",
"act","202607","b. 9-15","a. avance <10%","10","10502.67",
"act","202607","b. 9-15","a. avance <10%","11","117.6",
"act","202607","b. 9-15","a. avance <10%","13","2594.59",
"act","202607","b. 9-15","a. avance <10%","14","17469.63",
"act","202607","b. 9-15","a. avance <10%","15","6212.25",
"act","202607","b. 9-15","a. avance <10%","16","7200.3",
"act","202607","b. 9-15","a. avance <10%","20","7871.08",
"act","202607","b. 9-15","a. avance <10%","21","1045.59",
"act","202607","b. 9-15","a. avance <10%","24","2724.36",
"act","202607","b. 9-15","a. avance <10%","25","4971.12",
"act","202607","b. 9-15","a. avance <10%","31","16179.37",
"base","202607","b. 9-15","b. avance 10-40%","-1","317135.6","168"
"act","202607","b. 9-15","b. avance 10-40%","1","47009.89",
"act","202607","b. 9-15","b. avance 10-40%","2","34987.56",
"act","202607","b. 9-15","b. avance 10-40%","3","11395.75",
"act","202607","b. 9-15","b. avance 10-40%","4","8779.51",
"act","202607","b. 9-15","b. avance 10-40%","5","2174.12",
"act","202607","b. 9-15","b. avance 10-40%","6","25983.43",
"act","202607","b. 9-15","b. avance 10-40%","7","10774.77",
"act","202607","b. 9-15","b. avance 10-40%","8","4473.6",
"act","202607","b. 9-15","b. avance 10-40%","9","4718.07",
"act","202607","b. 9-15","b. avance 10-40%","10","5796.81",
"act","202607","b. 9-15","b. avance 10-40%","11","2534.03",
"act","202607","b. 9-15","b. avance 10-40%","13","1372.93",
"act","202607","b. 9-15","b. avance 10-40%","14","6723.58",
"act","202607","b. 9-15","b. avance 10-40%","15","17172.7",
"act","202607","b. 9-15","b. avance 10-40%","16","1632.2",
"act","202607","b. 9-15","b. avance 10-40%","17","4187.76",
"act","202607","b. 9-15","b. avance 10-40%","18","2145.74",
"act","202607","b. 9-15","b. avance 10-40%","19","240.64",
"act","202607","b. 9-15","b. avance 10-40%","20","3829.38",
"act","202607","b. 9-15","b. avance 10-40%","21","1952.62",
"act","202607","b. 9-15","b. avance 10-40%","22","3105.35",
"act","202607","b. 9-15","b. avance 10-40%","23","1060.83",
"act","202607","b. 9-15","b. avance 10-40%","24","6813.91",
"act","202607","b. 9-15","b. avance 10-40%","27","2244.09",
"act","202607","b. 9-15","b. avance 10-40%","30","5789.55",
"base","202607","b. 9-15","c. avance 40-70%","-1","120476.29","136"
"act","202607","b. 9-15","c. avance 40-70%","1","7858.35",
"act","202607","b. 9-15","c. avance 40-70%","2","5572.36",
"act","202607","b. 9-15","c. avance 40-70%","3","7195.15",
"act","202607","b. 9-15","c. avance 40-70%","4","2526.93",
"act","202607","b. 9-15","c. avance 40-70%","5","1919.93",
"act","202607","b. 9-15","c. avance 40-70%","6","1402.82",
"act","202607","b. 9-15","c. avance 40-70%","7","9405.93",
"act","202607","b. 9-15","c. avance 40-70%","8","4671.14",
"act","202607","b. 9-15","c. avance 40-70%","9","3198.78",
"act","202607","b. 9-15","c. avance 40-70%","10","3384.63",
"act","202607","b. 9-15","c. avance 40-70%","11","1229.88",
"act","202607","b. 9-15","c. avance 40-70%","12","2713.6",
"act","202607","b. 9-15","c. avance 40-70%","14","5537.58",
"act","202607","b. 9-15","c. avance 40-70%","15","789.79",
"act","202607","b. 9-15","c. avance 40-70%","16","1973.27",
"act","202607","b. 9-15","c. avance 40-70%","17","2481.56",
"act","202607","b. 9-15","c. avance 40-70%","18","2682.82",
"act","202607","b. 9-15","c. avance 40-70%","19","2039.77",
"act","202607","b. 9-15","c. avance 40-70%","20","4265.65",
"act","202607","b. 9-15","c. avance 40-70%","21","2549.12",
"act","202607","b. 9-15","c. avance 40-70%","23","4065.83",
"act","202607","b. 9-15","c. avance 40-70%","27","1568.69",
"act","202607","b. 9-15","c. avance 40-70%","28","718.97",
"act","202607","b. 9-15","c. avance 40-70%","29","300.58",
"act","202607","b. 9-15","c. avance 40-70%","31","4462.04",
"base","202607","b. 9-15","d. avance 70%+","-1","26373.36","52"
"act","202607","b. 9-15","d. avance 70%+","1","4978.41",
"act","202607","b. 9-15","d. avance 70%+","2","820.27",
"act","202607","b. 9-15","d. avance 70%+","4","1270.91",
"act","202607","b. 9-15","d. avance 70%+","6","365.88",
"act","202607","b. 9-15","d. avance 70%+","7","215.11",
"act","202607","b. 9-15","d. avance 70%+","8","419.86",
"act","202607","b. 9-15","d. avance 70%+","10","2758.54",
"act","202607","b. 9-15","d. avance 70%+","14","3244.92",
"act","202607","b. 9-15","d. avance 70%+","15","3598.38",
"act","202607","b. 9-15","d. avance 70%+","16","958.83",
"act","202607","b. 9-15","d. avance 70%+","17","568.01",
"act","202607","b. 9-15","d. avance 70%+","20","667.89",
"act","202607","b. 9-15","d. avance 70%+","21","1225.6",
"act","202607","b. 9-15","d. avance 70%+","22","710.1",
"act","202607","b. 9-15","d. avance 70%+","23","587.81",
"act","202607","b. 9-15","d. avance 70%+","24","78.64",
"act","202607","b. 9-15","d. avance 70%+","28","139.73",
"act","202607","b. 9-15","d. avance 70%+","30","340.58",
"base","202607","c. 16-30","a. avance <10%","-1","389846.77","141"
"act","202607","c. 16-30","a. avance <10%","1","15148.49",
"act","202607","c. 16-30","a. avance <10%","2","3942.62",
"act","202607","c. 16-30","a. avance <10%","3","9945.28",
"act","202607","c. 16-30","a. avance <10%","4","1852.97",
"act","202607","c. 16-30","a. avance <10%","5","4208.57",
"act","202607","c. 16-30","a. avance <10%","6","9599.17",
"act","202607","c. 16-30","a. avance <10%","7","3363.83",
"act","202607","c. 16-30","a. avance <10%","8","4501.85",
"act","202607","c. 16-30","a. avance <10%","9","7621.8",
"act","202607","c. 16-30","a. avance <10%","10","210.9",
"act","202607","c. 16-30","a. avance <10%","11","16050.44",
"act","202607","c. 16-30","a. avance <10%","12","8123.05",
"act","202607","c. 16-30","a. avance <10%","14","18052.39",
"act","202607","c. 16-30","a. avance <10%","15","502.9",
"act","202607","c. 16-30","a. avance <10%","16","1648.0",
"act","202607","c. 16-30","a. avance <10%","17","1689.14",
"act","202607","c. 16-30","a. avance <10%","22","3355.33",
"act","202607","c. 16-30","a. avance <10%","24","1066.02",
"act","202607","c. 16-30","a. avance <10%","26","2872.92",
"act","202607","c. 16-30","a. avance <10%","31","262.8",
"base","202607","c. 16-30","b. avance 10-40%","-1","378042.99","191"
"act","202607","c. 16-30","b. avance 10-40%","1","16164.54",
"act","202607","c. 16-30","b. avance 10-40%","2","17059.15",
"act","202607","c. 16-30","b. avance 10-40%","3","4545.87",
"act","202607","c. 16-30","b. avance 10-40%","4","4436.14",
"act","202607","c. 16-30","b. avance 10-40%","5","6456.51",
"act","202607","c. 16-30","b. avance 10-40%","6","12100.56",
"act","202607","c. 16-30","b. avance 10-40%","7","9481.21",
"act","202607","c. 16-30","b. avance 10-40%","8","5676.18",
"act","202607","c. 16-30","b. avance 10-40%","9","13016.04",
"act","202607","c. 16-30","b. avance 10-40%","10","10967.39",
"act","202607","c. 16-30","b. avance 10-40%","11","3242.56",
"act","202607","c. 16-30","b. avance 10-40%","12","1400.39",
"act","202607","c. 16-30","b. avance 10-40%","14","3616.16",
"act","202607","c. 16-30","b. avance 10-40%","15","7223.03",
"act","202607","c. 16-30","b. avance 10-40%","16","16568.81",
"act","202607","c. 16-30","b. avance 10-40%","17","5066.04",
"act","202607","c. 16-30","b. avance 10-40%","19","988.72",
"act","202607","c. 16-30","b. avance 10-40%","20","12501.5",
"act","202607","c. 16-30","b. avance 10-40%","23","1474.19",
"act","202607","c. 16-30","b. avance 10-40%","24","6146.62",
"act","202607","c. 16-30","b. avance 10-40%","25","1550.42",
"act","202607","c. 16-30","b. avance 10-40%","26","3645.94",
"act","202607","c. 16-30","b. avance 10-40%","30","894.71",
"act","202607","c. 16-30","b. avance 10-40%","31","12917.3",
"base","202607","c. 16-30","c. avance 40-70%","-1","127707.79","131"
"act","202607","c. 16-30","c. avance 40-70%","1","10260.06",
"act","202607","c. 16-30","c. avance 40-70%","2","8015.8",
"act","202607","c. 16-30","c. avance 40-70%","3","3384.68",
"act","202607","c. 16-30","c. avance 40-70%","4","2666.11",
"act","202607","c. 16-30","c. avance 40-70%","5","3109.9",
"act","202607","c. 16-30","c. avance 40-70%","6","3091.38",
"act","202607","c. 16-30","c. avance 40-70%","7","4412.59",
"act","202607","c. 16-30","c. avance 40-70%","8","1374.49",
"act","202607","c. 16-30","c. avance 40-70%","10","883.04",
"act","202607","c. 16-30","c. avance 40-70%","11","3740.57",
"act","202607","c. 16-30","c. avance 40-70%","12","1522.69",
"act","202607","c. 16-30","c. avance 40-70%","13","1129.2",
"act","202607","c. 16-30","c. avance 40-70%","14","10284.74",
"act","202607","c. 16-30","c. avance 40-70%","15","4142.9",
"act","202607","c. 16-30","c. avance 40-70%","16","4664.37",
"act","202607","c. 16-30","c. avance 40-70%","17","869.51",
"act","202607","c. 16-30","c. avance 40-70%","18","1270.4",
"act","202607","c. 16-30","c. avance 40-70%","19","1105.92",
"act","202607","c. 16-30","c. avance 40-70%","20","1594.36",
"act","202607","c. 16-30","c. avance 40-70%","21","1345.05",
"act","202607","c. 16-30","c. avance 40-70%","22","627.63",
"act","202607","c. 16-30","c. avance 40-70%","23","1094.62",
"act","202607","c. 16-30","c. avance 40-70%","25","3297.61",
"base","202607","c. 16-30","d. avance 70%+","-1","22705.68","45"
"act","202607","c. 16-30","d. avance 70%+","1","450.56",
"act","202607","c. 16-30","d. avance 70%+","2","368.59",
"act","202607","c. 16-30","d. avance 70%+","3","1613.07",
"act","202607","c. 16-30","d. avance 70%+","6","217.57",
"act","202607","c. 16-30","d. avance 70%+","7","2724.11",
"act","202607","c. 16-30","d. avance 70%+","8","1692.18",
"act","202607","c. 16-30","d. avance 70%+","9","212.04",
"act","202607","c. 16-30","d. avance 70%+","10","630.23",
"act","202607","c. 16-30","d. avance 70%+","13","1680.41",
"act","202607","c. 16-30","d. avance 70%+","14","1691.41",
"act","202607","c. 16-30","d. avance 70%+","15","145.72",
"act","202607","c. 16-30","d. avance 70%+","16","736.87",
"act","202607","c. 16-30","d. avance 70%+","17","400.4",
"act","202607","c. 16-30","d. avance 70%+","27","459.32",
"act","202607","c. 16-30","d. avance 70%+","28","213.01",
"act","202607","c. 16-30","d. avance 70%+","29","637.94",
"act","202607","c. 16-30","d. avance 70%+","30","1929.29",
